full_image_id,patient_id,binary_pathology,predicted_probability,label,outcome,lesion_group,roi_foreground_fraction,n_roi_masks,roi_size_group,pointing_game_hit,energy_inside_roi,inside_outside_activation_ratio,iou_top_10,iou_top_20,iou_top_30,method
0026c10a-140b-40a5-8af1-a44930cd296b,P_00136,MALIGNANT,0.6864877,1,TP,calcification,0.0068511962890625,2,large,0,0.0001581514779368,0.022929239099431,0.0,0.0,0.0,Grad-CAM
0026c10a-140b-40a5-8af1-a44930cd296b,P_00136,MALIGNANT,0.6864877,1,TP,calcification,0.0068511962890625,2,large,0,0.0025798774630240383,0.3749460577149914,0.0,0.0,0.0,Grad-CAM++
0026c10a-140b-40a5-8af1-a44930cd296b,P_00136,MALIGNANT,0.6864877,1,TP,calcification,0.0068511962890625,2,large,0,0.02210303437767743,3.2764744313049063,0.026871471515507003,0.0068511962890625,0.0068511962890625,Integrated Gradients
00ed72af-5564-4328-a084-ca4efde462d8,P_01401,BENIGN,0.2041321,0,TN,calcification,0.00240325927734375,1,medium,0,0.0166968043183535,7.04855427471738,0.0219269861814305,0.0120151047030552,0.0080108846305456,Grad-CAM
00ed72af-5564-4328-a084-ca4efde462d8,P_01401,BENIGN,0.2041321,0,TN,calcification,0.00240325927734375,1,medium,0,0.011737589996234567,4.930161219658349,0.019830566424799606,0.01201625054836064,0.00801088463054563,Grad-CAM++
00ed72af-5564-4328-a084-ca4efde462d8,P_01401,BENIGN,0.2041321,0,TN,calcification,0.00240325927734375,1,medium,0,0.012753413753189903,5.36235140983106,0.013822274255070056,0.00240325927734375,0.00240325927734375,Integrated Gradients
024d90c3-f4f4-400b-a96b-4d841a0e94b2,P_01847,MALIGNANT,0.73745954,1,TP,calcification,0.004329681396484375,1,medium,0,0.0184191447728966,4.315219709175089,0.0370847868951918,0.0216483244006179,0.0144323080248718,Grad-CAM
024d90c3-f4f4-400b-a96b-4d841a0e94b2,P_01847,MALIGNANT,0.73745954,1,TP,calcification,0.004329681396484375,1,medium,0,0.010732323767203416,2.494821370217122,0.020865215930723005,0.020169507665936576,0.014432308024871889,Grad-CAM++
024d90c3-f4f4-400b-a96b-4d841a0e94b2,P_01847,MALIGNANT,0.73745954,1,TP,calcification,0.004329681396484375,1,medium,0,0.01778786662232728,4.16464683409409,0.01691764268451385,0.004329681396484375,0.004329681396484375,Integrated Gradients
02547057-938f-45f5-8cee-9190b7bc1756,P_01441,MALIGNANT,0.3647697,1,FN,mass,0.00107574462890625,1,small,0,0.0,0.0,0.0,0.0,0.0,Grad-CAM
02547057-938f-45f5-8cee-9190b7bc1756,P_01441,MALIGNANT,0.3647697,1,FN,mass,0.00107574462890625,1,small,0,0.00378642768669602,3.529397471648349,0.00948643706187138,0.005378702626409049,0.003585824548910901,Grad-CAM++
02547057-938f-45f5-8cee-9190b7bc1756,P_01441,MALIGNANT,0.3647697,1,FN,mass,0.00107574462890625,1,small,0,0.01043725754368716,9.794143398016505,0.006610188808266535,0.00107574462890625,0.00107574462890625,Integrated Gradients
0314783a-5f7c-4d70-86c5-abbd00cee33f,P_01621,BENIGN,0.10861775,0,TN,mass,0.000858306884765625,1,small,0,0.0009837259406187,1.1462672678685686,0.0008706514744293,0.0022079256918801,0.0021211466893599,Grad-CAM
0314783a-5f7c-4d70-86c5-abbd00cee33f,P_01621,BENIGN,0.10861775,0,TN,mass,0.000858306884765625,1,small,0,0.0018311757030707264,2.135553589755181,0.0,0.0034685165421558164,0.002861030225194868,Grad-CAM++
0314783a-5f7c-4d70-86c5-abbd00cee33f,P_01621,BENIGN,0.10861775,0,TN,mass,0.000858306884765625,1,small,0,0.002045485741452684,2.3859986973019094,0.0025404770029954877,0.003086184561456984,0.000858306884765625,Integrated Gradients
05998a0d-e42a-4bef-b0f5-63ca1279e7ca,P_00717,MALIGNANT,0.7140215,1,TP,mass,0.001071929931640625,1,small,0,1.2747076860620512e-05,0.0118791091059119,0.0,0.0,0.0,Grad-CAM
05998a0d-e42a-4bef-b0f5-63ca1279e7ca,P_00717,MALIGNANT,0.7140215,1,TP,mass,0.001071929931640625,1,small,0,0.004622868577993736,4.328045354367066,0.01071905397673088,0.005359629212840222,0.003573108859021146,Grad-CAM++
05998a0d-e42a-4bef-b0f5-63ca1279e7ca,P_00717,MALIGNANT,0.7140215,1,TP,mass,0.001071929931640625,1,small,0,0.008567717399493148,8.053224718544861,0.006151742993848257,0.0037132247929163096,0.001071929931640625,Integrated Gradients
0984a0be-efef-4b18-94d3-792b14d585cb,P_00294,BENIGN,0.15257783,0,TN,mass,0.001621246337890625,1,medium,0,0.0011278572148318,0.6953289756796857,0.0002628318251792,0.0044850719321917,0.0036429641288619,Grad-CAM
0984a0be-efef-4b18-94d3-792b14d585cb,P_00294,BENIGN,0.15257783,0,TN,mass,0.001621246337890625,1,medium,0,0.0039791157702991796,2.460166196762487,0.0,0.008106200766751226,0.005404168203145862,Grad-CAM++
0984a0be-efef-4b18-94d3-792b14d585cb,P_00294,BENIGN,0.15257783,0,TN,mass,0.001621246337890625,1,medium,0,0.0138971871084407,8.678626161185793,0.009549795361527967,0.001621246337890625,0.001621246337890625,Integrated Gradients
0cd34fcf-ffd1-4177-9745-52f458d48484,P_01052,BENIGN,0.73253536,0,FP,mass,0.006992340087890625,1,large,0,0.004101569822829,0.5848775640020776,0.007543645376823,0.0060442005339661,0.0051835475449969,Grad-CAM
0cd34fcf-ffd1-4177-9745-52f458d48484,P_01052,BENIGN,0.73253536,0,FP,mass,0.006992340087890625,1,large,0,0.017218840467947402,2.4881525317436495,0.028944568766279027,0.02866350710900474,0.022397825009845895,Grad-CAM++
0cd34fcf-ffd1-4177-9745-52f458d48484,P_01052,BENIGN,0.73253536,0,FP,mass,0.006992340087890625,1,large,0,0.04498998257946416,6.690182263707349,0.032391048292108364,0.006992340087890625,0.006992340087890625,Integrated Gradients
0cf2d732-2a09-413e-8482-a315f410bb4e,P_00219,BENIGN,0.7108725,0,FP,mass,0.002574920654296875,1,medium,0,0.0002331197664342,0.090322657869115,0.0,0.0,0.0,Grad-CAM
0cf2d732-2a09-413e-8482-a315f410bb4e,P_00219,BENIGN,0.7108725,0,FP,mass,0.002574920654296875,1,medium,0,0.0022727351594687716,0.8823757284630916,0.0,0.0009990386609111987,0.0033014154344333836,Grad-CAM++
0cf2d732-2a09-413e-8482-a315f410bb4e,P_00219,BENIGN,0.7108725,0,FP,mass,0.002574920654296875,1,medium,0,0.013561677902756565,5.325495206821872,0.012348467735863263,0.002574920654296875,0.002574920654296875,Integrated Gradients
0d79dcba-a5a9-4c93-a3f9-7caf03ac253b,P_00775,BENIGN,0.2729681,0,TN,mass,0.017215728759765625,1,large,0,0.0215050148498368,1.254624461701431,0.0450278873622636,0.0372137926009581,0.0272476871580143,Grad-CAM
0d79dcba-a5a9-4c93-a3f9-7caf03ac253b,P_00775,BENIGN,0.2729681,0,TN,mass,0.017215728759765625,1,large,0,0.04760225831249661,2.8532636648237975,0.06761170175804322,0.0810882648895977,0.05738590847246417,Grad-CAM++
0d79dcba-a5a9-4c93-a3f9-7caf03ac253b,P_00775,BENIGN,0.2729681,0,TN,mass,0.017215728759765625,1,large,0,0.1160939078929899,7.497837579858767,0.07286756747320275,0.05171585829854826,0.017215728759765625,Integrated Gradients
0dcb1379-baff-4506-8628-33175b9d5f7e,P_01577,BENIGN,0.08378661,0,TN,calcification,0.000164031982421875,1,small,0,0.0,0.0,0.0,0.0,0.0,Grad-CAM
0dcb1379-baff-4506-8628-33175b9d5f7e,P_01577,BENIGN,0.08378661,0,TN,calcification,0.000164031982421875,1,small,0,0.0008397466332668471,5.1228698191194875,0.0016402822811367537,0.0008201567834595358,0.0005467746652594636,Grad-CAM++
0dcb1379-baff-4506-8628-33175b9d5f7e,P_01577,BENIGN,0.08378661,0,TN,calcification,0.000164031982421875,1,small,0,0.0007908399638744105,4.824278333734377,0.0006478411645897641,0.000164031982421875,0.000164031982421875,Integrated Gradients
0ea80d1b-3a79-4e2f-b450-527a2e0d7488,P_01426,MALIGNANT,0.79434687,1,TP,mass,0.00289154052734375,1,medium,0,0.0004572107068986,0.1577349922426155,0.0,0.0,0.0,Grad-CAM
0ea80d1b-3a79-4e2f-b450-527a2e0d7488,P_01426,MALIGNANT,0.79434687,1,TP,mass,0.00289154052734375,1,medium,0,0.005199485495856575,1.8023433454780629,0.006605463502015226,0.014457647485170422,0.009638492936434265,Grad-CAM++
0ea80d1b-3a79-4e2f-b450-527a2e0d7488,P_01426,MALIGNANT,0.79434687,1,TP,mass,0.00289154052734375,1,medium,0,0.017321339635290874,6.078312771632844,0.013717678893565845,0.00289154052734375,0.00289154052734375,Integrated Gradients
10e556dd-5b50-4d69-9b44-74dab4afa054,P_00411,BENIGN,0.13158236,0,TN,mass,0.002536773681640625,1,medium,0,0.0010111093571108,0.397972027513574,0.0,0.0015846066779852,0.008455933776687,Grad-CAM
10e556dd-5b50-4d69-9b44-74dab4afa054,P_00411,BENIGN,0.13158236,0,TN,mass,0.002536773681640625,1,medium,0,0.003648085845621058,1.439685149247618,0.0,0.004787948751916126,0.008455933776687054,Grad-CAM++
10e556dd-5b50-4d69-9b44-74dab4afa054,P_00411,BENIGN,0.13158236,0,TN,mass,0.002536773681640625,1,medium,0,0.012184632098038618,4.850112781418767,0.01453104359313078,0.002536773681640625,0.002536773681640625,Integrated Gradients
10f81c3d-da36-4f9c-a198-4d4d3e09591f,P_01401,BENIGN,0.0679328,0,TN,calcification,0.001888275146484375,1,medium,0,0.0,0.0,0.0,0.0018882751464843,0.0018882751464843,Grad-CAM
10f81c3d-da36-4f9c-a198-4d4d3e09591f,P_01401,BENIGN,0.0679328,0,TN,calcification,0.001888275146484375,1,medium,0,0.00500538257742698,2.659074204154723,0.0007493443237167478,0.009441339716569075,0.006294266495428709,Grad-CAM++
10f81c3d-da36-4f9c-a198-4d4d3e09591f,P_01401,BENIGN,0.0679328,0,TN,calcification,0.001888275146484375,1,medium,0,0.007142004566060494,3.802304292253148,0.008571536457349998,0.001888275146484375,0.001888275146484375,Integrated Gradients
11cc6dc6-aba5-483c-b97d-1eb69c752977,P_00503,BENIGN,0.33487514,0,TN,calcification,0.002262115478515625,1,medium,0,0.0,0.0,0.0,0.0,0.0,Grad-CAM
11cc6dc6-aba5-483c-b97d-1eb69c752977,P_00503,BENIGN,0.33487514,0,TN,calcification,0.002262115478515625,1,medium,0,0.007943682070080326,3.531728105816217,0.012692656391659111,0.011310534246314063,0.007540404104624697,Grad-CAM++
11cc6dc6-aba5-483c-b97d-1eb69c752977,P_00503,BENIGN,0.33487514,0,TN,calcification,0.002262115478515625,1,medium,1,0.022578108619465364,10.188428893158413,0.012654402598874325,0.002262115478515625,0.002262115478515625,Integrated Gradients
12d98e2e-1d58-44a7-855c-8d7385eb02fd,P_01362,BENIGN,0.24076836,0,TN,calcification,0.00106048583984375,1,small,0,0.0012117759200384,1.1428339137823609,0.001171491194921,0.002358176596999,0.0019421172886519,Grad-CAM
12d98e2e-1d58-44a7-855c-8d7385eb02fd,P_01362,BENIGN,0.24076836,0,TN,calcification,0.00106048583984375,1,small,0,0.0011259499345030344,1.0617998722399937,0.0,0.0,0.0030885380919698007,Grad-CAM++
12d98e2e-1d58-44a7-855c-8d7385eb02fd,P_01362,BENIGN,0.24076836,0,TN,calcification,0.00106048583984375,1,small,0,0.00731563663920846,6.941850163999258,0.005121784657409515,0.00106048583984375,0.00106048583984375,Integrated Gradients
1303e1d5-07d5-4caf-a908-c6110b643286,P_00112,BENIGN,0.86560327,0,FP,calcification,0.0030059814453125,4,medium,0,0.0049474753907102,1.6490880571663349,0.0,0.0123073996575993,0.0095184841591582,Grad-CAM
1303e1d5-07d5-4caf-a908-c6110b643286,P_00112,BENIGN,0.86560327,0,FP,calcification,0.0030059814453125,4,medium,0,0.009926220797154562,3.3252380489234885,0.02493737189706217,0.014372033623696701,0.010019963633126915,Grad-CAM++
1303e1d5-07d5-4caf-a908-c6110b643286,P_00112,BENIGN,0.86560327,0,FP,calcification,0.0030059814453125,4,medium,0,0.022917079365528562,7.779185239785101,0.015150375939849624,0.0030059814453125,0.0030059814453125,Integrated Gradients
1330935a-51e0-4f7c-bfdd-1f6eeb7c3213,P_00753,MALIGNANT,0.9591037,1,TP,mass,0.00296783447265625,1,medium,0,0.0279471123161607,9.65865174123585,0.0296776654587068,0.0148391157565469,0.0098928067342293,Grad-CAM
1330935a-51e0-4f7c-bfdd-1f6eeb7c3213,P_00753,MALIGNANT,0.9591037,1,TP,mass,0.00296783447265625,1,medium,0,0.01830217469055172,6.26317220269615,0.029677665458706846,0.01483911575654695,0.009892806734229365,Grad-CAM++
1330935a-51e0-4f7c-bfdd-1f6eeb7c3213,P_00753,MALIGNANT,0.9591037,1,TP,mass,0.00296783447265625,1,medium,1,0.0897127666660001,33.108940287992496,0.0176053683178768,0.00296783447265625,0.00296783447265625,Integrated Gradients
14067339-c113-4066-aaf4-944b9c4ef100,P_00926,BENIGN,0.18192093,0,TN,calcification,0.003002166748046875,1,medium,0,0.0002589836461012,0.0860288664755854,0.0,0.0,0.0045019980777985,Grad-CAM
14067339-c113-4066-aaf4-944b9c4ef100,P_00926,BENIGN,0.18192093,0,TN,calcification,0.003002166748046875,1,medium,0,0.0016883669833560769,0.561642719788262,0.0,0.0,0.000856833245129911,Grad-CAM++
14067339-c113-4066-aaf4-944b9c4ef100,P_00926,BENIGN,0.18192093,0,TN,calcification,0.003002166748046875,1,medium,0,0.00953699922878696,3.1976645205938787,0.010705195388531217,0.003002166748046875,0.003002166748046875,Integrated Gradients
14b2159c-be37-4294-ba76-f12991377a99,P_00308,BENIGN,0.22546373,0,TN,calcification,0.002361297607421875,1,medium,0,0.0001376152321893,0.058149866179362,0.0,0.0,0.0,Grad-CAM
14b2159c-be37-4294-ba76-f12991377a99,P_00308,BENIGN,0.22546373,0,TN,calcification,0.002361297607421875,1,medium,0,0.0006177517288212444,0.2611589491344966,0.0,0.0,0.0,Grad-CAM++
14b2159c-be37-4294-ba76-f12991377a99,P_00308,BENIGN,0.22546373,0,TN,calcification,0.002361297607421875,1,medium,0,0.0035140593852491836,1.4899115950338027,0.004078578110383536,0.005782757901522477,0.002361297607421875,Integrated Gradients
16de48ae-c498-4631-9b15-3b6589675d17,P_01417,BENIGN,0.15207456,0,TN,mass,0.004581451416015625,1,medium,0,0.0,0.0,0.0,0.0,0.0,Grad-CAM
16de48ae-c498-4631-9b15-3b6589675d17,P_01417,BENIGN,0.15207456,0,TN,mass,0.004581451416015625,1,medium,0,0.021931442939072204,4.871924594283685,0.04581346557314515,0.022907169696160523,0.015268825406511817,Grad-CAM++
16de48ae-c498-4631-9b15-3b6589675d17,P_01417,BENIGN,0.15207456,0,TN,mass,0.004581451416015625,1,medium,0,0.052908710229618995,12.137742648139241,0.024093235217212655,0.004581451416015625,0.004581451416015625,Integrated Gradients
1830df32-f65c-4f41-bec7-fbd2dbfc784a,P_00294,BENIGN,0.06599891,0,TN,mass,0.00116729736328125,1,small,0,0.0,0.0,0.0,0.0,0.0,Grad-CAM
1830df32-f65c-4f41-bec7-fbd2dbfc784a,P_00294,BENIGN,0.06599891,0,TN,mass,0.00116729736328125,1,small,0,0.00574864067338526,4.947435934399854,0.011672706465763875,0.005836464552060883,0.0038910011062650205,Grad-CAM++
1830df32-f65c-4f41-bec7-fbd2dbfc784a,P_00294,BENIGN,0.06599891,0,TN,mass,0.00116729736328125,1,small,0,0.010269432551707036,8.878521038179155,0.006795231948978817,0.00116729736328125,0.00116729736328125,Integrated Gradients
186fcf1b-4a2a-4d60-9a1a-8abab682b999,P_01680,BENIGN,0.36721426,0,TN,mass,0.001865386962890625,1,medium,0,0.0,0.0,0.0,0.0,0.0,Grad-CAM
186fcf1b-4a2a-4d60-9a1a-8abab682b999,P_01680,BENIGN,0.36721426,0,TN,mass,0.001865386962890625,1,medium,0,0.0032337474644079725,1.735933005478932,0.000562029300460864,0.004823029014127298,0.005949354215397132,Grad-CAM++
186fcf1b-4a2a-4d60-9a1a-8abab682b999,P_01680,BENIGN,0.36721426,0,TN,mass,0.001865386962890625,1,medium,0,0.0032366288953035987,1.73748461802702,0.004665161775771256,0.001865386962890625,0.001865386962890625,Integrated Gradients
18986dee-6565-439b-b654-3a6a933ade25,P_00276,BENIGN,0.38347232,0,TN,calcification,0.001155853271484375,1,small,0,0.0040131845233361,3.4820142832846783,0.0093635809987819,0.0057785830075331,0.0038528540365957,Grad-CAM
18986dee-6565-439b-b654-3a6a933ade25,P_00276,BENIGN,0.38347232,0,TN,calcification,0.001155853271484375,1,small,0,0.0031458700777813263,2.727119489969432,0.0003017729158807997,0.005778472804943169,0.0038528540365957557,Grad-CAM++
18986dee-6565-439b-b654-3a6a933ade25,P_00276,BENIGN,0.38347232,0,TN,calcification,0.001155853271484375,1,small,1,0.012693377239175626,11.110155798252162,0.006184784670840448,0.001155853271484375,0.001155853271484375,Integrated Gradients
19abec85-4ac9-4321-9fbe-03af4c7e1c01,P_00951,MALIGNANT,0.5641011,1,TP,mass,0.002574920654296875,1,medium,0,0.0,0.0,0.0,0.0,0.0,Grad-CAM
19abec85-4ac9-4321-9fbe-03af4c7e1c01,P_00951,MALIGNANT,0.5641011,1,TP,mass,0.002574920654296875,1,medium,0,0.0022933507961707903,0.8903978840479545,0.0,0.0,0.0038093068580178947,Grad-CAM++
19abec85-4ac9-4321-9fbe-03af4c7e1c01,P_00951,MALIGNANT,0.5641011,1,TP,mass,0.002574920654296875,1,medium,0,0.013853957477341961,5.441879801827593,0.011434589633641766,0.002574920654296875,0.002574920654296875,Integrated Gradients
1ba1c13d-7d16-4f6c-92ad-7974b6d7d6bf,P_01766,BENIGN,0.107845806,0,TN,calcification,0.00409698486328125,1,medium,0,0.0125357698234245,3.085902800632111,0.0151402425414775,0.0113604143432319,0.008475969992536,Grad-CAM
1ba1c13d-7d16-4f6c-92ad-7974b6d7d6bf,P_01766,BENIGN,0.107845806,0,TN,calcification,0.00409698486328125,1,medium,0,0.030437900346067533,7.631179385186223,0.04096891092885752,0.02048484617291957,0.013656650941596836,Grad-CAM++
1ba1c13d-7d16-4f6c-92ad-7974b6d7d6bf,P_01766,BENIGN,0.107845806,0,TN,calcification,0.00409698486328125,1,medium,0,0.040356329932232496,10.222435048357271,0.024054338036625638,0.00409698486328125,0.00409698486328125,Integrated Gradients
1ceba43d-300f-417c-bd27-72924b8c7d1c,P_00747,BENIGN,0.058662947,0,TN,mass,0.002140045166015625,1,medium,0,0.0,0.0,0.0,0.0021400451660156,0.0021400451660156,Grad-CAM
1ceba43d-300f-417c-bd27-72924b8c7d1c,P_00747,BENIGN,0.058662947,0,TN,mass,0.002140045166015625,1,medium,0,0.014883742630175464,7.044843717295655,0.02139996185390044,0.010700185012111618,0.0071335020281525375,Grad-CAM++
1ceba43d-300f-417c-bd27-72924b8c7d1c,P_00747,BENIGN,0.058662947,0,TN,mass,0.002140045166015625,1,medium,0,0.010022145819063107,4.72043431077597,0.009196442032262928,0.002140045166015625,0.002140045166015625,Integrated Gradients
1e6158fc-bfca-42c8-bb9a-3240fab8038b,P_00238,BENIGN,0.6128952,0,FP,mass,0.000553131103515625,1,small,0,0.000162478674376,0.2936287314976062,0.0,0.0,0.0,Grad-CAM
1e6158fc-bfca-42c8-bb9a-3240fab8038b,P_00238,BENIGN,0.6128952,0,FP,mass,0.000553131103515625,1,small,0,0.0009932204376755032,1.7964243436424603,0.0,0.002689146148417981,0.0018437750340144705,Grad-CAM++
1e6158fc-bfca-42c8-bb9a-3240fab8038b,P_00238,BENIGN,0.6128952,0,FP,mass,0.000553131103515625,1,small,0,0.010561077902013959,19.286387416243933,0.0031586558587357767,0.000553131103515625,0.000553131103515625,Integrated Gradients
1ef86b48-a7a7-4f49-ac92-64d7eb38c4f1,P_01049,BENIGN,0.11594916,0,TN,calcification,0.00028228759765625,1,small,0,0.0,0.0,0.0,0.0,0.0,Grad-CAM
1ef86b48-a7a7-4f49-ac92-64d7eb38c4f1,P_01049,BENIGN,0.11594916,0,TN,calcification,0.00028228759765625,1,small,0,0.0012199756638392265,4.325804622041392,0.0028228113675376693,0.0014114326040931546,0.0009409610518418676,Grad-CAM++
1ef86b48-a7a7-4f49-ac92-64d7eb38c4f1,P_01049,BENIGN,0.11594916,0,TN,calcification,0.00028228759765625,1,small,0,0.003031981296107573,10.770376170836716,0.0013712718546451835,0.00028228759765625,0.00028228759765625,Integrated Gradients
1f78bd8b-fe42-424c-bac7-02144b18c966,P_01049,BENIGN,0.29648978,0,TN,calcification,0.0002899169921875,1,small,0,0.0006470189048087,2.2325353202495544,0.0017908855357415,0.0013540832284395,0.0009027565863086,Grad-CAM
1f78bd8b-fe42-424c-bac7-02144b18c966,P_01049,BENIGN,0.29648978,0,TN,calcification,0.0002899169921875,1,small,0,0.0024381609012886995,8.427971527757729,0.002899103566660309,0.0014495794312308075,0.0009663924316213776,Grad-CAM++
1f78bd8b-fe42-424c-bac7-02144b18c966,P_01049,BENIGN,0.29648978,0,TN,calcification,0.0002899169921875,1,small,1,0.006121994726947874,21.24028121947078,0.0019435975609756097,0.0002899169921875,0.0002899169921875,Integrated Gradients
1fcf020d-315c-4327-ab7f-975b147c8caa,P_00430,BENIGN,0.45680824,0,TN,mass,0.00104522705078125,1,small,0,7.272643853165263e-06,0.0069507316500502,0.0,0.0,0.0,Grad-CAM
1fcf020d-315c-4327-ab7f-975b147c8caa,P_00430,BENIGN,0.45680824,0,TN,mass,0.00104522705078125,1,small,0,0.0008114273368806271,0.7761351178766357,0.0,0.0,0.0007607455306200076,Grad-CAM++
1fcf020d-315c-4327-ab7f-975b147c8caa,P_00430,BENIGN,0.45680824,0,TN,mass,0.00104522705078125,1,small,0,0.003986338323903714,3.8251109533136467,0.00416998369915463,0.0038284255837872845,0.00104522705078125,Integrated Gradients
1ff3a1d1-ec57-490f-b135-b00cdc4d854c,P_00071,BENIGN,0.11101018,0,TN,calcification,0.0024871826171875,1,medium,0,0.0456723059408318,19.194010862202536,0.0195044207490608,0.0098350676279795,0.0024871826171875,Grad-CAM
1ff3a1d1-ec57-490f-b135-b00cdc4d854c,P_00071,BENIGN,0.11101018,0,TN,calcification,0.0024871826171875,1,medium,0,0.029111680693417047,12.025658705243474,0.024868411015332978,0.012435865646874822,0.00829062980812024,Grad-CAM++
1ff3a1d1-ec57-490f-b135-b00cdc4d854c,P_00071,BENIGN,0.11101018,0,TN,calcification,0.0024871826171875,1,medium,0,0.02437661490852176,10.02079018712682,0.01595764794857251,0.0024871826171875,0.0024871826171875,Integrated Gradients
20b00f7e-6bd7-415c-b40d-4a119c76f8c8,P_00586,MALIGNANT,0.32069162,1,FN,mass,0.00952911376953125,2,large,0,0.0004023676944939,0.0418395568444804,0.0,0.0,0.0004438690586277,Grad-CAM
20b00f7e-6bd7-415c-b40d-4a119c76f8c8,P_00586,MALIGNANT,0.32069162,1,FN,mass,0.00952911376953125,2,large,0,0.02366867801240865,2.5197995514616287,0.03351090634223598,0.0473257698541329,0.03176379334460791,Grad-CAM++
20b00f7e-6bd7-415c-b40d-4a119c76f8c8,P_00586,MALIGNANT,0.32069162,1,FN,mass,0.00952911376953125,2,large,0,0.05574334470041291,6.1360978031685445,0.04130702836004932,0.028845973738925206,0.00952911376953125,Integrated Gradients
213a8fbd-c922-4ad7-9d26-dd6b85ba0df8,P_00518,BENIGN,0.57341737,0,FP,mass,0.00135040283203125,1,small,0,0.000113382177501,0.0838578540769451,0.0,0.0,0.0,Grad-CAM
213a8fbd-c922-4ad7-9d26-dd6b85ba0df8,P_00518,BENIGN,0.57341737,0,FP,mass,0.00135040283203125,1,small,0,0.0007685698758244069,0.5688097731068066,0.0,0.0,0.00017725333299570793,Grad-CAM++
213a8fbd-c922-4ad7-9d26-dd6b85ba0df8,P_00518,BENIGN,0.57341737,0,FP,mass,0.00135040283203125,1,small,0,0.007052793166946654,5.252726673855423,0.005677731935349559,0.003975349031840834,0.00135040283203125,Integrated Gradients
21e47401-4252-419c-b922-e3b37ff03fe2,P_00797,BENIGN,0.31659004,0,TN,mass,0.002685546875,1,medium,0,8.669503165438191e-05,0.0321981683615173,0.0,0.0,0.0,Grad-CAM
21e47401-4252-419c-b922-e3b37ff03fe2,P_00797,BENIGN,0.31659004,0,TN,mass,0.002685546875,1,medium,0,0.0033374165323628363,1.2435454369540377,0.0,0.0017911685961009088,0.004939397393517991,Grad-CAM++
21e47401-4252-419c-b922-e3b37ff03fe2,P_00797,BENIGN,0.31659004,0,TN,mass,0.002685546875,1,medium,0,0.029338955854990995,11.224744988814335,0.01646339160971189,0.002685546875,0.002685546875,Integrated Gradients
22037c69-4955-4e93-b1a3-1309deb7d208,P_00273,BENIGN,0.39564654,0,TN,mass,0.002552032470703125,1,medium,0,0.0069099631910729,2.719512082594952,0.0154868928004834,0.0114290068193074,0.0081085890038382,Grad-CAM
22037c69-4955-4e93-b1a3-1309deb7d208,P_00273,BENIGN,0.39564654,0,TN,mass,0.002552032470703125,1,medium,0,0.008231234563746984,3.2438333597807363,0.014605427029475034,0.012760113677544871,0.008506796536246074,Grad-CAM++
22037c69-4955-4e93-b1a3-1309deb7d208,P_00273,BENIGN,0.39564654,0,TN,mass,0.002552032470703125,1,medium,1,0.05237273765779529,21.600894389557983,0.016562050971791576,0.002552032470703125,0.002552032470703125,Integrated Gradients
22bf511a-03d6-4521-a887-709a93e26638,P_02419,MALIGNANT,0.72680175,1,TP,calcification,0.015476226806640625,1,large,0,0.0,0.0,0.0,0.0,0.0,Grad-CAM
22bf511a-03d6-4521-a887-709a93e26638,P_02419,MALIGNANT,0.72680175,1,TP,calcification,0.015476226806640625,1,large,0,0.01875025645251062,1.2155947372335283,0.00967247014875592,0.01567950516057108,0.022285396452629627,Grad-CAM++
22bf511a-03d6-4521-a887-709a93e26638,P_02419,MALIGNANT,0.72680175,1,TP,calcification,0.015476226806640625,1,large,0,0.06206533012742187,4.209568676974639,0.0715372907153729,0.015476226806640625,0.015476226806640625,Integrated Gradients
22e7aba0-1bce-4729-8b8e-b4cfbcaae21d,P_01251,BENIGN,0.74148893,0,FP,mass,0.001873016357421875,1,medium,0,0.0061094066603487,3.2757040777423683,0.0128953955852233,0.0093634387276402,0.0062434037358696,Grad-CAM
22e7aba0-1bce-4729-8b8e-b4cfbcaae21d,P_01251,BENIGN,0.74148893,0,FP,mass,0.001873016357421875,1,medium,0,0.00441112276895461,2.361094068080762,0.009869540555870675,0.00936504606229377,0.00624340373586969,Grad-CAM++
22e7aba0-1bce-4729-8b8e-b4cfbcaae21d,P_01251,BENIGN,0.74148893,0,FP,mass,0.001873016357421875,1,medium,0,0.010591776853950482,5.704761769258946,0.008953870565567268,0.006064523488146613,0.001873016357421875,Integrated Gradients
2310fa87-537b-481f-a107-0dbf43d2387d,P_00088,MALIGNANT,0.8378818,1,TP,calcification,0.0006561279296875,1,small,0,0.0004798737492047,0.731243223370788,0.0,0.0,0.0006856185167786,Grad-CAM
2310fa87-537b-481f-a107-0dbf43d2387d,P_00088,MALIGNANT,0.8378818,1,TP,calcification,0.0006561279296875,1,small,0,0.0006704222692488826,1.021800584756928,0.0,0.0,0.0011432200698634487,Grad-CAM++
2310fa87-537b-481f-a107-0dbf43d2387d,P_00088,MALIGNANT,0.8378818,1,TP,calcification,0.0006561279296875,1,small,0,0.0040958684166367745,6.26404470642008,0.0032698376487586022,0.0006561279296875,0.0006561279296875,Integrated Gradients
2362b0b3-d30e-47f7-bdae-aa200bd2366a,P_00487,BENIGN,0.10075956,0,TN,mass,0.001262664794921875,1,small,0,3.1692555959633533e-06,0.0025068124115786,0.0,0.0,0.0,Grad-CAM
2362b0b3-d30e-47f7-bdae-aa200bd2366a,P_00487,BENIGN,0.10075956,0,TN,mass,0.001262664794921875,1,small,0,0.001876457976915018,1.4870233016056216,0.0,0.0018419003854698744,0.004208893353508895,Grad-CAM++
2362b0b3-d30e-47f7-bdae-aa200bd2366a,P_00487,BENIGN,0.10075956,0,TN,mass,0.001262664794921875,1,small,0,0.0061546460608407445,4.898323438869446,0.00663607750938531,0.001262664794921875,0.001262664794921875,Integrated Gradients
23700b6d-4964-4c47-bbb7-da28c84b6a96,P_01524,MALIGNANT,0.8077572,1,TP,calcification,0.010570526123046875,1,large,1,0.076065481846732,7.706098113505633,0.0982041373039327,0.0528524289992179,0.035235176684511,Grad-CAM
23700b6d-4964-4c47-bbb7-da28c84b6a96,P_01524,MALIGNANT,0.8077572,1,TP,calcification,0.010570526123046875,1,large,0,0.05091157134320296,5.021090845875521,0.10570284188441732,0.05285242899921799,0.03523517668451102,Grad-CAM++
23700b6d-4964-4c47-bbb7-da28c84b6a96,P_01524,MALIGNANT,0.8077572,1,TP,calcification,0.010570526123046875,1,large,0,0.06525210982681383,6.534137755796686,0.047068598056569017,0.010570526123046875,0.010570526123046875,Integrated Gradients
241eb37b-2e99-42a4-aae3-6db22c436670,P_01625,MALIGNANT,0.5501681,1,TP,calcification,0.028850555419921875,1,large,0,0.0041494878024443,0.1402594592311964,0.0035652742290094,0.0063567139646439,0.0058691060989696,Grad-CAM
241eb37b-2e99-42a4-aae3-6db22c436670,P_01625,MALIGNANT,0.5501681,1,TP,calcification,0.028850555419921875,1,large,0,0.043398556204231956,1.5271301228517837,0.03916320566066759,0.06582336951693997,0.06470537379426186,Grad-CAM++
241eb37b-2e99-42a4-aae3-6db22c436670,P_01625,MALIGNANT,0.5501681,1,TP,calcification,0.028850555419921875,1,large,0,0.13510600703031106,5.258278675271528,0.09708012601903278,0.08140457134616771,0.028850555419921875,Integrated Gradients
24af0887-6f14-43a3-94a1-7bef17f4405e,P_00399,MALIGNANT,0.7099563,1,TP,mass,0.001674652099609375,1,medium,0,0.0024748376438401,1.4790072375790548,0.0001500938086303,0.0055538648813146,0.0046623896334879,Grad-CAM
24af0887-6f14-43a3-94a1-7bef17f4405e,P_00399,MALIGNANT,0.7099563,1,TP,mass,0.001674652099609375,1,medium,0,0.009945784212096834,5.9886290822355415,0.016746137707419416,0.008373228556714796,0.0055821878616024315,Grad-CAM++
24af0887-6f14-43a3-94a1-7bef17f4405e,P_00399,MALIGNANT,0.7099563,1,TP,mass,0.001674652099609375,1,medium,0,0.00794896482041274,4.776657240635228,0.00843706254019901,0.001674652099609375,0.001674652099609375,Integrated Gradients
24bd986d-a86d-4717-87f9-8c7fbae3d048,P_00232,MALIGNANT,0.26720044,1,FN,calcification,0.001270294189453125,1,small,0,1.9130807174887237e-05,0.0150412977333436,0.0,0.0,0.0,Grad-CAM
24bd986d-a86d-4717-87f9-8c7fbae3d048,P_00232,MALIGNANT,0.26720044,1,FN,calcification,0.001270294189453125,1,small,0,0.003915016363100648,3.090158562345562,0.007093812829558818,0.006351446718419196,0.004234324733288404,Grad-CAM++
24bd986d-a86d-4717-87f9-8c7fbae3d048,P_00232,MALIGNANT,0.26720044,1,FN,calcification,0.001270294189453125,1,small,0,0.006254030458072515,4.9479837227226104,0.001270294189453125,0.001270294189453125,0.001270294189453125,Integrated Gradients
26cd2a8a-f712-46cc-a473-80df457f350f,P_00926,BENIGN,0.19561778,0,TN,calcification,0.00223541259765625,1,medium,0,7.244057324923304e-05,0.0323358055236346,0.0,0.0,0.0004672071116498,Grad-CAM
26cd2a8a-f712-46cc-a473-80df457f350f,P_00926,BENIGN,0.19561778,0,TN,calcification,0.00223541259765625,1,medium,0,0.004177119705575549,1.8722562206449787,0.0,0.007028207807009213,0.0074513942753964115,Grad-CAM++
26cd2a8a-f712-46cc-a473-80df457f350f,P_00926,BENIGN,0.19561778,0,TN,calcification,0.00223541259765625,1,medium,0,0.013997346957209332,6.33633383405034,0.009986433524268918,0.00223541259765625,0.00223541259765625,Integrated Gradients
271fa1f1-f4a8-430a-948b-d05b82b35f15,P_00043,MALIGNANT,0.8119294,1,TP,calcification,0.018123626708984375,1,large,0,0.0,0.0,0.0,0.0,0.0,Grad-CAM
271fa1f1-f4a8-430a-948b-d05b82b35f15,P_00043,MALIGNANT,0.8119294,1,TP,calcification,0.018123626708984375,1,large,0,0.01444983844376407,0.7943209844585268,0.0,0.005203572181984389,0.01712403951701427,Grad-CAM++
271fa1f1-f4a8-430a-948b-d05b82b35f15,P_00043,MALIGNANT,0.8119294,1,TP,calcification,0.018123626708984375,1,large,0,0.06963352931669328,4.054862163079504,0.06808774834437085,0.018123626708984375,0.018123626708984375,Integrated Gradients
276e3c09-a292-4a1a-83e2-95034f40327a,P_01250,BENIGN,0.6923795,0,FP,mass,0.004604339599609375,1,medium,0,0.0783975677832674,18.39023268152148,0.046042342170513,0.0230216101775734,0.0153478376969342,Grad-CAM
276e3c09-a292-4a1a-83e2-95034f40327a,P_01250,BENIGN,0.6923795,0,FP,mass,0.004604339599609375,1,medium,0,0.059284840519786774,13.624289192764165,0.04604234217051306,0.02302161017757348,0.015347837696934248,Grad-CAM++
276e3c09-a292-4a1a-83e2-95034f40327a,P_01250,BENIGN,0.6923795,0,FP,mass,0.004604339599609375,1,medium,1,0.07439918431150715,17.376920756715318,0.02865931427714007,0.004604339599609375,0.004604339599609375,Integrated Gradients
28564018-87f5-41a5-8ed2-478a729a4c1c,P_01206,MALIGNANT,0.31267834,1,FN,mass,0.0031890869140625,1,medium,0,1.3547648751563831e-09,4.234579419044209e-07,0.0,0.0,0.0,Grad-CAM
28564018-87f5-41a5-8ed2-478a729a4c1c,P_01206,MALIGNANT,0.31267834,1,FN,mass,0.0031890869140625,1,medium,0,0.010454946524566303,3.30242315446142,0.023457303923423253,0.015945373743538882,0.010630316747835154,Grad-CAM++
28564018-87f5-41a5-8ed2-478a729a4c1c,P_01206,MALIGNANT,0.31267834,1,FN,mass,0.0031890869140625,1,medium,0,0.02790061925167224,8.971181726264684,0.015199279441567215,0.0031890869140625,0.0031890869140625,Integrated Gradients
2870684a-4aa2-44c3-9542-678a992c083a,P_01694,MALIGNANT,0.49213696,1,FN,mass,0.00058746337890625,1,small,0,8.101666366629168e-06,0.0137829404324419,0.0,0.0,0.0,Grad-CAM
2870684a-4aa2-44c3-9542-678a992c083a,P_01694,MALIGNANT,0.49213696,1,FN,mass,0.00058746337890625,1,small,0,0.0024789016173634793,4.227671628166807,0.005874499332443258,0.0029373056895992677,0.001958216243022265,Grad-CAM++
2870684a-4aa2-44c3-9542-678a992c083a,P_01694,MALIGNANT,0.49213696,1,FN,mass,0.00058746337890625,1,small,0,0.0036432510941754744,6.220685894806527,0.0036921437271619974,0.00058746337890625,0.00058746337890625,Integrated Gradients
28c0883c-8fb5-46d3-a993-43aff2d51627,P_00356,MALIGNANT,0.67879516,1,TP,mass,0.003551483154296875,1,medium,0,0.0126370482831358,3.590986641309072,0.0249575231262979,0.0176991150442477,0.0118383072873618,Grad-CAM
28c0883c-8fb5-46d3-a993-43aff2d51627,P_00356,MALIGNANT,0.67879516,1,TP,mass,0.003551483154296875,1,medium,0,0.006250081070349982,1.7646301062363312,0.0,0.006203918462785917,0.010733020869057145,Grad-CAM++
28c0883c-8fb5-46d3-a993-43aff2d51627,P_00356,MALIGNANT,0.67879516,1,TP,mass,0.003551483154296875,1,medium,0,0.02663671935066411,7.678047680642364,0.01972127267946358,0.003551483154296875,0.003551483154296875,Integrated Gradients
28ea6cf7-bf13-4e38-8d1c-aa4cff60c97f,P_00747,BENIGN,0.48156503,0,TN,mass,0.002819061279296875,1,medium,0,0.0,0.0,0.0,0.0,0.0,Grad-CAM
28ea6cf7-bf13-4e38-8d1c-aa4cff60c97f,P_00747,BENIGN,0.48156503,0,TN,mass,0.002819061279296875,1,medium,0,0.007687687821852069,2.7404181047699168,0.02775871272782735,0.01409525262736272,0.009396894828528922,Grad-CAM++
28ea6cf7-bf13-4e38-8d1c-aa4cff60c97f,P_00747,BENIGN,0.48156503,0,TN,mass,0.002819061279296875,1,medium,0,0.012607920140062755,4.5167210485272555,0.011483038126688681,0.008823027152154526,0.002819061279296875,Integrated Gradients
293b5160-92ff-4a31-978e-f2c049fccc69,P_01251,BENIGN,0.7713672,0,FP,mass,0.00188446044921875,1,medium,0,0.0053747680364698,2.862160565491298,0.0078867924528301,0.0088642342445384,0.0062815508055389,Grad-CAM
293b5160-92ff-4a31-978e-f2c049fccc69,P_01251,BENIGN,0.7713672,0,FP,mass,0.00188446044921875,1,medium,0,0.0034073969009556517,1.810918933677835,0.006026592338694489,0.007385552488816979,0.006166403905812948,Grad-CAM++
293b5160-92ff-4a31-978e-f2c049fccc69,P_01251,BENIGN,0.7713672,0,FP,mass,0.00188446044921875,1,medium,0,0.003424238627234013,1.8198999866714716,0.004286520022560632,0.005433440355643368,0.00188446044921875,Integrated Gradients
2a1259f8-1e6a-44ab-84ba-bf06851213d1,P_01694,MALIGNANT,0.8782575,1,TP,mass,0.00274658203125,1,medium,0,0.0004474904005672,0.1625514933957726,0.0,0.0,0.0001260191801192,Grad-CAM
2a1259f8-1e6a-44ab-84ba-bf06851213d1,P_01694,MALIGNANT,0.8782575,1,TP,mass,0.00274658203125,1,medium,0,0.01191376586523416,4.3779125189304375,0.027465191684150295,0.013732857769555018,0.009155296720623577,Grad-CAM++
2a1259f8-1e6a-44ab-84ba-bf06851213d1,P_01694,MALIGNANT,0.8782575,1,TP,mass,0.00274658203125,1,medium,0,0.03676829300327223,13.859757367963386,0.01553368774271387,0.00274658203125,0.00274658203125,Integrated Gradients
2a1de420-9169-4574-926c-109eb7b2d5d1,P_00693,MALIGNANT,0.5802405,1,TP,calcification,0.07790756225585938,1,large,0,0.0029312443431379,0.034795386738581,0.0,0.0,0.0001716304896516,Grad-CAM
2a1de420-9169-4574-926c-109eb7b2d5d1,P_00693,MALIGNANT,0.5802405,1,TP,calcification,0.07790756225585938,1,large,0,0.1950510554035819,2.867970665347191,0.18049965828840459,0.22861575822989746,0.1829341102858644,Grad-CAM++
2a1de420-9169-4574-926c-109eb7b2d5d1,P_00693,MALIGNANT,0.5802405,1,TP,calcification,0.07790756225585938,1,large,0,0.30638344522090627,5.228061157640419,0.21415182755388942,0.07790756225585938,0.07790756225585938,Integrated Gradients
2a96024c-42f9-4913-b040-80c62d6d0db7,P_00510,BENIGN,0.17588985,0,TN,calcification,0.00363922119140625,4,medium,0,0.0042556427230879,1.170106470093661,0.0058494687349598,0.0086346975021728,0.0070088432878306,Grad-CAM
2a96024c-42f9-4913-b040-80c62d6d0db7,P_00510,BENIGN,0.17588985,0,TN,calcification,0.00363922119140625,4,medium,0,0.013902914414689287,3.8600623413702504,0.025283972980112458,0.015523046778397094,0.010447609617386448,Grad-CAM++
2a96024c-42f9-4913-b040-80c62d6d0db7,P_00510,BENIGN,0.17588985,0,TN,calcification,0.00363922119140625,4,medium,0,0.011404241143228484,3.1583173818712265,0.011880819366852886,0.00363922119140625,0.00363922119140625,Integrated Gradients
2b86688d-8d15-4ffc-aea6-091bafabfd23,P_00849,MALIGNANT,0.6072292,1,TP,mass,0.003345489501953125,1,medium,0,0.1062216349541931,35.405265347654506,0.0334541293152775,0.0167229182159678,0.0111516600333151,Grad-CAM
2b86688d-8d15-4ffc-aea6-091bafabfd23,P_00849,MALIGNANT,0.6072292,1,TP,mass,0.003345489501953125,1,medium,1,0.057778529554568504,18.268311825128706,0.03345412931527751,0.016727383699860765,0.011151660033315108,Grad-CAM++
2b86688d-8d15-4ffc-aea6-091bafabfd23,P_00849,MALIGNANT,0.6072292,1,TP,mass,0.003345489501953125,1,medium,0,0.08446981473608434,27.48613982022517,0.021530108216130613,0.003345489501953125,0.003345489501953125,Integrated Gradients
2bde2b86-5ee2-499c-ac5c-2bfc57c6a021,P_01668,MALIGNANT,0.7403635,1,TP,mass,0.013446807861328125,1,large,1,0.1000425633493986,8.15575332553686,0.1066458286819974,0.063683370085925,0.0431779806264044,Grad-CAM
2bde2b86-5ee2-499c-ac5c-2bfc57c6a021,P_01668,MALIGNANT,0.7403635,1,TP,mass,0.013446807861328125,1,large,0,0.06932191499033138,5.464774854701901,0.09648637687571433,0.06090023131470176,0.04389363891606215,Grad-CAM++
2bde2b86-5ee2-499c-ac5c-2bfc57c6a021,P_01668,MALIGNANT,0.7403635,1,TP,mass,0.013446807861328125,1,large,1,0.14536427217805808,12.47894806766645,0.06824712643678162,0.013446807861328125,0.013446807861328125,Integrated Gradients
2c4013a5-ba81-45f0-8e72-dc80a3644933,P_00662,BENIGN,0.4137944,0,TN,mass,0.004058837890625,1,medium,0,0.0321315183488747,8.146044050479505,0.040565785962103,0.0202941120372313,0.0135294940426992,Grad-CAM
2c4013a5-ba81-45f0-8e72-dc80a3644933,P_00662,BENIGN,0.4137944,0,TN,mass,0.004058837890625,1,medium,0,0.012745865441989754,3.167905826632121,0.023525438991445297,0.016223712456543627,0.013258924031323095,Grad-CAM++
2c4013a5-ba81-45f0-8e72-dc80a3644933,P_00662,BENIGN,0.4137944,0,TN,mass,0.004058837890625,1,medium,0,0.05366108969584018,13.91376513033531,0.022988074701867547,0.004058837890625,0.004058837890625,Integrated Gradients
2c41f2b1-8c73-49c6-a32d-cc7edad29a7d,P_01175,BENIGN,0.42211542,0,TN,mass,0.002216339111328125,1,medium,0,0.0035775058656414,1.6163557022637336,0.0036328227407213,0.0088687576126674,0.007387440080359,Grad-CAM
2c41f2b1-8c73-49c6-a32d-cc7edad29a7d,P_01175,BENIGN,0.42211542,0,TN,mass,0.002216339111328125,1,medium,0,0.0035893385444043875,1.621721266790236,0.0,0.007048006231121412,0.0073878158259476365,Grad-CAM++
2c41f2b1-8c73-49c6-a32d-cc7edad29a7d,P_01175,BENIGN,0.42211542,0,TN,mass,0.002216339111328125,1,medium,0,0.020267476432335663,9.313056949808578,0.010674008976728397,0.007124536905101168,0.002216339111328125,Integrated Gradients
2c9ccb77-87cd-4120-8c0a-60591ddc6faa,P_00510,BENIGN,0.21274887,0,TN,calcification,0.0054779052734375,3,large,0,1.9517726209833933e-05,0.0035435420678429,0.0,0.0,0.0,Grad-CAM
2c9ccb77-87cd-4120-8c0a-60591ddc6faa,P_00510,BENIGN,0.21274887,0,TN,calcification,0.0054779052734375,3,large,0,0.006411324004584688,1.171496513695552,0.0,0.003895184135977337,0.014030466880247179,Grad-CAM++
2c9ccb77-87cd-4120-8c0a-60591ddc6faa,P_00510,BENIGN,0.21274887,0,TN,calcification,0.0054779052734375,3,large,0,0.021627857684806445,4.013370424589797,0.019391705069124424,0.0054779052734375,0.0054779052734375,Integrated Gradients
2ca202fb-6ccc-451a-95c3-4e5ee60e7763,P_01409,BENIGN,0.40733728,0,TN,calcification,0.009693145751953125,1,large,0,0.0210048001626552,2.192012430933157,0.0309766241216119,0.0214624175415776,0.0165026419252247,Grad-CAM
2ca202fb-6ccc-451a-95c3-4e5ee60e7763,P_01409,BENIGN,0.40733728,0,TN,calcification,0.009693145751953125,1,large,0,0.04003486449775058,4.26076813743516,0.04597701149425287,0.03179668143253998,0.03149736357283527,Grad-CAM++
2ca202fb-6ccc-451a-95c3-4e5ee60e7763,P_01409,BENIGN,0.40733728,0,TN,calcification,0.009693145751953125,1,large,1,0.09841020391086898,11.151576139855026,0.05252369971816551,0.009693145751953125,0.009693145751953125,Integrated Gradients
2ca8b930-5768-48da-9163-ec27345e6989,P_01402,MALIGNANT,0.77038527,1,TP,mass,0.00107574462890625,1,small,0,0.0,0.0,0.0,0.0,0.0,Grad-CAM
2ca8b930-5768-48da-9163-ec27345e6989,P_01402,MALIGNANT,0.77038527,1,TP,mass,0.00107574462890625,1,small,0,0.001369240836771871,1.2732050591659665,0.0,0.0013487841945288754,0.003215883668903803,Grad-CAM++
2ca8b930-5768-48da-9163-ec27345e6989,P_01402,MALIGNANT,0.77038527,1,TP,mass,0.00107574462890625,1,small,0,0.0049132329521529225,4.584898851191407,0.004777975806757423,0.0036558197985490965,0.00107574462890625,Integrated Gradients
2ce28ed4-6372-4290-8d53-d54c6df07652,P_00328,BENIGN,0.49418738,0,TN,mass,0.0030975341796875,1,medium,0,0.038053137529898,12.731391637369306,0.0309746328437917,0.015487611817887,0.010325140190481,Grad-CAM
2ce28ed4-6372-4290-8d53-d54c6df07652,P_00328,BENIGN,0.49418738,0,TN,mass,0.0030975341796875,1,medium,0,0.022023733039557673,7.247683028367941,0.030974632843791722,0.015487611817887048,0.010325140190481034,Grad-CAM++
2ce28ed4-6372-4290-8d53-d54c6df07652,P_00328,BENIGN,0.49418738,0,TN,mass,0.0030975341796875,1,medium,0,0.042170613333090676,14.169626797014116,0.01973287051011168,0.0030975341796875,0.0030975341796875,Integrated Gradients
2cfe62a3-bbca-4a50-b6c9-02cfed541bb7,P_00670,BENIGN,0.67078316,0,FP,mass,0.001316070556640625,1,small,0,6.06152184527661e-05,0.0459998951364381,0.0,0.0,0.0,Grad-CAM
2cfe62a3-bbca-4a50-b6c9-02cfed541bb7,P_00670,BENIGN,0.67078316,0,FP,mass,0.001316070556640625,1,small,0,0.0026089507295596996,1.98494883113602,0.00026354429426602913,0.004683216570210174,0.004386913011965464,Grad-CAM++
2cfe62a3-bbca-4a50-b6c9-02cfed541bb7,P_00670,BENIGN,0.67078316,0,FP,mass,0.001316070556640625,1,small,0,0.004753585926034044,3.6244294059486633,0.005527371848262285,0.001316070556640625,0.001316070556640625,Integrated Gradients
2e1123bd-eff9-4f67-8049-ef1bdb8193ec,P_01206,MALIGNANT,0.5409672,1,TP,mass,0.00243377685546875,1,medium,0,0.0118028222816471,4.8955677723627264,0.0209861992928563,0.0121688378569112,0.0081117849741262,Grad-CAM
2e1123bd-eff9-4f67-8049-ef1bdb8193ec,P_01206,MALIGNANT,0.5409672,1,TP,mass,0.00243377685546875,1,medium,0,0.01631227072716184,6.797014859567914,0.024337211520122068,0.012168837856911252,0.00811261014966367,Grad-CAM++
2e1123bd-eff9-4f67-8049-ef1bdb8193ec,P_01206,MALIGNANT,0.5409672,1,TP,mass,0.00243377685546875,1,medium,0,0.023160747654547138,9.71830254434442,0.012403860654501584,0.00243377685546875,0.00243377685546875,Integrated Gradients
2e9782ef-0b25-4acf-999d-a898cb7c234b,P_01355,MALIGNANT,0.44360608,1,FN,mass,0.0016021728515625,1,medium,0,0.0002446101697169,0.1524666676961217,0.0,0.0,0.0,Grad-CAM
2e9782ef-0b25-4acf-999d-a898cb7c234b,P_01355,MALIGNANT,0.44360608,1,FN,mass,0.0016021728515625,1,medium,0,0.005583168940708959,3.498699169519964,0.015401624032633144,0.008010833698907094,0.005340589753697087,Grad-CAM++
2e9782ef-0b25-4acf-999d-a898cb7c234b,P_01355,MALIGNANT,0.44360608,1,FN,mass,0.0016021728515625,1,medium,1,0.012273953731175161,7.743587972623763,0.008710471501609543,0.0016021728515625,0.0016021728515625,Integrated Gradients
2fccf9f6-8288-489a-84ae-844feb51a5d4,P_00221,BENIGN,0.2773914,0,TN,mass,0.00063323974609375,1,small,0,0.0,0.0,0.0,0.0,0.0,Grad-CAM
2fccf9f6-8288-489a-84ae-844feb51a5d4,P_00221,BENIGN,0.2773914,0,TN,mass,0.00063323974609375,1,small,0,0.0015736071589584901,2.4873504232661876,0.00018956627236882013,0.0026880695466503985,0.0021104019934399553,Grad-CAM++
2fccf9f6-8288-489a-84ae-844feb51a5d4,P_00221,BENIGN,0.2773914,0,TN,mass,0.00063323974609375,1,small,0,0.0023156611920182035,3.663014146944187,0.0022033962694221784,0.00063323974609375,0.00063323974609375,Integrated Gradients
308e5276-b4a2-4e90-867f-5734a50ec1a6,P_01596,MALIGNANT,0.61286795,1,TP,mass,0.006496429443359375,2,large,0,0.0349710922451088,5.541961159538525,0.0570595585172844,0.0324820233077113,0.0216523419620607,Grad-CAM
308e5276-b4a2-4e90-867f-5734a50ec1a6,P_01596,MALIGNANT,0.61286795,1,TP,mass,0.006496429443359375,2,large,0,0.04122350815139782,6.5754006234322,0.06496280755292771,0.03248202330771138,0.02165481988225271,Grad-CAM++
308e5276-b4a2-4e90-867f-5734a50ec1a6,P_01596,MALIGNANT,0.61286795,1,TP,mass,0.006496429443359375,2,large,1,0.09564244567086039,16.173546231165005,0.03599525011132552,0.006496429443359375,0.006496429443359375,Integrated Gradients
32fb41ed-8628-4c5c-889b-e07ab23d7273,P_01660,BENIGN,0.78602546,0,FP,calcification,0.00322723388671875,1,medium,0,0.0033750509369722,1.0459579217786656,0.0,0.011678693505507,0.010280326327293,Grad-CAM
32fb41ed-8628-4c5c-889b-e07ab23d7273,P_01660,BENIGN,0.78602546,0,FP,calcification,0.00322723388671875,1,medium,0,0.0031822897247941197,0.9860290384015434,0.0,0.0001689633161866857,0.0070184328878190915,Grad-CAM++
32fb41ed-8628-4c5c-889b-e07ab23d7273,P_01660,BENIGN,0.78602546,0,FP,calcification,0.00322723388671875,1,medium,0,0.019682503286702784,6.201250413446012,0.017139635406878406,0.00322723388671875,0.00322723388671875,Integrated Gradients
3365f08b-71ce-4a57-aa10-c1d365f18527,P_01710,BENIGN,0.23682046,0,TN,mass,0.00196075439453125,1,medium,0,0.0001500604311184,0.0763933762936103,0.0,0.0,0.0,Grad-CAM
3365f08b-71ce-4a57-aa10-c1d365f18527,P_01710,BENIGN,0.23682046,0,TN,mass,0.00196075439453125,1,medium,0,0.003615397836972635,1.8469435880392597,0.0017614871448916874,0.006808025102215461,0.0064590776742234485,Grad-CAM++
3365f08b-71ce-4a57-aa10-c1d365f18527,P_01710,BENIGN,0.23682046,0,TN,mass,0.00196075439453125,1,medium,0,0.005852838253095678,2.9966795093319236,0.007159275029202306,0.005908952728378173,0.00196075439453125,Integrated Gradients
3522a212-495e-45b1-84f4-ed4dfbb7056a,P_01186,BENIGN,0.34785146,0,TN,calcification,0.0025787353515625,1,medium,0,0.0077922068547055,3.037593916832704,0.0201828597442998,0.0128936275725266,0.0085958063654743,Grad-CAM
3522a212-495e-45b1-84f4-ed4dfbb7056a,P_01186,BENIGN,0.34785146,0,TN,calcification,0.0025787353515625,1,medium,0,0.00981184014605872,3.832698126729869,0.016403976263370753,0.012893627572526656,0.008595806365474358,Grad-CAM++
3522a212-495e-45b1-84f4-ed4dfbb7056a,P_01186,BENIGN,0.34785146,0,TN,calcification,0.0025787353515625,1,medium,0,0.014805963483575059,5.812819127756656,0.014065917490006788,0.0025787353515625,0.0025787353515625,Integrated Gradients
3611aaec-343a-4139-b266-8fdee4968c8c,P_00014,MALIGNANT,0.53293926,1,TP,calcification,0.0016937255859375,1,medium,0,0.0006658941283965,0.3927491375507426,0.0,0.0,0.0,Grad-CAM
3611aaec-343a-4139-b266-8fdee4968c8c,P_00014,MALIGNANT,0.53293926,1,TP,calcification,0.0016937255859375,1,medium,0,0.0013828603221691584,0.8162063369719128,0.0,0.0,0.0,Grad-CAM++
3611aaec-343a-4139-b266-8fdee4968c8c,P_00014,MALIGNANT,0.53293926,1,TP,calcification,0.0016937255859375,1,medium,0,0.007854436408544599,4.666168852551388,0.007064067694167423,0.0016937255859375,0.0016937255859375,Integrated Gradients
3708cb77-58c8-44c8-9102-38354fd4bd94,P_01491,MALIGNANT,0.8179967,1,TP,mass,0.004833221435546875,1,medium,0,0.0223960504374373,4.71702036020382,0.0464549539258243,0.024166014991703,0.0161107790903195,Grad-CAM
3708cb77-58c8-44c8-9102-38354fd4bd94,P_01491,MALIGNANT,0.8179967,1,TP,mass,0.004833221435546875,1,medium,0,0.019577385251222913,4.111502035320659,0.03980325387816875,0.024166014991703066,0.016110779090319546,Grad-CAM++
3708cb77-58c8-44c8-9102-38354fd4bd94,P_01491,MALIGNANT,0.8179967,1,TP,mass,0.004833221435546875,1,medium,0,0.03969992643766489,8.512202624111598,0.026942191995814806,0.004833221435546875,0.004833221435546875,Integrated Gradients
374171f6-f159-4aff-be30-a818f1c2ffad,P_00717,MALIGNANT,0.71331227,1,TP,mass,0.000888824462890625,1,small,0,0.0026304247644561,2.964609335373505,0.0075044760199611,0.0044441053615365,0.0029627557443129,Grad-CAM
374171f6-f159-4aff-be30-a818f1c2ffad,P_00717,MALIGNANT,0.71331227,1,TP,mass,0.000888824462890625,1,small,0,0.0027166011340810617,3.061999806578586,0.008888041197787527,0.0044441053615365544,0.002962755744312908,Grad-CAM++
374171f6-f159-4aff-be30-a818f1c2ffad,P_00717,MALIGNANT,0.71331227,1,TP,mass,0.000888824462890625,1,small,0,0.013261306321076076,15.107128887238447,0.006277822166419359,0.000888824462890625,0.000888824462890625,Integrated Gradients
37c77136-eba4-4f95-ba52-925e26156616,P_01498,BENIGN,0.14894585,0,TN,mass,0.002910614013671875,1,medium,0,0.0,0.0,0.0,0.0,0.0,Grad-CAM
37c77136-eba4-4f95-ba52-925e26156616,P_01498,BENIGN,0.14894585,0,TN,mass,0.002910614013671875,1,medium,0,0.0013077496473886997,0.44858258306189486,0.0,0.0,0.0010968368234597007,Grad-CAM++
37c77136-eba4-4f95-ba52-925e26156616,P_01498,BENIGN,0.14894585,0,TN,mass,0.002910614013671875,1,medium,0,0.006291462217885242,2.1689125132567195,0.009164702801780571,0.002910614013671875,0.002910614013671875,Integrated Gradients
37e9c07f-5c0d-427a-ab3d-3fd34467af8a,P_00515,BENIGN,0.3547381,0,TN,mass,0.00176239013671875,1,medium,0,0.0002156977657416,0.1221999640934445,0.0,0.0,0.0,Grad-CAM
37e9c07f-5c0d-427a-ab3d-3fd34467af8a,P_00515,BENIGN,0.3547381,0,TN,mass,0.00176239013671875,1,medium,0,0.0022751631415087715,1.2916167164321635,0.0,0.0010788507400537532,0.005874648729066795,Grad-CAM++
37e9c07f-5c0d-427a-ab3d-3fd34467af8a,P_00515,BENIGN,0.3547381,0,TN,mass,0.00176239013671875,1,medium,0,0.01378265349006518,7.91574886569667,0.009765698928801242,0.00176239013671875,0.00176239013671875,Integrated Gradients
38b4af7a-5b2d-4e1f-b577-1eb03dbb6382,P_01766,BENIGN,0.13320386,0,TN,calcification,0.005626678466796875,1,large,0,0.0,0.0,0.0,0.0,0.0,Grad-CAM
38b4af7a-5b2d-4e1f-b577-1eb03dbb6382,P_01766,BENIGN,0.13320386,0,TN,calcification,0.005626678466796875,1,large,0,0.023814532829040932,4.3112886853163985,0.04870474170580215,0.02813328501401896,0.018755642587388578,Grad-CAM++
38b4af7a-5b2d-4e1f-b577-1eb03dbb6382,P_01766,BENIGN,0.13320386,0,TN,calcification,0.005626678466796875,1,large,0,0.018741920436037018,3.3754232051268316,0.0227902338122853,0.005626678466796875,0.005626678466796875,Integrated Gradients
38da94ed-0bbb-44d2-95a7-025b322f1f23,P_00047,MALIGNANT,0.8563191,1,TP,calcification,0.0010833740234375,3,small,0,0.0009692517269375,0.8945580191450246,0.0,0.0001138368717627,0.0007607744684088,Grad-CAM
38da94ed-0bbb-44d2-95a7-025b322f1f23,P_00047,MALIGNANT,0.8563191,1,TP,calcification,0.0010833740234375,3,small,0,0.003401919512480225,3.1474207266536847,0.010833492275414839,0.0054168494535467016,0.0036112559286904113,Grad-CAM++
38da94ed-0bbb-44d2-95a7-025b322f1f23,P_00047,MALIGNANT,0.8563191,1,TP,calcification,0.0010833740234375,3,small,0,0.008400217560571143,7.810969775814035,0.005998253672981284,0.0010833740234375,0.0010833740234375,Integrated Gradients
39a0e094-29c1-49eb-932b-f5ac2a0f84cb,P_00659,BENIGN,0.13348484,0,TN,mass,0.003192901611328125,1,medium,0,0.0,0.0,0.0,0.0,0.0,Grad-CAM
39a0e094-29c1-49eb-932b-f5ac2a0f84cb,P_00659,BENIGN,0.13348484,0,TN,mass,0.003192901611328125,1,medium,0,0.011642971619199133,3.677693972101432,0.03192828533282472,0.01596444715710771,0.010643032437724909,Grad-CAM++
39a0e094-29c1-49eb-932b-f5ac2a0f84cb,P_00659,BENIGN,0.13348484,0,TN,mass,0.003192901611328125,1,medium,0,0.007106661481903975,2.234542630779362,0.008988847860952593,0.009265399700627168,0.003192901611328125,Integrated Gradients
3a9ce543-a55a-4b3e-b04b-3b944e607b74,P_00484,MALIGNANT,0.28160706,1,FN,calcification,0.02674102783203125,1,large,0,0.007134813421925,0.2615426782360486,0.0,0.0099398511571006,0.0131891789588237,Grad-CAM
3a9ce543-a55a-4b3e-b04b-3b944e607b74,P_00484,MALIGNANT,0.28160706,1,FN,calcification,0.02674102783203125,1,large,0,0.05120411606728856,1.9641852376486753,0.03990610328638498,0.09411699738615027,0.08202912829840717,Grad-CAM++
3a9ce543-a55a-4b3e-b04b-3b944e607b74,P_00484,MALIGNANT,0.28160706,1,FN,calcification,0.02674102783203125,1,large,0,0.12643863349943388,5.267889612749394,0.09220907297830375,0.07358439447304253,0.02674102783203125,Integrated Gradients
3ae8d27f-4142-47d8-a2e0-21f6986588e2,P_00586,MALIGNANT,0.35382253,1,FN,mass,0.00691986083984375,1,large,0,0.0086342406971351,1.249905488964559,0.0,0.0233137166138524,0.0200955967187757,Grad-CAM
3ae8d27f-4142-47d8-a2e0-21f6986588e2,P_00586,MALIGNANT,0.35382253,1,FN,mass,0.00691986083984375,1,large,0,0.037454880465014044,5.584370346974688,0.0661873787515691,0.034599172213851115,0.023066261460015513,Grad-CAM++
3ae8d27f-4142-47d8-a2e0-21f6986588e2,P_00586,MALIGNANT,0.35382253,1,FN,mass,0.00691986083984375,1,large,0,0.06260045639967174,9.583842661099043,0.036153931462792506,0.00691986083984375,0.00691986083984375,Integrated Gradients
3af29e1b-b343-4d50-990e-59972164d41f,P_01486,BENIGN,0.7430412,0,FP,mass,0.008037567138671875,1,large,0,0.0088000558471545,1.0957075142543375,0.0200237692224583,0.0176905277300888,0.0143198090692124,Grad-CAM
3af29e1b-b343-4d50-990e-59972164d41f,P_01486,BENIGN,0.7430412,0,FP,mass,0.008037567138671875,1,large,0,0.010519334722444746,1.3120537419024743,0.004361856803432746,0.020776401003256843,0.019506344296445932,Grad-CAM++
3af29e1b-b343-4d50-990e-59972164d41f,P_01486,BENIGN,0.7430412,0,FP,mass,0.008037567138671875,1,large,0,0.041459940895275625,5.3381279316399715,0.030265551109494363,0.022613913369585598,0.008037567138671875,Integrated Gradients
3b4aca2f-db27-41a3-8032-36c082de547e,P_00491,BENIGN,0.38616678,0,TN,calcification,0.00250244140625,1,medium,0,4.664765095808002e-09,1.8594206470428251e-06,0.0,0.0,0.0,Grad-CAM
3b4aca2f-db27-41a3-8032-36c082de547e,P_00491,BENIGN,0.38616678,0,TN,calcification,0.00250244140625,1,medium,0,0.0023509422938907715,0.9393168545145507,0.0,0.00011303905499350026,0.003937306932698638,Grad-CAM++
3b4aca2f-db27-41a3-8032-36c082de547e,P_00491,BENIGN,0.38616678,0,TN,calcification,0.00250244140625,1,medium,0,0.009692244327185634,3.9012344082586496,0.01052987853032981,0.00250244140625,0.00250244140625,Integrated Gradients
3ba676d3-5faa-4073-b246-f09fa020d2b8,P_00220,BENIGN,0.23359182,0,TN,calcification,0.00714874267578125,1,large,0,0.0004285029379519,0.059538015523485,0.0,0.0,0.0,Grad-CAM
3ba676d3-5faa-4073-b246-f09fa020d2b8,P_00220,BENIGN,0.23359182,0,TN,calcification,0.00714874267578125,1,large,0,0.025611468012470235,3.6505375366829074,0.0692831855038258,0.0357435770279807,0.023829202853400813,Grad-CAM++
3ba676d3-5faa-4073-b246-f09fa020d2b8,P_00220,BENIGN,0.23359182,0,TN,calcification,0.00714874267578125,1,large,0,0.026521403261606825,3.7837693718410645,0.027020109689213895,0.00714874267578125,0.00714874267578125,Integrated Gradients
3bcea6d4-c7b5-4607-9e87-2be8c873f276,P_00471,BENIGN,0.6200688,0,FP,calcification,0.001773834228515625,3,medium,0,0.0010876020109171,0.6127149204625744,0.0,0.0024638010764915,0.0025345972524965,Grad-CAM
3bcea6d4-c7b5-4607-9e87-2be8c873f276,P_00471,BENIGN,0.6200688,0,FP,calcification,0.001773834228515625,3,medium,0,0.00269267760514567,1.5193972787968544,0.0,0.0017803030303030303,0.004635332664490812,Grad-CAM++
3bcea6d4-c7b5-4607-9e87-2be8c873f276,P_00471,BENIGN,0.6200688,0,FP,calcification,0.001773834228515625,3,medium,0,0.0062481809638113344,3.5382744147764162,0.004820729135281711,0.004233828862182225,0.001773834228515625,Integrated Gradients
3cdb6e70-2bb2-4d11-a0bc-2010b43a181b,P_00307,MALIGNANT,0.32024062,1,FN,calcification,0.004451751708984375,1,medium,0,0.0035689251304464,0.8009795386684179,0.0022321428571428,0.0075942704612955,0.0077274678653501,Grad-CAM
3cdb6e70-2bb2-4d11-a0bc-2010b43a181b,P_00307,MALIGNANT,0.32024062,1,FN,calcification,0.004451751708984375,1,medium,0,0.008930312019494143,2.0150873915918517,0.008359418155035905,0.01074944366914344,0.012714445233986398,Grad-CAM++
3cdb6e70-2bb2-4d11-a0bc-2010b43a181b,P_00307,MALIGNANT,0.32024062,1,FN,calcification,0.004451751708984375,1,medium,0,0.03844637186591707,8.941559291993208,0.022212267144510398,0.004451751708984375,0.004451751708984375,Integrated Gradients
3d6d7e7a-e230-423c-8e2c-a5f241f3f14c,P_01365,BENIGN,0.8121698,0,FP,mass,0.008098602294921875,1,large,1,0.0888018226364835,11.93623649083828,0.080984169368682,0.0404928570066184,0.0269954096359497,Grad-CAM
3d6d7e7a-e230-423c-8e2c-a5f241f3f14c,P_01365,BENIGN,0.8121698,0,FP,mass,0.008098602294921875,1,large,0,0.052347374272043244,6.7655655840570255,0.08098416936868205,0.04049285700661848,0.026995409635949798,Grad-CAM++
3d6d7e7a-e230-423c-8e2c-a5f241f3f14c,P_01365,BENIGN,0.8121698,0,FP,mass,0.008098602294921875,1,large,0,0.1069419695285582,14.666515268936575,0.04780920687742651,0.008098602294921875,0.008098602294921875,Integrated Gradients
3e17e084-ce4c-49e7-b8a9-823b7252ba9d,P_01143,MALIGNANT,0.24065,1,FN,calcification,0.009307861328125,1,large,0,0.0054387216954141,0.5820417223034425,0.0075952037694715,0.0076396158154738,0.0062672193402665,Grad-CAM
3e17e084-ce4c-49e7-b8a9-823b7252ba9d,P_01143,MALIGNANT,0.24065,1,FN,calcification,0.009307861328125,1,large,0,0.0032769483825571934,0.3499321508984272,0.0,0.0,0.001531639471831421,Grad-CAM++
3e17e084-ce4c-49e7-b8a9-823b7252ba9d,P_01143,MALIGNANT,0.24065,1,FN,calcification,0.009307861328125,1,large,0,0.01541897653793929,1.6668358963792889,0.02258939404753408,0.02482256257004109,0.009307861328125,Integrated Gradients
3eac41cc-a2c8-439c-922c-8183ede7a369,P_00534,MALIGNANT,0.7383969,1,TP,calcification,0.0282745361328125,1,large,1,0.1896230990777326,8.041779897734173,0.2240017471699486,0.1267157462672516,0.0886148007590132,Grad-CAM
3eac41cc-a2c8-439c-922c-8183ede7a369,P_00534,MALIGNANT,0.7383969,1,TP,calcification,0.0282745361328125,1,large,0,0.10830963428137613,4.174468329351782,0.16561525129982668,0.11024323271303735,0.08438972756369868,Grad-CAM++
3eac41cc-a2c8-439c-922c-8183ede7a369,P_00534,MALIGNANT,0.7383969,1,TP,calcification,0.0282745361328125,1,large,1,0.292321197393653,14.196204859301387,0.15212252030013362,0.0282745361328125,0.0282745361328125,Integrated Gradients
409e6bdc-dbb0-4e60-a0bb-96d133b455c8,P_00967,MALIGNANT,0.5015022,1,TP,calcification,0.01497650146484375,1,large,0,0.066972033512927,4.721011538177876,0.0880049092156084,0.063201584756155,0.0457729086188335,Grad-CAM
409e6bdc-dbb0-4e60-a0bb-96d133b455c8,P_00967,MALIGNANT,0.5015022,1,TP,calcification,0.01497650146484375,1,large,0,0.060628498263944404,4.244979620212802,0.1071887741982882,0.06982174383507034,0.049534777303233676,Grad-CAM++
409e6bdc-dbb0-4e60-a0bb-96d133b455c8,P_00967,MALIGNANT,0.5015022,1,TP,calcification,0.01497650146484375,1,large,0,0.072974746274506,5.177465654328607,0.062050739957716705,0.01497650146484375,0.01497650146484375,Integrated Gradients
439208f4-216a-4ffe-9eb9-61ed7e4e87c8,P_00993,MALIGNANT,0.9432852,1,TP,calcification,0.00060272216796875,1,small,0,0.0001618511476536,0.2684151348286677,0.0,0.0,0.0,Grad-CAM
439208f4-216a-4ffe-9eb9-61ed7e4e87c8,P_00993,MALIGNANT,0.9432852,1,TP,calcification,0.00060272216796875,1,small,0,0.000848011690547654,1.407314896742585,0.0,0.001104151992232862,0.0020086958732741743,Grad-CAM++
439208f4-216a-4ffe-9eb9-61ed7e4e87c8,P_00993,MALIGNANT,0.9432852,1,TP,calcification,0.00060272216796875,1,small,0,0.0020985481580865378,3.4870026602535917,0.001899479542605326,0.0017334654068881438,0.00060272216796875,Integrated Gradients
451a1c8f-78c0-42ec-98ae-3cc182589031,P_01265,BENIGN,0.054171823,0,TN,mass,0.00103759765625,1,small,0,0.0,0.0,0.0,0.0,0.0,Grad-CAM
451a1c8f-78c0-42ec-98ae-3cc182589031,P_01265,BENIGN,0.054171823,0,TN,mass,0.00103759765625,1,small,0,0.0056724473787672985,5.4923871935827915,0.010375739080679,0.005187968490720785,0.0034586676500133516,Grad-CAM++
451a1c8f-78c0-42ec-98ae-3cc182589031,P_01265,BENIGN,0.054171823,0,TN,mass,0.00103759765625,1,small,0,0.004887907442321426,4.729019022179573,0.004779788323659952,0.00103759765625,0.00103759765625,Integrated Gradients
45d0c677-e3cb-4fe6-9eb1-40147ca7835b,P_00484,MALIGNANT,0.49042684,1,FN,mass,0.004802703857421875,1,medium,0,0.0211809946732258,4.484017618186639,0.0467481997942622,0.0240134276831524,0.0160090535712015,Grad-CAM
45d0c677-e3cb-4fe6-9eb1-40147ca7835b,P_00484,MALIGNANT,0.49042684,1,FN,mass,0.004802703857421875,1,medium,0,0.010728817664952364,2.2472943773388443,0.005379295202546932,0.023740060637263315,0.016009053571201505,Grad-CAM++
45d0c677-e3cb-4fe6-9eb1-40147ca7835b,P_00484,MALIGNANT,0.49042684,1,FN,mass,0.004802703857421875,1,medium,0,0.024095338303695858,5.116216771902625,0.022745039645609203,0.004802703857421875,0.004802703857421875,Integrated Gradients
45d389f9-4911-43da-bd21-9134b8fc93c7,P_01332,BENIGN,0.20912114,0,TN,mass,0.000652313232421875,1,small,0,0.0,0.0,0.0,0.0,0.0,Grad-CAM
45d389f9-4911-43da-bd21-9134b8fc93c7,P_01332,BENIGN,0.20912114,0,TN,mass,0.000652313232421875,1,small,0,0.0011822053266357325,1.813289009883265,0.0,0.002726042282250224,0.0021741618034100013,Grad-CAM++
45d389f9-4911-43da-bd21-9134b8fc93c7,P_01332,BENIGN,0.20912114,0,TN,mass,0.000652313232421875,1,small,0,0.0016304233597256089,2.5018976741621057,0.002088792677832213,0.001962016877154885,0.000652313232421875,Integrated Gradients
47560cfc-19aa-4f5c-bdad-8e4f29930c90,P_00951,BENIGN,0.35879046,0,TN,mass,0.003490447998046875,1,medium,0,0.0,0.0,0.0,0.0,0.0,Grad-CAM
47560cfc-19aa-4f5c-bdad-8e4f29930c90,P_00951,BENIGN,0.35879046,0,TN,mass,0.003490447998046875,1,medium,0,0.0035653697495629613,1.0215417572569117,0.0,0.002159948912512678,0.0070632911392405065,Grad-CAM++
47560cfc-19aa-4f5c-bdad-8e4f29930c90,P_00951,BENIGN,0.35879046,0,TN,mass,0.003490447998046875,1,medium,0,0.0200619153709153,5.844859517228608,0.017057169634489222,0.003490447998046875,0.003490447998046875,Integrated Gradients
479ad26f-4902-4bcb-89bd-20446cc91e33,P_00201,MALIGNANT,0.080422245,1,FN,calcification,0.024932861328125,1,large,0,0.0097526913911036,0.3851616967686618,0.0,0.011666809642275,0.0218700513460338,Grad-CAM
479ad26f-4902-4bcb-89bd-20446cc91e33,P_00201,MALIGNANT,0.080422245,1,FN,calcification,0.024932861328125,1,large,0,0.05265808062955734,2.1738054626605665,0.038560329792294276,0.08347727022160156,0.07156875078626242,Grad-CAM++
479ad26f-4902-4bcb-89bd-20446cc91e33,P_00201,MALIGNANT,0.080422245,1,FN,calcification,0.024932861328125,1,large,0,0.06524541339393435,2.729698792875071,0.06632154717718304,0.0735157572778415,0.024932861328125,Integrated Gradients
48097a61-1efa-4141-9a6d-6d00b6c872b5,P_01053,BENIGN,0.44121727,0,TN,calcification,0.002216339111328125,1,medium,0,0.0047748213698205,2.1599110410820197,0.0032948929159802,0.0110816532834881,0.0073878158259476,Grad-CAM
48097a61-1efa-4141-9a6d-6d00b6c872b5,P_01053,BENIGN,0.44121727,0,TN,calcification,0.002216339111328125,1,medium,0,0.006921256615403037,3.137627682395688,0.022162883845126834,0.011081441922563417,0.0073878158259476365,Grad-CAM++
48097a61-1efa-4141-9a6d-6d00b6c872b5,P_01053,BENIGN,0.44121727,0,TN,calcification,0.002216339111328125,1,medium,0,0.0049187968058964845,2.225361172534826,0.00566710452242447,0.005424474622562779,0.002216339111328125,Integrated Gradients
496eb73c-1354-4b5d-8222-d14b39c6d021,P_00615,BENIGN,0.122231536,0,TN,mass,0.00215911865234375,1,medium,0,0.0,0.0,0.0,0.0,0.0,Grad-CAM
496eb73c-1354-4b5d-8222-d14b39c6d021,P_00615,BENIGN,0.122231536,0,TN,mass,0.00215911865234375,1,medium,0,0.009511933908295587,4.4381742603479175,0.021590692351707037,0.01079555207995575,0.0071970804776013125,Grad-CAM++
496eb73c-1354-4b5d-8222-d14b39c6d021,P_00615,BENIGN,0.122231536,0,TN,mass,0.00215911865234375,1,medium,0,0.012028311599431794,5.626585220182543,0.009613209681067632,0.006495356389949291,0.00215911865234375,Integrated Gradients
49724a88-c5a1-46a6-a060-abbc4891b61d,P_00862,MALIGNANT,0.4704176,1,FN,calcification,0.00058746337890625,1,small,0,0.0,0.0,0.0,0.0,0.0,Grad-CAM
49724a88-c5a1-46a6-a060-abbc4891b61d,P_00862,MALIGNANT,0.4704176,1,FN,calcification,0.00058746337890625,1,small,0,0.0006450888636986505,1.0981551497369382,0.0,0.0,0.0006349448232948557,Grad-CAM++
49724a88-c5a1-46a6-a060-abbc4891b61d,P_00862,MALIGNANT,0.4704176,1,FN,calcification,0.00058746337890625,1,small,0,0.001794356932612463,3.058107963398769,0.0019759091081810237,0.00058746337890625,0.00058746337890625,Integrated Gradients
497899c5-bfa2-4c60-941f-836b400a7af6,P_00080,MALIGNANT,0.9379862,1,TP,mass,0.003376007080078125,1,medium,0,0.0569110136239782,17.81441633311249,0.033759298111768,0.0168799710084113,0.0112533855524331,Grad-CAM
497899c5-bfa2-4c60-941f-836b400a7af6,P_00080,MALIGNANT,0.9379862,1,TP,mass,0.003376007080078125,1,medium,0,0.03711645366534256,11.379435238101404,0.033759298111768074,0.016879971008411376,0.011253385552433147,Grad-CAM++
497899c5-bfa2-4c60-941f-836b400a7af6,P_00080,MALIGNANT,0.9379862,1,TP,mass,0.003376007080078125,1,medium,1,0.05117485678237943,15.9220284458206,0.01814629747905474,0.010404624277456647,0.003376007080078125,Integrated Gradients
49f77e6b-6aac-4623-9886-19a0f20e3b25,P_00615,BENIGN,0.30724895,0,TN,mass,0.00316619873046875,1,medium,0,0.0,0.0,0.0,0.0,0.0,Grad-CAM
49f77e6b-6aac-4623-9886-19a0f20e3b25,P_00615,BENIGN,0.30724895,0,TN,mass,0.00316619873046875,1,medium,0,0.0027825123365443297,0.878479840670031,0.0,0.0,0.0025482206607712783,Grad-CAM++
49f77e6b-6aac-4623-9886-19a0f20e3b25,P_00615,BENIGN,0.30724895,0,TN,mass,0.00316619873046875,1,medium,0,0.014391940107927754,4.597266293366754,0.013073119568474678,0.00316619873046875,0.00316619873046875,Integrated Gradients
4adde7c8-8a7f-426c-807e-a9bf36ec5e7f,P_00453,BENIGN,0.40013245,0,TN,mass,0.001369476318359375,1,medium,0,0.0,0.0,0.0,0.0,0.0,Grad-CAM
4adde7c8-8a7f-426c-807e-a9bf36ec5e7f,P_00453,BENIGN,0.40013245,0,TN,mass,0.001369476318359375,1,medium,0,0.007453395918630021,5.475875767325936,0.013694449742513827,0.006847355471208683,0.004564932670422034,Grad-CAM++
4adde7c8-8a7f-426c-807e-a9bf36ec5e7f,P_00453,BENIGN,0.40013245,0,TN,mass,0.001369476318359375,1,medium,0,0.012050246396731011,8.894288842977609,0.008462676938256612,0.001369476318359375,0.001369476318359375,Integrated Gradients
4be68804-e5b7-4252-ae62-d1bbb2bdb700,P_00738,BENIGN,0.46591517,0,TN,mass,0.00135040283203125,1,small,0,0.0006720938760347,0.4973608991713577,0.0,0.0007394205976035,0.0013563189250855,Grad-CAM
4be68804-e5b7-4252-ae62-d1bbb2bdb700,P_00738,BENIGN,0.46591517,0,TN,mass,0.00135040283203125,1,small,0,0.0027955714086905824,2.073175676173498,0.0,0.005811959297229315,0.004501354220973259,Grad-CAM++
4be68804-e5b7-4252-ae62-d1bbb2bdb700,P_00738,BENIGN,0.46591517,0,TN,mass,0.00135040283203125,1,small,0,0.0031629040441492756,2.3464517536443545,0.004688977122329363,0.004376534165509105,0.00135040283203125,Integrated Gradients
4c5e12c0-e627-4269-96a8-7059adcc98ba,P_01365,MALIGNANT,0.8121698,1,TP,calcification,0.006023406982421875,1,large,0,0.0250073406696613,4.232530085424592,0.0518866139348295,0.0301169200251769,0.020078074335923,Grad-CAM
4c5e12c0-e627-4269-96a8-7059adcc98ba,P_01365,MALIGNANT,0.8121698,1,TP,calcification,0.006023406982421875,1,large,0,0.01768020391661475,2.970081388337098,0.026176850655344287,0.027158615443134273,0.020078074335923096,Grad-CAM++
4c5e12c0-e627-4269-96a8-7059adcc98ba,P_01365,MALIGNANT,0.8121698,1,TP,calcification,0.006023406982421875,1,large,0,0.04284602766110868,7.386909591970806,0.03108769847158332,0.006023406982421875,0.006023406982421875,Integrated Gradients
4c90e4e7-fed7-40ea-9186-6b9d4db25c0e,P_00810,MALIGNANT,0.57707536,1,TP,mass,0.000507354736328125,1,small,0,0.0001469762984732,0.2895869361213257,0.0,0.0,0.0,Grad-CAM
4c90e4e7-fed7-40ea-9186-6b9d4db25c0e,P_00810,MALIGNANT,0.57707536,1,TP,mass,0.000507354736328125,1,small,0,0.0008109802470517415,1.5989342182122892,0.0,0.0024411641301445627,0.0016911867553374108,Grad-CAM++
4c90e4e7-fed7-40ea-9186-6b9d4db25c0e,P_00810,MALIGNANT,0.57707536,1,TP,mass,0.000507354736328125,1,small,0,0.003662894690671588,7.242458582327265,0.003007347063078153,0.0019252397018737729,0.000507354736328125,Integrated Gradients
4cfb0584-1104-4c08-aab0-e9a96d532f6c,P_00014,MALIGNANT,0.450805,1,FN,calcification,0.002811431884765625,1,medium,0,0.0,0.0,0.0,0.0,0.0,Grad-CAM
4cfb0584-1104-4c08-aab0-e9a96d532f6c,P_00014,MALIGNANT,0.450805,1,FN,calcification,0.002811431884765625,1,medium,0,0.0024958787666365134,0.88748010808925,0.0,0.0,0.0011098219240276447,Grad-CAM++
4cfb0584-1104-4c08-aab0-e9a96d532f6c,P_00014,MALIGNANT,0.450805,1,FN,calcification,0.002811431884765625,1,medium,0,0.023354360915424126,8.481655489263014,0.015791655674066256,0.002811431884765625,0.002811431884765625,Integrated Gradients
4d51adb4-f845-4f5f-bfad-a45e141a4f9b,P_01076,MALIGNANT,0.5699877,1,TP,mass,0.003032684326171875,1,medium,0,0.0165817675699781,5.543016650102161,0.0303249923710711,0.0151633637872169,0.0101089734623552,Grad-CAM
4d51adb4-f845-4f5f-bfad-a45e141a4f9b,P_01076,MALIGNANT,0.5699877,1,TP,mass,0.003032684326171875,1,medium,0,0.007047770562573014,2.333335141628354,0.0023007273267032806,0.015163363787216999,0.0101089734623552,Grad-CAM++
4d51adb4-f845-4f5f-bfad-a45e141a4f9b,P_01076,MALIGNANT,0.5699877,1,TP,mass,0.003032684326171875,1,medium,0,0.028081042722105855,9.49810265395333,0.016751364577451532,0.003032684326171875,0.003032684326171875,Integrated Gradients
4d9fff99-9c9f-4c03-8563-82d79ab4b3cb,P_01831,BENIGN,0.4557545,0,TN,mass,0.00185394287109375,1,medium,0,0.0,0.0,0.0,0.0,0.0,Grad-CAM
4d9fff99-9c9f-4c03-8563-82d79ab4b3cb,P_01831,BENIGN,0.4557545,0,TN,mass,0.00185394287109375,1,medium,0,0.0019252944529177928,1.0385605568671634,0.0,0.0,0.0014554382767610803,Grad-CAM++
4d9fff99-9c9f-4c03-8563-82d79ab4b3cb,P_01831,BENIGN,0.4557545,0,TN,mass,0.00185394287109375,1,medium,0,0.008184427889053264,4.442784130730192,0.007470852356337018,0.00185394287109375,0.00185394287109375,Integrated Gradients
4e359560-c8a9-43c5-a34b-7d62e08d1ec3,P_00503,BENIGN,0.8213129,0,FP,calcification,0.0018768310546875,1,medium,0,0.0,0.0,0.0,0.0,0.0,Grad-CAM
4e359560-c8a9-43c5-a34b-7d62e08d1ec3,P_00503,BENIGN,0.8213129,0,FP,calcification,0.0018768310546875,1,medium,0,0.0009792084883310406,0.5212662486934332,0.0,0.0,0.0003286604558267707,Grad-CAM++
4e359560-c8a9-43c5-a34b-7d62e08d1ec3,P_00503,BENIGN,0.8213129,0,FP,calcification,0.0018768310546875,1,medium,0,0.01902903730462572,10.31619718413888,0.010671712393566698,0.0018768310546875,0.0018768310546875,Integrated Gradients
4e83e036-0176-4851-a800-dbbdf3b38f1c,P_01441,MALIGNANT,0.26844317,1,FN,mass,0.000774383544921875,1,small,0,0.0,0.0,0.0,0.0,0.0,Grad-CAM
4e83e036-0176-4851-a800-dbbdf3b38f1c,P_01441,MALIGNANT,0.26844317,1,FN,mass,0.000774383544921875,1,small,0,0.0005689977037415127,0.734624078806272,0.0,0.0,0.0004567948229920061,Grad-CAM++
4e83e036-0176-4851-a800-dbbdf3b38f1c,P_01441,MALIGNANT,0.26844317,1,FN,mass,0.000774383544921875,1,small,0,0.002036184192686469,2.632750569831319,0.0033421952145841244,0.000774383544921875,0.000774383544921875,Integrated Gradients
4e8c790e-3b4c-496d-b138-af5a0c873e79,P_00086,MALIGNANT,0.4743501,1,FN,mass,0.001628875732421875,1,medium,0,0.0019991615241181,1.2277809627478669,0.0,0.0071827309619524,0.0053912468529868,Grad-CAM
4e8c790e-3b4c-496d-b138-af5a0c873e79,P_00086,MALIGNANT,0.4743501,1,FN,mass,0.001628875732421875,1,medium,0,0.004846644650562036,2.9850750268649517,0.010008340283569641,0.008144347593888879,0.005429599582925371,Grad-CAM++
4e8c790e-3b4c-496d-b138-af5a0c873e79,P_00086,MALIGNANT,0.4743501,1,FN,mass,0.001628875732421875,1,medium,0,0.010314950532946666,6.388136123329352,0.008440894810553011,0.001628875732421875,0.001628875732421875,Integrated Gradients
4f332d5a-a0ea-4ff2-9edc-8c93f4715df8,P_00515,BENIGN,0.49793598,0,TN,mass,0.0025634765625,1,medium,0,1.597627493637239e-07,6.216291380176855e-05,0.0,0.0,0.0,Grad-CAM
4f332d5a-a0ea-4ff2-9edc-8c93f4715df8,P_00515,BENIGN,0.49793598,0,TN,mass,0.0025634765625,1,medium,0,0.006336928994716582,2.4813936690371245,0.013950682452303747,0.01281733391825135,0.00854494360591534,Grad-CAM++
4f332d5a-a0ea-4ff2-9edc-8c93f4715df8,P_00515,BENIGN,0.49793598,0,TN,mass,0.0025634765625,1,medium,0,0.007167146440076358,2.8088340967245413,0.00915812783845663,0.008374477781997722,0.0025634765625,Integrated Gradients
505f74da-843f-4204-9b04-88010fa9c1d1,P_01257,BENIGN,0.21360162,0,TN,mass,0.001373291015625,1,medium,0,0.0010023453481183,0.7296144296969167,0.0,3.788811639229356e-05,0.0008361098090882,Grad-CAM
505f74da-843f-4204-9b04-88010fa9c1d1,P_01257,BENIGN,0.21360162,0,TN,mass,0.001373291015625,1,medium,0,0.0025363046991063007,1.8490339940886729,0.0,0.006866428884777509,0.004577648360311788,Grad-CAM++
505f74da-843f-4204-9b04-88010fa9c1d1,P_01257,BENIGN,0.21360162,0,TN,mass,0.001373291015625,1,medium,0,0.004859116495921067,3.5506945755596715,0.0050678869936840515,0.001373291015625,0.001373291015625,Integrated Gradients
509e5b18-c4c0-4443-9c2c-014a8ecd0236,P_00492,BENIGN,0.2492898,0,TN,mass,0.003116607666015625,1,medium,0,1.4718254054286796e-05,0.0047078741524018,0.0,0.0,0.0,Grad-CAM
509e5b18-c4c0-4443-9c2c-014a8ecd0236,P_00492,BENIGN,0.2492898,0,TN,mass,0.003116607666015625,1,medium,0,0.0058265392946976365,1.8746093799846177,0.0,0.00751196805994437,0.010388718639929809,Grad-CAM++
509e5b18-c4c0-4443-9c2c-014a8ecd0236,P_00492,BENIGN,0.2492898,0,TN,mass,0.003116607666015625,1,medium,0,0.01976842354941424,6.450680575434472,0.01601142599413666,0.003116607666015625,0.003116607666015625,Integrated Gradients
510ac08a-f1d6-4bb7-8d73-ff373ffbf27c,P_00234,BENIGN,0.59431857,0,FP,mass,0.011016845703125,1,large,0,0.0097990995449009,0.8883713015847936,0.0182995101469559,0.0141348586514134,0.0109112100283939,Grad-CAM
510ac08a-f1d6-4bb7-8d73-ff373ffbf27c,P_00234,BENIGN,0.59431857,0,FP,mass,0.011016845703125,1,large,0,0.05863567856084835,5.591597673309571,0.10447817836812144,0.05508401838677068,0.03672291240161235,Grad-CAM++
510ac08a-f1d6-4bb7-8d73-ff373ffbf27c,P_00234,BENIGN,0.59431857,0,FP,mass,0.011016845703125,1,large,0,0.11248262089337965,11.377326167580385,0.060218579234972675,0.011016845703125,0.011016845703125,Integrated Gradients
510eb901-549e-4d80-b25a-55389598eb3a,P_01044,MALIGNANT,0.7461798,1,TP,mass,0.00331878662109375,1,medium,0,0.0055843011781311,1.68646626874309,0.0152940735465007,0.0131541429847738,0.0097786469908436,Grad-CAM
510eb901-549e-4d80-b25a-55389598eb3a,P_01044,MALIGNANT,0.7461798,1,TP,mass,0.00331878662109375,1,medium,0,0.0030523176829427693,0.9194632319405454,0.0,0.0009013915231638843,0.006621091277376884,Grad-CAM++
510eb901-549e-4d80-b25a-55389598eb3a,P_01044,MALIGNANT,0.7461798,1,TP,mass,0.00331878662109375,1,medium,0,0.01660733307122989,5.071656927979287,0.015332133753186384,0.00331878662109375,0.00331878662109375,Integrated Gradients
51d748f8-ebf2-4012-a0c2-46d0be66a266,P_01486,BENIGN,0.44285008,0,TN,mass,0.003635406494140625,1,medium,0,0.0282268492374947,7.960911689537079,0.0351144456716304,0.0181769631310915,0.0121180524649364,Grad-CAM
51d748f8-ebf2-4012-a0c2-46d0be66a266,P_01486,BENIGN,0.44285008,0,TN,mass,0.003635406494140625,1,medium,0,0.03997556142531294,11.412417318837823,0.03635323288193782,0.018176963131091572,0.012117744293979275,Grad-CAM++
51d748f8-ebf2-4012-a0c2-46d0be66a266,P_01486,BENIGN,0.44285008,0,TN,mass,0.003635406494140625,1,medium,1,0.08300789673392224,24.809560748139003,0.022930080198802667,0.003635406494140625,0.003635406494140625,Integrated Gradients
5219c413-c015-4eb2-81ef-d80227e1fd55,P_01426,MALIGNANT,0.3754516,1,FN,mass,0.002307891845703125,1,medium,0,0.0,0.0,0.0,0.0,0.0,Grad-CAM
5219c413-c015-4eb2-81ef-d80227e1fd55,P_01426,MALIGNANT,0.3754516,1,FN,mass,0.002307891845703125,1,medium,0,0.009214910711536201,4.020616762425825,0.02307839023459851,0.01153941520913998,0.007692992383301756,Grad-CAM++
5219c413-c015-4eb2-81ef-d80227e1fd55,P_01426,MALIGNANT,0.3754516,1,FN,mass,0.002307891845703125,1,medium,0,0.021573835198166445,9.531917671696663,0.014410529899012823,0.002307891845703125,0.002307891845703125,Integrated Gradients
5268aeef-5e00-477c-bfb3-b410442623ca,P_00889,MALIGNANT,0.7633013,1,TP,mass,0.002246856689453125,1,medium,0,0.0003743726975915,0.1663085193041099,0.0,0.0,0.0,Grad-CAM
5268aeef-5e00-477c-bfb3-b410442623ca,P_00889,MALIGNANT,0.7633013,1,TP,mass,0.002246856689453125,1,medium,0,0.0026112315044550883,1.1625955922430886,0.0,0.0017761318116544479,0.005865177097879904,Grad-CAM++
5268aeef-5e00-477c-bfb3-b410442623ca,P_00889,MALIGNANT,0.7633013,1,TP,mass,0.002246856689453125,1,medium,0,0.011444757558525797,5.141068562826343,0.011242737493397721,0.002246856689453125,0.002246856689453125,Integrated Gradients
52912602-7889-4593-8c38-6f713776ea6b,P_01596,MALIGNANT,0.5173641,1,TP,calcification,0.00878143310546875,1,large,0,0.0003888035362365,0.0439038944796022,0.0,0.0,0.0,Grad-CAM
52912602-7889-4593-8c38-6f713776ea6b,P_01596,MALIGNANT,0.5173641,1,TP,calcification,0.00878143310546875,1,large,0,0.03289198023294264,3.839008515266467,0.07239019253910951,0.043906998035438405,0.029271518126215937,Grad-CAM++
52912602-7889-4593-8c38-6f713776ea6b,P_01596,MALIGNANT,0.5173641,1,TP,calcification,0.00878143310546875,1,large,0,0.07416930673925007,9.042669228307547,0.04691802195381622,0.00878143310546875,0.00878143310546875,Integrated Gradients
53264962-00c8-49aa-b462-e635fadb8da5,P_00136,MALIGNANT,0.669347,1,TP,calcification,0.0050048828125,1,large,0,0.0,0.0,0.0,0.0,0.0,Grad-CAM
53264962-00c8-49aa-b462-e635fadb8da5,P_00136,MALIGNANT,0.669347,1,TP,calcification,0.0050048828125,1,large,0,0.0017110759264816768,0.34075329173437785,0.0,0.0,0.0012146560144256054,Grad-CAM++
53264962-00c8-49aa-b462-e635fadb8da5,P_00136,MALIGNANT,0.669347,1,TP,calcification,0.0050048828125,1,large,0,0.06474228404458067,13.762072159525598,0.03170795697312694,0.0050048828125,0.0050048828125,Integrated Gradients
5394e7d9-fe20-4880-881f-180d9b3eade6,P_00238,BENIGN,0.3150434,0,TN,mass,0.00084686279296875,1,small,0,0.0,0.0,0.0,0.0,0.0,Grad-CAM
5394e7d9-fe20-4880-881f-180d9b3eade6,P_00238,BENIGN,0.3150434,0,TN,mass,0.00084686279296875,1,small,0,0.00171259176382447,2.0240314966344815,0.0,0.004234297812279464,0.0028228831555256032,Grad-CAM++
5394e7d9-fe20-4880-881f-180d9b3eade6,P_00238,BENIGN,0.3150434,0,TN,mass,0.00084686279296875,1,small,0,0.01581096772673357,18.95391553802944,0.005400266210306142,0.00084686279296875,0.00084686279296875,Integrated Gradients
54cbff75-6c37-4436-b9ed-c3c5fab129d6,P_02318,BENIGN,0.7240232,0,FP,calcification,0.0047607421875,1,medium,0,0.0,0.0,0.0,0.0,0.0,Grad-CAM
54cbff75-6c37-4436-b9ed-c3c5fab129d6,P_02318,BENIGN,0.7240232,0,FP,calcification,0.0047607421875,1,medium,0,0.00863373776409276,1.8206127327157606,0.0009476254692568429,0.012143382422265382,0.013858043883805632,Grad-CAM++
54cbff75-6c37-4436-b9ed-c3c5fab129d6,P_02318,BENIGN,0.7240232,0,FP,calcification,0.0047607421875,1,medium,0,0.01939547033330519,4.134845687673056,0.018808428550230006,0.0047607421875,0.0047607421875,Integrated Gradients
555a8715-81a0-4c29-bee6-a463f8bb9754,P_01053,BENIGN,0.36414075,0,TN,calcification,0.000873565673828125,1,small,0,0.0,0.0,0.0,0.0,0.0,Grad-CAM
555a8715-81a0-4c29-bee6-a463f8bb9754,P_01053,BENIGN,0.36414075,0,TN,calcification,0.000873565673828125,1,small,0,0.003476983946097686,3.990618541191664,0.008735456799542247,0.004367728399771124,0.002911892984753888,Grad-CAM++
555a8715-81a0-4c29-bee6-a463f8bb9754,P_01053,BENIGN,0.36414075,0,TN,calcification,0.000873565673828125,1,small,0,0.004137937732211036,4.752363257808229,0.003986483921181518,0.0028376087908739455,0.000873565673828125,Integrated Gradients
55d05287-0808-4667-b9fc-196c651f0d95,P_01595,BENIGN,0.20622405,0,TN,mass,0.004119873046875,1,medium,0,0.019170508547292,4.724580550951593,0.0220932409661112,0.0172813688212927,0.0137329450809353,Grad-CAM
55d05287-0808-4667-b9fc-196c651f0d95,P_01595,BENIGN,0.20622405,0,TN,mass,0.004119873046875,1,medium,0,0.02329423451209934,5.765113695669601,0.041197787526225445,0.020599286654332527,0.013732945080935366,Grad-CAM++
55d05287-0808-4667-b9fc-196c651f0d95,P_01595,BENIGN,0.20622405,0,TN,mass,0.004119873046875,1,medium,0,0.07553964875265466,19.751950219756903,0.025510970844604748,0.004119873046875,0.004119873046875,Integrated Gradients
583ddcea-8b81-4574-9906-f0e65d54bd74,P_00282,BENIGN,0.5499062,0,FP,calcification,0.006122589111328125,1,large,0,5.7457229996190345e-06,0.0009327058481675,0.0,0.0,0.0,Grad-CAM
583ddcea-8b81-4574-9906-f0e65d54bd74,P_00282,BENIGN,0.5499062,0,FP,calcification,0.006122589111328125,1,large,0,0.008751725878532537,1.4332072389134694,0.0,0.003938763376932224,0.017471789019906175,Grad-CAM++
583ddcea-8b81-4574-9906-f0e65d54bd74,P_00282,BENIGN,0.5499062,0,FP,calcification,0.006122589111328125,1,large,0,0.04574024844046581,7.780896213364197,0.03358597116956457,0.006122589111328125,0.006122589111328125,Integrated Gradients
5846e77d-dfdc-44e1-9173-76aa44716b0e,P_00471,BENIGN,0.8480379,0,FP,calcification,0.00862884521484375,3,large,0,0.0044950822499154,0.5187735282723112,0.0016531832571227,0.003909835162818,0.0046566496957655,Grad-CAM
5846e77d-dfdc-44e1-9173-76aa44716b0e,P_00471,BENIGN,0.8480379,0,FP,calcification,0.00862884521484375,3,large,0,0.00822804428936249,0.9531658855478146,0.013813236498273346,0.010102689125295508,0.007973587491434623,Grad-CAM++
5846e77d-dfdc-44e1-9173-76aa44716b0e,P_00471,BENIGN,0.8480379,0,FP,calcification,0.00862884521484375,3,large,0,0.023918500602253055,2.815343841311904,0.02163306306952716,0.018890772584160814,0.01702052771178238,Integrated Gradients
59c0de48-587d-4c9a-a4a3-af9a781621ef,P_01831,BENIGN,0.7487496,0,FP,mass,0.00199127197265625,1,medium,0,0.0002654865890991,0.1330949838605753,0.0,0.0,0.0,Grad-CAM
59c0de48-587d-4c9a-a4a3-af9a781621ef,P_01831,BENIGN,0.7487496,0,FP,mass,0.00199127197265625,1,medium,0,0.005116054666720831,2.5773086765095274,0.0002618780396558174,0.009956321882927388,0.006637590122452093,Grad-CAM++
59c0de48-587d-4c9a-a4a3-af9a781621ef,P_01831,BENIGN,0.7487496,0,FP,mass,0.00199127197265625,1,medium,0,0.01013248863933327,5.130300778843237,0.011309478780543157,0.00199127197265625,0.00199127197265625,Integrated Gradients
59f77287-39dc-4a16-acee-6590d573dc6c,P_01475,BENIGN,0.470052,0,TN,mass,0.002254486083984375,1,medium,0,0.0010858993692544,0.4810979730661973,0.0,0.0006605643106539,0.0022135367257364,Grad-CAM
59f77287-39dc-4a16-acee-6590d573dc6c,P_01475,BENIGN,0.470052,0,TN,mass,0.002254486083984375,1,medium,0,0.007617880318386302,3.397249563904948,0.01503275398538377,0.01127238741917641,0.0075149727248451864,Grad-CAM++
59f77287-39dc-4a16-acee-6590d573dc6c,P_01475,BENIGN,0.470052,0,TN,mass,0.002254486083984375,1,medium,0,0.016908153851983743,7.611572277184996,0.010022607385079126,0.007142314413798344,0.002254486083984375,Integrated Gradients
5a47c47e-6f72-4af3-8e9c-38016ee4d440,P_00880,MALIGNANT,0.4680449,1,FN,calcification,0.00066375732421875,1,small,0,0.0,0.0,0.0,0.0,0.0,Grad-CAM
5a47c47e-6f72-4af3-8e9c-38016ee4d440,P_00880,MALIGNANT,0.4680449,1,FN,calcification,0.00066375732421875,1,small,0,0.0012318593904229523,1.8569434105202196,0.0,0.003318773960975796,0.0022125300408173646,Grad-CAM++
5a47c47e-6f72-4af3-8e9c-38016ee4d440,P_00880,MALIGNANT,0.4680449,1,FN,calcification,0.00066375732421875,1,small,0,0.014111266575301665,21.54965693950287,0.004033025149336073,0.00066375732421875,0.00066375732421875,Integrated Gradients
5a7154cb-9d47-480e-bd94-1aa0d2e4a21d,P_00079,MALIGNANT,0.38535008,1,FN,mass,0.01032257080078125,1,large,0,0.0171265650318017,1.6706231866289587,0.0,0.0186228684390415,0.0287835291439555,Grad-CAM
5a7154cb-9d47-480e-bd94-1aa0d2e4a21d,P_00079,MALIGNANT,0.38535008,1,FN,mass,0.01032257080078125,1,large,0,0.035795597984519395,3.5593138594729283,0.10129088762804159,0.051612657117244276,0.034408656841676946,Grad-CAM++
5a7154cb-9d47-480e-bd94-1aa0d2e4a21d,P_00079,MALIGNANT,0.38535008,1,FN,mass,0.01032257080078125,1,large,0,0.08171868274270401,8.532010228443072,0.043890994405342,0.029925466534660862,0.01032257080078125,Integrated Gradients
5e552de1-b5c5-4b78-a086-4136f27d6d9f,P_01385,BENIGN,0.31032702,0,TN,calcification,0.001201629638671875,1,small,0,0.0115544082694249,9.716325728156487,0.0120160213618157,0.0060081252741803,0.0040054423152728,Grad-CAM
5e552de1-b5c5-4b78-a086-4136f27d6d9f,P_01385,BENIGN,0.31032702,0,TN,calcification,0.001201629638671875,1,small,0,0.003982939037526622,3.3238700684561633,0.011668700427089689,0.006006521366054574,0.004005442315272815,Grad-CAM++
5e552de1-b5c5-4b78-a086-4136f27d6d9f,P_01385,BENIGN,0.31032702,0,TN,calcification,0.001201629638671875,1,small,0,0.002846492870171787,2.3727682706121485,0.004505698383249403,0.001201629638671875,0.001201629638671875,Integrated Gradients
5ed360cf-44ca-48ba-95f2-96c97a365eb1,P_00486,BENIGN,0.3159402,0,TN,calcification,0.039394378662109375,1,large,0,0.0749084528729466,1.9744982037390344,0.1065536552141667,0.1042953421668514,0.0836652415926724,Grad-CAM
5ed360cf-44ca-48ba-95f2-96c97a365eb1,P_00486,BENIGN,0.3159402,0,TN,calcification,0.039394378662109375,1,large,0,0.12043014948919284,3.3386876594180785,0.14454850126851881,0.17239575549245253,0.1304237341973191,Grad-CAM++
5ed360cf-44ca-48ba-95f2-96c97a365eb1,P_00486,BENIGN,0.3159402,0,TN,calcification,0.039394378662109375,1,large,0,0.22700814135597627,7.16106223746976,0.19033193263624223,0.039394378662109375,0.039394378662109375,Integrated Gradients
602dec66-91f5-4d25-a258-1c65a80f8571,P_00797,MALIGNANT,0.8676845,1,TP,mass,0.008922576904296875,2,large,0,0.0650503046351103,7.7282003158974995,0.0658852514091604,0.0333194973774574,0.0223450992273897,Grad-CAM
602dec66-91f5-4d25-a258-1c65a80f8571,P_00797,MALIGNANT,0.8676845,1,TP,mass,0.008922576904296875,2,large,0,0.04291780402580409,4.980873286549816,0.06588525140916048,0.033338993603894265,0.024181105349690146,Grad-CAM++
602dec66-91f5-4d25-a258-1c65a80f8571,P_00797,MALIGNANT,0.8676845,1,TP,mass,0.008922576904296875,2,large,1,0.1751242622727474,23.581697301819784,0.04954789384694553,0.008922576904296875,0.008922576904296875,Integrated Gradients
603bbfa1-0e04-48fe-9ae1-0319983b80ce,P_00831,MALIGNANT,0.34265932,1,FN,mass,0.00653839111328125,1,large,0,3.8170634440077914e-08,5.799753717710543e-06,0.0,0.0,0.0,Grad-CAM
603bbfa1-0e04-48fe-9ae1-0319983b80ce,P_00831,MALIGNANT,0.34265932,1,FN,mass,0.00653839111328125,1,large,0,0.009437745519045521,1.4476601303605283,0.0062691406953702036,0.014255741635757371,0.014211609092400702,Grad-CAM++
603bbfa1-0e04-48fe-9ae1-0319983b80ce,P_00831,MALIGNANT,0.34265932,1,FN,mass,0.00653839111328125,1,large,0,0.025148064636032,3.919639587727366,0.025670216672787367,0.020564728945185854,0.00653839111328125,Integrated Gradients
6152adb3-b164-42ab-80ab-c7f74d8f813d,P_01788,MALIGNANT,0.31391472,1,FN,mass,0.002246856689453125,1,medium,0,0.0004326353368284,0.1922018601200892,0.0,0.0,0.0,Grad-CAM
6152adb3-b164-42ab-80ab-c7f74d8f813d,P_01788,MALIGNANT,0.31391472,1,FN,mass,0.002246856689453125,1,medium,0,0.004194095814785632,1.8703006584932231,0.0016068158887933934,0.008829013966586748,0.007489541345065676,Grad-CAM++
6152adb3-b164-42ab-80ab-c7f74d8f813d,P_01788,MALIGNANT,0.31391472,1,FN,mass,0.002246856689453125,1,medium,0,0.004840005909978933,2.159735722821746,0.011319046181708422,0.002246856689453125,0.002246856689453125,Integrated Gradients
6275e55d-842f-4330-8331-279dfc2040fa,P_01409,BENIGN,0.16453207,0,TN,calcification,0.001560211181640625,2,medium,0,0.0,0.0,0.0,0.0,0.0,Grad-CAM
6275e55d-842f-4330-8331-279dfc2040fa,P_01409,BENIGN,0.16453207,0,TN,calcification,0.001560211181640625,2,medium,0,0.007117337783428476,4.5873105967398855,0.01560175472057982,0.007801026149650003,0.0052007171649097825,Grad-CAM++
6275e55d-842f-4330-8331-279dfc2040fa,P_01409,BENIGN,0.16453207,0,TN,calcification,0.001560211181640625,2,medium,0,0.006696542859391578,4.314268571543466,0.007530747398297067,0.001560211181640625,0.001560211181640625,Integrated Gradients
628b3803-2fa4-4f65-850a-397d21a59380,P_00328,MALIGNANT,0.14277384,1,FN,mass,0.002956390380859375,2,medium,0,0.0007576000664181,0.2556944342407709,0.0,0.0,0.0002141030969383,Grad-CAM
628b3803-2fa4-4f65-850a-397d21a59380,P_00328,MALIGNANT,0.14277384,1,FN,mass,0.002956390380859375,2,medium,0,0.0034997745822493305,1.1844454274130374,0.0009271277582050807,0.004190102298893964,0.0044392730216145804,Grad-CAM++
628b3803-2fa4-4f65-850a-397d21a59380,P_00328,MALIGNANT,0.14277384,1,FN,mass,0.002956390380859375,2,medium,0,0.021636124644003364,7.458156578240495,0.014547231515242641,0.002956390380859375,0.002956390380859375,Integrated Gradients
62a2a7fa-6cb1-406c-b376-d2d74709e26c,P_00781,BENIGN,0.657889,0,FP,mass,0.00855255126953125,1,large,0,0.150553596628337,20.54608395133249,0.0855235552164791,0.0427625932213088,0.0285085767328306,Grad-CAM
62a2a7fa-6cb1-406c-b376-d2d74709e26c,P_00781,BENIGN,0.657889,0,FP,mass,0.00855255126953125,1,large,0,0.08508084892012388,10.780109020403005,0.08552355521647911,0.04276259322130882,0.02850857673283064,Grad-CAM++
62a2a7fa-6cb1-406c-b376-d2d74709e26c,P_00781,BENIGN,0.657889,0,FP,mass,0.00855255126953125,1,large,1,0.1998633436534836,28.956294072484404,0.05497886854007563,0.00855255126953125,0.00855255126953125,Integrated Gradients
6335e100-0e58-459b-9a7b-83e284170a00,P_01455,MALIGNANT,0.6800202,1,TP,calcification,0.01446533203125,1,large,0,0.1881627970723141,15.790948623257744,0.1446500095365249,0.0723263842529897,0.0482129915703551,Grad-CAM
6335e100-0e58-459b-9a7b-83e284170a00,P_01455,MALIGNANT,0.6800202,1,TP,calcification,0.01446533203125,1,large,0,0.08307869729117333,6.173069036064655,0.13323766003247856,0.07232638425298976,0.04821789606195084,Grad-CAM++
6335e100-0e58-459b-9a7b-83e284170a00,P_01455,MALIGNANT,0.6800202,1,TP,calcification,0.01446533203125,1,large,0,0.1038293023964109,7.893556911280322,0.07056976702700775,0.01446533203125,0.01446533203125,Integrated Gradients
6346db0d-788e-4eb2-8a25-9583c52a6745,P_00635,BENIGN,0.110020585,0,TN,calcification,0.000278472900390625,1,small,0,5.118654457300284e-05,0.1837698177497527,0.0,0.0,0.0007373693712019,Grad-CAM
6346db0d-788e-4eb2-8a25-9583c52a6745,P_00635,BENIGN,0.110020585,0,TN,calcification,0.000278472900390625,1,small,0,0.0003357243015454999,1.2056596192397964,0.0,0.0004192073170731707,0.0009282453619521127,Grad-CAM++
6346db0d-788e-4eb2-8a25-9583c52a6745,P_00635,BENIGN,0.110020585,0,TN,calcification,0.000278472900390625,1,small,0,0.001919057258709156,6.9026887823249865,0.000278472900390625,0.000278472900390625,0.000278472900390625,Integrated Gradients
637cce60-9522-4b55-9e5b-bb1fa4c932d6,P_01409,BENIGN,0.51808757,0,FP,calcification,0.00930023193359375,1,large,0,0.0,0.0,0.0,0.0,0.0,Grad-CAM
637cce60-9522-4b55-9e5b-bb1fa4c932d6,P_01409,BENIGN,0.51808757,0,FP,calcification,0.00930023193359375,1,large,0,0.017685762119054486,1.9178810620586346,0.012008617949351888,0.02589656332971841,0.02834639677345712,Grad-CAM++
637cce60-9522-4b55-9e5b-bb1fa4c932d6,P_01409,BENIGN,0.51808757,0,FP,calcification,0.00930023193359375,1,large,0,0.07108081299986475,8.151222453877711,0.05140907089387935,0.00930023193359375,0.00930023193359375,Integrated Gradients
63a5c634-1fb6-410a-87e5-c91f65b68b5a,P_01387,BENIGN,0.31703147,0,TN,calcification,0.002956390380859375,1,medium,0,0.0002299970945397,0.0775844274338371,0.0,0.0,0.0,Grad-CAM
63a5c634-1fb6-410a-87e5-c91f65b68b5a,P_01387,BENIGN,0.31703147,0,TN,calcification,0.002956390380859375,1,medium,0,0.00627678152393253,2.1302175254678315,0.0025630548642323835,0.012927177534507377,0.009854659664560101,Grad-CAM++
63a5c634-1fb6-410a-87e5-c91f65b68b5a,P_01387,BENIGN,0.31703147,0,TN,calcification,0.002956390380859375,1,medium,0,0.01581374803221344,5.4188842790038185,0.01496690734055355,0.002956390380859375,0.002956390380859375,Integrated Gradients
63b005f3-fef9-4377-be86-a43a3303fa5c,P_02105,MALIGNANT,0.26944733,1,FN,calcification,0.0773162841796875,1,large,0,0.0002224122084568,0.0026548322406149,0.0,0.0,0.0,Grad-CAM
63b005f3-fef9-4377-be86-a43a3303fa5c,P_02105,MALIGNANT,0.26944733,1,FN,calcification,0.0773162841796875,1,large,0,0.08576690150847883,1.1195530578280517,0.022593277015135516,0.06989168187437453,0.12076643286913759,Grad-CAM++
63b005f3-fef9-4377-be86-a43a3303fa5c,P_02105,MALIGNANT,0.26944733,1,FN,calcification,0.0773162841796875,1,large,0,0.3001336416267575,5.117777007254782,0.21378211823689158,0.0773162841796875,0.0773162841796875,Integrated Gradients
63f437bb-25c2-495e-94f9-ee3b8207fe3b,P_00426,BENIGN,0.16311932,0,TN,mass,0.001422882080078125,1,medium,0,0.0,0.0,0.0,0.0,0.0,Grad-CAM
63f437bb-25c2-495e-94f9-ee3b8207fe3b,P_00426,BENIGN,0.16311932,0,TN,mass,0.001422882080078125,1,medium,0,0.003784556780317641,2.666087694168758,0.013300811768741186,0.007114383261172252,0.004742952328878603,Grad-CAM++
63f437bb-25c2-495e-94f9-ee3b8207fe3b,P_00426,BENIGN,0.16311932,0,TN,mass,0.001422882080078125,1,medium,0,0.01197346071695877,8.504793526526948,0.007617387349831356,0.001422882080078125,0.001422882080078125,Integrated Gradients
6519ac0b-77f1-4c37-ac76-f3896c413c85,P_00426,BENIGN,0.35041445,0,TN,mass,0.00235748291015625,1,medium,0,0.0001826210508634,0.0772959095436724,0.0,0.0,0.0,Grad-CAM
6519ac0b-77f1-4c37-ac76-f3896c413c85,P_00426,BENIGN,0.35041445,0,TN,mass,0.00235748291015625,1,medium,0,0.007395879468902884,3.1531171918193066,0.017442080916088423,0.011787369585534724,0.007858296351868571,Grad-CAM++
6519ac0b-77f1-4c37-ac76-f3896c413c85,P_00426,BENIGN,0.35041445,0,TN,mass,0.00235748291015625,1,medium,0,0.03202559167336225,14.001019817500838,0.00235748291015625,0.00235748291015625,0.00235748291015625,Integrated Gradients
653582a9-c2df-456c-86f8-092d2b404ef2,P_00773,MALIGNANT,0.26041415,1,FN,mass,0.001575469970703125,1,medium,0,0.0,0.0,0.0,0.0,0.0,Grad-CAM
653582a9-c2df-456c-86f8-092d2b404ef2,P_00773,MALIGNANT,0.26041415,1,FN,mass,0.001575469970703125,1,medium,0,0.006323102682795212,4.0326471816468725,0.014670578821018939,0.007877319803925309,0.005251579924468802,Grad-CAM++
653582a9-c2df-456c-86f8-092d2b404ef2,P_00773,MALIGNANT,0.26041415,1,FN,mass,0.001575469970703125,1,medium,0,0.012013771432671298,7.706082433061003,0.00840718018632129,0.001575469970703125,0.001575469970703125,Integrated Gradients
6574a006-c9f0-45dd-b41a-370954ed3834,P_01261,MALIGNANT,0.9420659,1,TP,mass,0.003299713134765625,1,medium,0,0.0512441374929891,16.314660930011843,0.0329963761205416,0.0164985027370348,0.010999071754638,Grad-CAM
6574a006-c9f0-45dd-b41a-370954ed3834,P_01261,MALIGNANT,0.9420659,1,TP,mass,0.003299713134765625,1,medium,0,0.03475098995330504,10.874674919829141,0.032996376120541675,0.016498502737034848,0.010999071754638047,Grad-CAM++
6574a006-c9f0-45dd-b41a-370954ed3834,P_01261,MALIGNANT,0.9420659,1,TP,mass,0.003299713134765625,1,medium,0,0.04541205533952421,14.369562094615453,0.018926139142867893,0.010964413081417407,0.003299713134765625,Integrated Gradients
657ec130-f060-4193-9744-9cd140702dcd,P_00598,MALIGNANT,0.6936919,1,TP,mass,0.008960723876953125,1,large,0,0.1226573517063314,15.462224236717704,0.0896051878695403,0.0448034484731732,0.0298691555510344,Grad-CAM
657ec130-f060-4193-9744-9cd140702dcd,P_00598,MALIGNANT,0.6936919,1,TP,mass,0.008960723876953125,1,large,0,0.07036417572341029,8.371178204458749,0.08960518786954035,0.044803448473173246,0.02986915555103442,Grad-CAM++
657ec130-f060-4193-9744-9cd140702dcd,P_00598,MALIGNANT,0.6936919,1,TP,mass,0.008960723876953125,1,large,1,0.18187361256522502,24.58651560661711,0.0539054717189979,0.008960723876953125,0.008960723876953125,Integrated Gradients
659b5502-a2e1-4896-9d78-568a9c92166c,P_01623,MALIGNANT,0.37850758,1,FN,mass,0.003753662109375,1,medium,0,0.0002574276698694,0.0683405644384613,0.0,0.0,0.0001758506776531,Grad-CAM
659b5502-a2e1-4896-9d78-568a9c92166c,P_01623,MALIGNANT,0.37850758,1,FN,mass,0.003753662109375,1,medium,0,0.009636203261777507,2.5823956329548485,0.003393957280407275,0.01876823895172519,0.012512238851518889,Grad-CAM++
659b5502-a2e1-4896-9d78-568a9c92166c,P_01623,MALIGNANT,0.37850758,1,FN,mass,0.003753662109375,1,medium,0,0.027488393796833793,7.501810701291129,0.019070813038591233,0.003753662109375,0.003753662109375,Integrated Gradients
65af4185-7d29-45ff-99e7-f141afa1c4bb,P_00112,BENIGN,0.35921666,0,TN,calcification,0.00528717041015625,6,large,0,0.0230398054585383,4.436865732977023,0.0151905252317198,0.0218167318573652,0.0145664300202839,Grad-CAM
65af4185-7d29-45ff-99e7-f141afa1c4bb,P_00112,BENIGN,0.35921666,0,TN,calcification,0.00528717041015625,6,large,0,0.016473661579699175,3.151218469385577,0.024954510007798286,0.022321428571428572,0.017623946187200385,Grad-CAM++
65af4185-7d29-45ff-99e7-f141afa1c4bb,P_00112,BENIGN,0.35921666,0,TN,calcification,0.00528717041015625,6,large,0,0.02252992931726739,4.336413819705628,0.020105702775621834,0.00528717041015625,0.00528717041015625,Integrated Gradients
662393fe-edeb-4e84-aa5c-fa33758a80a2,P_00392,MALIGNANT,0.32926923,1,FN,calcification,0.001194000244140625,1,small,0,0.0013284946212155,1.1127914835997958,0.0,0.0007399958256645,0.0028068838508922,Grad-CAM
662393fe-edeb-4e84-aa5c-fa33758a80a2,P_00392,MALIGNANT,0.32926923,1,FN,calcification,0.001194000244140625,1,small,0,0.0029464708302318794,2.472067863519566,0.000867760799849085,0.0055480353091456784,0.003980010935493305,Grad-CAM++
662393fe-edeb-4e84-aa5c-fa33758a80a2,P_00392,MALIGNANT,0.32926923,1,FN,calcification,0.001194000244140625,1,small,0,0.005874282971501788,4.942996221929046,0.0058772229173776214,0.001194000244140625,0.001194000244140625,Integrated Gradients
663e9b7e-53d1-4477-a5e7-ff24f106bc63,P_00512,BENIGN,0.57261705,0,FP,mass,0.002353668212890625,1,medium,0,5.535709061337684e-08,2.34641396894096e-05,0.0,0.0,0.0,Grad-CAM
663e9b7e-53d1-4477-a5e7-ff24f106bc63,P_00512,BENIGN,0.57261705,0,FP,mass,0.002353668212890625,1,medium,0,0.0033913915001315175,1.4423964086436127,0.0,0.0030443414956982133,0.006181693555552735,Grad-CAM++
663e9b7e-53d1-4477-a5e7-ff24f106bc63,P_00512,BENIGN,0.57261705,0,FP,mass,0.002353668212890625,1,medium,0,0.01614829131462271,6.957099804393351,0.012222725215029425,0.002353668212890625,0.002353668212890625,Integrated Gradients
6689d38d-b850-4c29-b0e3-70478a838abc,P_01052,BENIGN,0.5585991,0,FP,mass,0.001922607421875,1,medium,0,0.0001875880007034,0.0974002530971141,0.0,0.0,0.0,Grad-CAM
6689d38d-b850-4c29-b0e3-70478a838abc,P_01052,BENIGN,0.5585991,0,FP,mass,0.001922607421875,1,medium,0,0.0019662417328982894,1.0227402590478014,0.0,1.889216353056752e-05,0.004225137665896922,Grad-CAM++
6689d38d-b850-4c29-b0e3-70478a838abc,P_01052,BENIGN,0.5585991,0,FP,mass,0.001922607421875,1,medium,0,0.016134152266987268,8.513025512563138,0.01062864059308571,0.001922607421875,0.001922607421875,Integrated Gradients
67fb9a01-2418-4b5f-9aba-ffa58bd3f303,P_01632,MALIGNANT,0.73294145,1,TP,mass,0.003917694091796875,1,medium,0,0.0293289228387304,7.682252693754863,0.0391760442494754,0.0195883957351847,0.0130570211683936,Grad-CAM
67fb9a01-2418-4b5f-9aba-ffa58bd3f303,P_01632,MALIGNANT,0.73294145,1,TP,mass,0.003917694091796875,1,medium,0,0.022082915618357412,5.741416832020125,0.03917604424947549,0.019588022124737745,0.013059013516778352,Grad-CAM++
67fb9a01-2418-4b5f-9aba-ffa58bd3f303,P_01632,MALIGNANT,0.73294145,1,TP,mass,0.003917694091796875,1,medium,1,0.04611812946700368,12.292542932259442,0.02072014687699052,0.012865452754040586,0.003917694091796875,Integrated Gradients
6852ac59-5223-4cf7-9365-d08b1649655d,P_00699,BENIGN,0.2687357,0,TN,mass,0.001377105712890625,1,medium,0,0.0,0.0,0.0,0.0,0.0,Grad-CAM
6852ac59-5223-4cf7-9365-d08b1649655d,P_00699,BENIGN,0.2687357,0,TN,mass,0.001377105712890625,1,medium,0,0.00041459044393881236,0.3007694134806092,0.0,0.0,0.0,Grad-CAM++
6852ac59-5223-4cf7-9365-d08b1649655d,P_00699,BENIGN,0.2687357,0,TN,mass,0.001377105712890625,1,medium,0,0.0029406961136358347,2.1387666250740724,0.004346018668984543,0.004223101506619997,0.001377105712890625,Integrated Gradients
69640277-3ace-42c6-b147-ebcba6bf5bcf,P_01182,BENIGN,0.28811073,0,TN,mass,0.002079010009765625,1,medium,0,0.0,0.0,0.0,0.0,0.0,Grad-CAM
69640277-3ace-42c6-b147-ebcba6bf5bcf,P_01182,BENIGN,0.28811073,0,TN,mass,0.002079010009765625,1,medium,0,0.0010169388054252222,0.48862572488680395,0.0,0.0,0.0,Grad-CAM++
69640277-3ace-42c6-b147-ebcba6bf5bcf,P_01182,BENIGN,0.28811073,0,TN,mass,0.002079010009765625,1,medium,0,0.02709012183277946,13.365274640768897,0.0115672488092538,0.002079010009765625,0.002079010009765625,Integrated Gradients
69b7e3f4-221d-4ef5-a508-ea85b7667bc0,P_00510,BENIGN,0.033870444,0,TN,calcification,0.005615234375,3,large,0,0.0009491575553656,0.1682430962018961,0.0005420641803989,0.0015980674533122,0.0016252844247743,Grad-CAM
69b7e3f4-221d-4ef5-a508-ea85b7667bc0,P_00510,BENIGN,0.033870444,0,TN,calcification,0.005615234375,3,large,0,0.016808719314359965,3.027492672120718,0.04656964656964657,0.025396644218696494,0.016958834207085646,Grad-CAM++
69b7e3f4-221d-4ef5-a508-ea85b7667bc0,P_00510,BENIGN,0.033870444,0,TN,calcification,0.005615234375,3,large,0,0.01654293636168391,2.978816989406118,0.017231244029686236,0.015907420321540983,0.005615234375,Integrated Gradients
6a39ecc5-c5ae-459c-adc0-708558916d0b,P_01553,MALIGNANT,0.4935321,1,FN,mass,0.001323699951171875,1,small,0,0.0,0.0,0.0,0.0,0.0,Grad-CAM
6a39ecc5-c5ae-459c-adc0-708558916d0b,P_01553,MALIGNANT,0.4935321,1,FN,mass,0.001323699951171875,1,small,0,0.0010045706737301136,0.758668739608724,0.0,0.0,0.0,Grad-CAM++
6a39ecc5-c5ae-459c-adc0-708558916d0b,P_01553,MALIGNANT,0.4935321,1,FN,mass,0.001323699951171875,1,small,0,0.007003450104783748,5.321076815671061,0.006022042949664811,0.00418601111195677,0.001323699951171875,Integrated Gradients
6aadc716-3896-46e5-bdbb-60954254fa4a,P_00598,MALIGNANT,0.89951915,1,TP,mass,0.00568389892578125,1,large,0,0.1121334506228555,22.093550909506945,0.0568376883463665,0.0284193862175513,0.0189463779357349,Grad-CAM
6aadc716-3896-46e5-bdbb-60954254fa4a,P_00598,MALIGNANT,0.89951915,1,TP,mass,0.00568389892578125,1,large,0,0.06300716327190718,11.763370602078908,0.056837688346366586,0.028419386217551357,0.018946377935734903,Grad-CAM++
6aadc716-3896-46e5-bdbb-60954254fa4a,P_00598,MALIGNANT,0.89951915,1,TP,mass,0.00568389892578125,1,large,1,0.1398101617273308,28.432987118270052,0.034927157265595817,0.00568389892578125,0.00568389892578125,Integrated Gradients
6ab0591c-34da-4eb8-a484-d097ea0a4789,P_00005,MALIGNANT,0.5071081,1,TP,calcification,0.01102447509765625,1,large,0,0.0,0.0,0.0,0.0,0.0,Grad-CAM
6ab0591c-34da-4eb8-a484-d097ea0a4789,P_00005,MALIGNANT,0.5071081,1,TP,calcification,0.01102447509765625,1,large,0,0.06143838229899321,5.87225098999447,0.08112625831135545,0.04725214395244496,0.03324040045621594,Grad-CAM++
6ab0591c-34da-4eb8-a484-d097ea0a4789,P_00005,MALIGNANT,0.5071081,1,TP,calcification,0.01102447509765625,1,large,1,0.11189925154554672,11.302969346856237,0.05602118936177933,0.01102447509765625,0.01102447509765625,Integrated Gradients
6b2281e1-94dd-432c-a907-f97a7fb27a16,P_00485,MALIGNANT,0.68216187,1,TP,calcification,0.00313568115234375,1,medium,0,0.000890125874441,0.2832319599303785,0.0,0.0,0.0008186397984886,Grad-CAM
6b2281e1-94dd-432c-a907-f97a7fb27a16,P_00485,MALIGNANT,0.68216187,1,TP,calcification,0.00313568115234375,1,medium,0,0.0028807791844270726,0.9184743956946525,0.0,0.0,0.0,Grad-CAM++
6b2281e1-94dd-432c-a907-f97a7fb27a16,P_00485,MALIGNANT,0.68216187,1,TP,calcification,0.00313568115234375,1,medium,0,0.00794076984906625,2.5446562445771828,0.009521320289746844,0.008255230521632111,0.00313568115234375,Integrated Gradients
6b2c645d-67e9-49dc-af5a-0c8d46b94209,P_01639,BENIGN,0.85173666,0,FP,calcification,0.000919342041015625,1,small,0,0.0018132962082392,1.974151287108181,0.0028429551571206,0.0045966926700871,0.0030644812634309,Grad-CAM
6b2c645d-67e9-49dc-af5a-0c8d46b94209,P_01639,BENIGN,0.85173666,0,FP,calcification,0.000919342041015625,1,small,0,0.0021183478050900225,2.306968369582273,0.0007565441065214102,0.004154992662054244,0.0030644422969330148,Grad-CAM++
6b2c645d-67e9-49dc-af5a-0c8d46b94209,P_01639,BENIGN,0.85173666,0,FP,calcification,0.000919342041015625,1,small,0,0.0037959416220517492,4.140899568428987,0.000919342041015625,0.000919342041015625,0.000919342041015625,Integrated Gradients
6b7efff1-5989-49cd-ac80-b4cecc2d1152,P_01133,BENIGN,0.09781553,0,TN,mass,0.00379180908203125,1,medium,0,0.0,0.0,0.0,0.0,0.0,Grad-CAM
6b7efff1-5989-49cd-ac80-b4cecc2d1152,P_01133,BENIGN,0.09781553,0,TN,mass,0.00379180908203125,1,medium,0,0.009023330144907374,2.392252503044497,0.005543442107986252,0.01804634499580761,0.012639395750416439,Grad-CAM++
6b7efff1-5989-49cd-ac80-b4cecc2d1152,P_01133,BENIGN,0.09781553,0,TN,mass,0.00379180908203125,1,medium,0,0.034140364531638885,9.286622119267097,0.02005698432930944,0.00379180908203125,0.00379180908203125,Integrated Gradients
6c046ec0-a900-4d85-a4cd-cc94584d5c96,P_01741,MALIGNANT,0.97810006,1,TP,mass,0.005573272705078125,1,large,0,0.143874400789787,29.98530044694573,0.0557314514590883,0.0278662572240553,0.018577622928932,Grad-CAM
6c046ec0-a900-4d85-a4cd-cc94584d5c96,P_01741,MALIGNANT,0.97810006,1,TP,mass,0.005573272705078125,1,large,0,0.11653065569578458,23.53483514893994,0.05573145145908831,0.02786625722405539,0.01857573330281878,Grad-CAM++
6c046ec0-a900-4d85-a4cd-cc94584d5c96,P_01741,MALIGNANT,0.97810006,1,TP,mass,0.005573272705078125,1,large,0,0.08344704077891062,16.244855149702904,0.030648344691468366,0.0181179271126561,0.005573272705078125,Integrated Gradients
6c37715f-8426-4aab-8242-4f84dd47bc66,P_01599,BENIGN,0.76763713,0,FP,mass,0.001041412353515625,1,small,0,0.0025956254656861,2.4962929981551354,0.0055043085449645,0.003924108503505,0.0028587764436821,Grad-CAM
6c37715f-8426-4aab-8242-4f84dd47bc66,P_01599,BENIGN,0.76763713,0,FP,mass,0.001041412353515625,1,small,0,0.0052917504869281744,5.1030339198612165,0.01041388518024032,0.005207041904289611,0.0034713833399031063,Grad-CAM++
6c37715f-8426-4aab-8242-4f84dd47bc66,P_01599,BENIGN,0.76763713,0,FP,mass,0.001041412353515625,1,small,1,0.01675138757631737,16.34226269255314,0.006230056222458593,0.001041412353515625,0.001041412353515625,Integrated Gradients
6c46c8ad-3a1c-4cd4-a49c-147af3299a52,P_01628,BENIGN,0.3429085,0,TN,calcification,0.000946044921875,2,small,0,2.165648246664672e-06,0.0022869989498527,0.0,0.0,0.0,Grad-CAM
6c46c8ad-3a1c-4cd4-a49c-147af3299a52,P_01628,BENIGN,0.3429085,0,TN,calcification,0.000946044921875,2,small,0,0.007825374822310483,8.329026093262295,0.009455904220841117,0.004730206565068951,0.0031534910926592323,Grad-CAM++
6c46c8ad-3a1c-4cd4-a49c-147af3299a52,P_01628,BENIGN,0.3429085,0,TN,calcification,0.000946044921875,2,small,1,0.018757375041659953,20.18705352158529,0.006006462649686371,0.000946044921875,0.000946044921875,Integrated Gradients
6c4d6b66-d3fa-4c6e-b6bc-f20daa075ced,P_01524,MALIGNANT,0.2271962,1,FN,calcification,0.00904083251953125,1,large,0,0.012266635957181,1.361234841922739,0.0203462430840621,0.0146835536792208,0.0109943593071432,Grad-CAM
6c4d6b66-d3fa-4c6e-b6bc-f20daa075ced,P_01524,MALIGNANT,0.2271962,1,FN,calcification,0.00904083251953125,1,large,0,0.076671466271819,9.1017485765607,0.09040625596032806,0.0452039901581186,0.030136185038719277,Grad-CAM++
6c4d6b66-d3fa-4c6e-b6bc-f20daa075ced,P_01524,MALIGNANT,0.2271962,1,FN,calcification,0.00904083251953125,1,large,0,0.060156960187572536,7.015811671591884,0.04051397786837507,0.02903122828760821,0.00904083251953125,Integrated Gradients
6c6aafc3-ae0d-4290-bdf3-8c13b83df01c,P_01884,BENIGN,0.35802364,0,TN,calcification,0.000415802001953125,1,small,0,7.220152958395078e-09,1.7357173931622275e-05,0.0,0.0,0.0,Grad-CAM
6c6aafc3-ae0d-4290-bdf3-8c13b83df01c,P_01884,BENIGN,0.35802364,0,TN,calcification,0.000415802001953125,1,small,0,0.00042909266410379854,1.0319778740081307,0.0,0.0,0.0013860101979832917,Grad-CAM++
6c6aafc3-ae0d-4290-bdf3-8c13b83df01c,P_01884,BENIGN,0.35802364,0,TN,calcification,0.000415802001953125,1,small,0,0.0015037954824685669,3.620555081281232,0.0020937226388518786,0.000415802001953125,0.000415802001953125,Integrated Gradients
6cf2e84f-6e16-49d1-be12-9cba6d8ff090,P_01769,BENIGN,0.8500211,0,FP,calcification,0.00042724609375,1,small,0,0.0008803716439669,2.06150632251038,0.0032390823870131,0.0021362223197085,0.0014241572676525,Grad-CAM
6cf2e84f-6e16-49d1-be12-9cba6d8ff090,P_01769,BENIGN,0.8500211,0,FP,calcification,0.00042724609375,1,small,0,0.0004917738752596175,1.1511062411969644,0.0,5.710152651414215e-05,0.0014241572676525565,Grad-CAM++
6cf2e84f-6e16-49d1-be12-9cba6d8ff090,P_01769,BENIGN,0.8500211,0,FP,calcification,0.00042724609375,1,small,0,0.005899227069201013,13.883564865657483,0.0029333333333333334,0.001792285545407745,0.00042724609375,Integrated Gradients
6e2624b4-57f5-403e-b63b-9e37aa81234a,P_00702,MALIGNANT,0.849014,1,TP,mass,0.000762939453125,1,small,0,0.0008635773612552,1.1320219691575444,0.0,0.0033171289676865,0.0025431379779509,Grad-CAM
6e2624b4-57f5-403e-b63b-9e37aa81234a,P_00702,MALIGNANT,0.849014,1,TP,mass,0.000762939453125,1,small,0,0.0012310371288208216,1.6143011411853687,0.0,0.003814682713765283,0.0025431379779509936,Grad-CAM++
6e2624b4-57f5-403e-b63b-9e37aa81234a,P_00702,MALIGNANT,0.849014,1,TP,mass,0.000762939453125,1,small,1,0.016406868994555457,21.846842013429708,0.005213486566709795,0.002877396242234841,0.000762939453125,Integrated Gradients
6e34b589-7d44-4187-8381-4e41a9f1edea,P_01418,MALIGNANT,0.9515577,1,TP,mass,0.003246307373046875,1,medium,0,2.2336995118178036e-05,0.0068585540227439,0.0,0.0,0.0,Grad-CAM
6e34b589-7d44-4187-8381-4e41a9f1edea,P_01418,MALIGNANT,0.9515577,1,TP,mass,0.003246307373046875,1,medium,0,0.0014142971365626296,0.43486399569145523,0.0,0.0,0.0016758861405476242,Grad-CAM++
6e34b589-7d44-4187-8381-4e41a9f1edea,P_01418,MALIGNANT,0.9515577,1,TP,mass,0.003246307373046875,1,medium,0,0.04493091872817498,14.444707401328104,0.003246307373046875,0.003246307373046875,0.003246307373046875,Integrated Gradients
6edd652b-89c7-4d19-95e6-9725b51bead1,P_01639,BENIGN,0.8085678,0,FP,calcification,0.00152587890625,1,medium,0,8.115431156506715e-05,0.0531084308403093,0.0,0.0,0.0,Grad-CAM
6edd652b-89c7-4d19-95e6-9725b51bead1,P_01639,BENIGN,0.8085678,0,FP,calcification,0.00152587890625,1,medium,0,0.000661613401606561,0.43321987701950043,0.0,0.0,3.7955465587044536e-05,Grad-CAM++
6edd652b-89c7-4d19-95e6-9725b51bead1,P_01639,BENIGN,0.8085678,0,FP,calcification,0.00152587890625,1,medium,0,0.009718902643007895,6.422076535634005,0.008831779243423547,0.00152587890625,0.00152587890625,Integrated Gradients
6edea915-254e-4f75-b1a2-2d96f66ab47b,P_00220,BENIGN,0.31776175,0,TN,calcification,0.00814056396484375,1,large,0,0.0,0.0,0.0,0.0,0.0,Grad-CAM
6edea915-254e-4f75-b1a2-2d96f66ab47b,P_00220,BENIGN,0.31776175,0,TN,calcification,0.00814056396484375,1,large,0,0.01589245385012705,1.9676330217862825,0.009400035606195479,0.028655996078653167,0.024815721698532116,Grad-CAM++
6edea915-254e-4f75-b1a2-2d96f66ab47b,P_00220,BENIGN,0.31776175,0,TN,calcification,0.00814056396484375,1,large,0,0.05766951833713109,7.456562304525059,0.037816664226094594,0.00814056396484375,0.00814056396484375,Integrated Gradients
6f78a778-bfd6-4f1e-8230-22f697458e0e,P_02154,MALIGNANT,0.80052686,1,TP,calcification,0.00336456298828125,1,medium,0,0.0001184309432137,0.0350852146112314,0.0,0.0,0.0,Grad-CAM
6f78a778-bfd6-4f1e-8230-22f697458e0e,P_02154,MALIGNANT,0.80052686,1,TP,calcification,0.00336456298828125,1,medium,0,0.001034782012110226,0.3068358914678003,0.0,0.0,0.0,Grad-CAM++
6f78a778-bfd6-4f1e-8230-22f697458e0e,P_02154,MALIGNANT,0.80052686,1,TP,calcification,0.00336456298828125,1,medium,0,0.011693430160256636,3.5047569181299765,0.014526938485154817,0.00336456298828125,0.00336456298828125,Integrated Gradients
71874481-0cdd-48f1-b455-4568debc8979,P_01383,MALIGNANT,0.6803766,1,TP,mass,0.00579071044921875,1,large,0,0.0001926452969762,0.0330817119989653,0.0,0.0,0.0,Grad-CAM
71874481-0cdd-48f1-b455-4568debc8979,P_01383,MALIGNANT,0.6803766,1,TP,mass,0.00579071044921875,1,large,0,0.004072962842380448,0.7021483744102479,0.0,0.00033377218194292495,0.006327127559410974,Grad-CAM++
71874481-0cdd-48f1-b455-4568debc8979,P_01383,MALIGNANT,0.6803766,1,TP,mass,0.00579071044921875,1,large,0,0.04025737036848751,7.201725237201968,0.02920656127068953,0.00579071044921875,0.00579071044921875,Integrated Gradients
722b3ce1-2587-465b-bb1e-5440ca2366d5,P_00855,MALIGNANT,0.58039016,1,TP,calcification,0.00167083740234375,1,medium,0,0.0034274818123797,2.0549707936977555,0.0046741301971427,0.0083344458642458,0.0055694721717126,Grad-CAM
722b3ce1-2587-465b-bb1e-5440ca2366d5,P_00855,MALIGNANT,0.58039016,1,TP,calcification,0.00167083740234375,1,medium,0,0.00507027028666284,3.044936371451447,0.006986404833836858,0.008238771812720511,0.005569472171712676,Grad-CAM++
722b3ce1-2587-465b-bb1e-5440ca2366d5,P_00855,MALIGNANT,0.58039016,1,TP,calcification,0.00167083740234375,1,medium,0,0.013428436979953252,8.132733462227034,0.009659822713841958,0.00167083740234375,0.00167083740234375,Integrated Gradients
72ef9b96-d3fc-4932-8029-5b142920e954,P_01345,MALIGNANT,0.31702656,1,FN,calcification,0.00203704833984375,1,medium,0,0.0003039600639116,0.1489572112175785,0.0,0.0,0.0,Grad-CAM
72ef9b96-d3fc-4932-8029-5b142920e954,P_01345,MALIGNANT,0.31702656,1,FN,calcification,0.00203704833984375,1,medium,0,0.0012471201077966097,0.6117349683168016,0.0,0.0,0.0,Grad-CAM++
72ef9b96-d3fc-4932-8029-5b142920e954,P_01345,MALIGNANT,0.31702656,1,FN,calcification,0.00203704833984375,1,medium,0,0.0062686540256487846,3.0904265891203138,0.0066990327800986035,0.005811193193687449,0.004503818730811195,Integrated Gradients
7371a5d4-f85a-4155-a170-3d3710120970,P_00968,MALIGNANT,0.35442764,1,FN,mass,0.004123687744140625,1,medium,0,0.0024780887136332,0.5999484110133183,0.0057850326098971,0.0068680026343023,0.0057653247883734,Grad-CAM
7371a5d4-f85a-4155-a170-3d3710120970,P_00968,MALIGNANT,0.35442764,1,FN,mass,0.004123687744140625,1,medium,0,0.018064360030067637,4.442824356708374,0.041235933625786765,0.020618360067901353,0.013744786898586105,Grad-CAM++
7371a5d4-f85a-4155-a170-3d3710120970,P_00968,MALIGNANT,0.35442764,1,FN,mass,0.004123687744140625,1,medium,0,0.038898451353613896,9.774232081615677,0.02366397899868742,0.004123687744140625,0.004123687744140625,Integrated Gradients
73acfb03-8ab7-4fc9-8a6a-65f1e620e6f6,P_00156,BENIGN,0.16136935,0,TN,mass,0.004573822021484375,1,medium,0,0.0036651589689845,0.8006029125498815,0.0060552680832324,0.0056255625562556,0.0050983798481815,Grad-CAM
73acfb03-8ab7-4fc9-8a6a-65f1e620e6f6,P_00156,BENIGN,0.16136935,0,TN,mass,0.004573822021484375,1,medium,0,0.003981354620457043,0.8699477126247273,0.0001459321415541773,0.003499186018225707,0.005579415357876044,Grad-CAM++
73acfb03-8ab7-4fc9-8a6a-65f1e620e6f6,P_00156,BENIGN,0.16136935,0,TN,mass,0.004573822021484375,1,medium,0,0.026758215786572934,5.983649546333298,0.026664669313160062,0.004573822021484375,0.004573822021484375,Integrated Gradients
74a6e6e5-01b9-48a5-8277-f731e39dbca0,P_01474,MALIGNANT,0.6486597,1,TP,mass,0.0040283203125,1,medium,1,0.1004929777127381,27.62193131052899,0.0402822811367537,0.0201415247286806,0.0134277685235812,Grad-CAM
74a6e6e5-01b9-48a5-8277-f731e39dbca0,P_01474,MALIGNANT,0.6486597,1,TP,mass,0.0040283203125,1,medium,1,0.059752603404733116,15.71222856455504,0.040282281136753764,0.020141524728680693,0.013427768523581247,Grad-CAM++
74a6e6e5-01b9-48a5-8277-f731e39dbca0,P_01474,MALIGNANT,0.6486597,1,TP,mass,0.0040283203125,1,medium,0,0.0678229303235354,17.98875448064098,0.021615344272121077,0.0040283203125,0.0040283203125,Integrated Gradients
758f6c9c-b7e2-4a6c-b73c-db5e4190ed62,P_01379,MALIGNANT,0.67051387,1,TP,mass,0.00128173828125,1,small,0,0.0,0.0,0.0,0.0,0.0,Grad-CAM
758f6c9c-b7e2-4a6c-b73c-db5e4190ed62,P_01379,MALIGNANT,0.67051387,1,TP,mass,0.00128173828125,1,small,0,0.0006015890348333603,0.46903458030199946,0.0,0.0,0.0,Grad-CAM++
758f6c9c-b7e2-4a6c-b73c-db5e4190ed62,P_01379,MALIGNANT,0.67051387,1,TP,mass,0.00128173828125,1,small,0,0.004880298335264763,3.821331143776668,0.00128173828125,0.00128173828125,0.00128173828125,Integrated Gradients
76069014-2437-46f5-9308-c72e6b4225c2,P_00524,MALIGNANT,0.1668721,1,FN,mass,0.00180816650390625,1,medium,0,0.0,0.0,0.0,0.0,0.0,Grad-CAM
76069014-2437-46f5-9308-c72e6b4225c2,P_00524,MALIGNANT,0.1668721,1,FN,mass,0.00180816650390625,1,medium,0,0.007796291063497607,4.337733316623729,0.018081251192065613,0.00904079803162372,0.006027237007743855,Grad-CAM++
76069014-2437-46f5-9308-c72e6b4225c2,P_00524,MALIGNANT,0.1668721,1,FN,mass,0.00180816650390625,1,medium,0,0.009654569722960972,5.381729204347556,0.008768945836640587,0.005856069968628197,0.00180816650390625,Integrated Gradients
762443fa-0a46-4c72-ba72-d4d0b0e30133,P_00626,BENIGN,0.19598113,0,TN,mass,0.002964019775390625,1,medium,0,0.00241275279229,0.8135636414119357,0.0,0.0063932813800408,0.0080855006790805,Grad-CAM
762443fa-0a46-4c72-ba72-d4d0b0e30133,P_00626,BENIGN,0.19598113,0,TN,mass,0.002964019775390625,1,medium,0,0.00543406415868784,1.837895608126753,0.0,0.010464343367201595,0.00988009104433961,Grad-CAM++
762443fa-0a46-4c72-ba72-d4d0b0e30133,P_00626,BENIGN,0.19598113,0,TN,mass,0.002964019775390625,1,medium,0,0.007812147445024898,2.6485376688702624,0.009424083769633508,0.00919937026991142,0.002964019775390625,Integrated Gradients
767f4b4e-db6e-49b4-ac18-11b3c3f53394,P_01265,BENIGN,0.11619766,0,TN,mass,0.000904083251953125,1,small,0,0.0022617138036721,2.505068620410147,0.0090406255960328,0.0045203990158118,0.0030134652307144,Grad-CAM
767f4b4e-db6e-49b4-ac18-11b3c3f53394,P_01265,BENIGN,0.11619766,0,TN,mass,0.000904083251953125,1,small,0,0.002108831086887671,2.335378521372101,0.0,0.004520312798016403,0.0030136185038719277,Grad-CAM++
767f4b4e-db6e-49b4-ac18-11b3c3f53394,P_01265,BENIGN,0.11619766,0,TN,mass,0.000904083251953125,1,small,0,0.003929410108177004,4.359493685280881,0.004290216029462015,0.003219231575137627,0.000904083251953125,Integrated Gradients
76d8568d-1dfa-41d5-af1c-3d145a53a1dd,P_00604,MALIGNANT,0.87697136,1,TP,mass,0.001064300537109375,1,small,0,0.0010849072997538,1.0193827235013504,0.0,0.0001328248040834,0.0027061708317981,Grad-CAM
76d8568d-1dfa-41d5-af1c-3d145a53a1dd,P_00604,MALIGNANT,0.87697136,1,TP,mass,0.001064300537109375,1,small,0,0.003289927823960372,3.0980665862099235,0.009602926606203795,0.0053214823857025695,0.003547046035317899,Grad-CAM++
76d8568d-1dfa-41d5-af1c-3d145a53a1dd,P_00604,MALIGNANT,0.87697136,1,TP,mass,0.001064300537109375,1,small,0,0.004514360520819929,4.256321776028451,0.004207254671568813,0.003254848963587567,0.001064300537109375,Integrated Gradients
782c8a19-3f36-4ac5-a363-017a51504323,P_01332,BENIGN,0.13495894,0,TN,mass,0.000522613525390625,1,small,0,0.0043247112534756,8.306758924410595,0.0052236245090936,0.0026130576589292,0.0017420495148964,Grad-CAM
782c8a19-3f36-4ac5-a363-017a51504323,P_01332,BENIGN,0.13495894,0,TN,mass,0.000522613525390625,1,small,0,0.0021979520666974466,4.21275462008664,0.00522601563990082,0.0026130576589292187,0.0017420495148964307,Grad-CAM++
782c8a19-3f36-4ac5-a363-017a51504323,P_01332,BENIGN,0.13495894,0,TN,mass,0.000522613525390625,1,small,0,0.00370495332023763,7.1119246852805045,0.002396439575487847,0.000522613525390625,0.000522613525390625,Integrated Gradients
7980e192-db55-4e3b-a43b-f89312f7dc59,P_01628,BENIGN,0.16356668,0,TN,calcification,0.00150299072265625,3,medium,0,0.0205677622900917,13.950919867198266,0.0085278956943602,0.004277729191224,0.0028548589699668,Grad-CAM
7980e192-db55-4e3b-a43b-f89312f7dc59,P_01628,BENIGN,0.16356668,0,TN,calcification,0.00150299072265625,3,medium,0,0.010418285486251703,6.994151195077707,0.008527895694360218,0.007514924946117607,0.005009981816563458,Grad-CAM++
7980e192-db55-4e3b-a43b-f89312f7dc59,P_01628,BENIGN,0.16356668,0,TN,calcification,0.00150299072265625,3,medium,1,0.015842756717516195,10.694408374571545,0.007878489451157154,0.00150299072265625,0.00150299072265625,Integrated Gradients
7a816379-c6c5-4d5a-ad5d-5bdaf41caaad,P_01660,BENIGN,0.6765249,0,FP,calcification,0.002288818359375,1,medium,0,0.0014705537108747,0.6419679280520963,0.0,0.0065102683824925,0.0050089400068476,Grad-CAM
7a816379-c6c5-4d5a-ad5d-5bdaf41caaad,P_01660,BENIGN,0.6765249,0,FP,calcification,0.002288818359375,1,medium,0,0.0022632594615345,0.9888077314519906,0.0,0.004546401712477979,0.0060048241716389485,Grad-CAM++
7a816379-c6c5-4d5a-ad5d-5bdaf41caaad,P_01660,BENIGN,0.6765249,0,FP,calcification,0.002288818359375,1,medium,0,0.01411319727571371,6.240104115605678,0.011352493022554122,0.002288818359375,0.002288818359375,Integrated Gradients
7b1f89f2-47e0-48b3-8d00-4806a2be723e,P_00308,BENIGN,0.7359254,0,FP,calcification,0.002422332763671875,1,medium,0,0.0036148100770195,1.4940705770752178,0.0,0.0050951794677526,0.0060021572235264,Grad-CAM
7b1f89f2-47e0-48b3-8d00-4806a2be723e,P_00308,BENIGN,0.7359254,0,FP,calcification,0.002422332763671875,1,medium,0,0.004788923232190012,1.9816894677933783,0.005919376592237374,0.01137619573916689,0.008074463079994406,Grad-CAM++
7b1f89f2-47e0-48b3-8d00-4806a2be723e,P_00308,BENIGN,0.7359254,0,FP,calcification,0.002422332763671875,1,medium,0,0.011405229044668699,4.751149154283297,0.010044013091073242,0.007231934400091111,0.002422332763671875,Integrated Gradients
7b2166db-d1a1-43ba-85e7-48f421bbf0fe,P_01365,MALIGNANT,0.55285305,1,TP,calcification,0.00525665283203125,1,large,0,0.0012117715873096,0.2295879233680955,0.0006890549067962,0.0026273618305817,0.0023674716905501,Grad-CAM
7b2166db-d1a1-43ba-85e7-48f421bbf0fe,P_01365,MALIGNANT,0.55285305,1,TP,calcification,0.00525665283203125,1,large,0,0.007104898022860993,1.3541170810782546,0.007558330594807755,0.00926533750961232,0.011988921629380447,Grad-CAM++
7b2166db-d1a1-43ba-85e7-48f421bbf0fe,P_01365,MALIGNANT,0.55285305,1,TP,calcification,0.00525665283203125,1,large,0,0.04223326928908258,8.344430037215234,0.026181709992933913,0.00525665283203125,0.00525665283203125,Integrated Gradients
7ba205bb-6494-41a9-bfca-b42e433297c7,P_00515,BENIGN,0.2862584,0,TN,mass,0.006988525390625,1,large,0,0.0205250757782937,2.9775567281700948,0.0364361996969808,0.0222109189555781,0.0159958590041409,Grad-CAM
7ba205bb-6494-41a9-bfca-b42e433297c7,P_00515,BENIGN,0.2862584,0,TN,mass,0.006988525390625,1,large,0,0.028253694362880884,4.131341037326779,0.05662296564195298,0.03494249365808999,0.023295143878031103,Grad-CAM++
7ba205bb-6494-41a9-bfca-b42e433297c7,P_00515,BENIGN,0.2862584,0,TN,mass,0.006988525390625,1,large,0,0.052484913803311335,7.870767895076856,0.03303867403314917,0.006988525390625,0.006988525390625,Integrated Gradients
7bbc2e6c-b874-4c82-8d96-95b38b35a546,P_01697,BENIGN,0.22753024,0,TN,mass,0.00151824951171875,1,medium,0,1.2728407383955704e-05,0.0083709820106583,0.0,0.0,0.0,Grad-CAM
7bbc2e6c-b874-4c82-8d96-95b38b35a546,P_01697,BENIGN,0.22753024,0,TN,mass,0.00151824951171875,1,medium,0,0.0018568899268662127,1.2234616913702794,0.0,0.0,0.005009727008023193,Grad-CAM++
7bbc2e6c-b874-4c82-8d96-95b38b35a546,P_01697,BENIGN,0.22753024,0,TN,mass,0.00151824951171875,1,medium,0,0.006128128630766908,4.055034275988209,0.00726694674690587,0.00151824951171875,0.00151824951171875,Integrated Gradients
7d56d0aa-1ca2-42e3-8294-4a7c7df0bf12,P_00693,MALIGNANT,0.771555,1,TP,calcification,0.10896682739257812,1,large,1,0.3696551756019839,4.795325215841369,0.408552107171325,0.2924093251847006,0.2194922194922195,Grad-CAM
7d56d0aa-1ca2-42e3-8294-4a7c7df0bf12,P_00693,MALIGNANT,0.771555,1,TP,calcification,0.10896682739257812,1,large,1,0.4140921755983614,5.779194825541502,0.36173809287063735,0.4215209645997508,0.33331675102913927,Grad-CAM++
7d56d0aa-1ca2-42e3-8294-4a7c7df0bf12,P_00693,MALIGNANT,0.771555,1,TP,calcification,0.10896682739257812,1,large,1,0.7604131493656955,25.95293310175614,0.37238200220462975,0.10896682739257812,0.10896682739257812,Integrated Gradients
7e312056-cc11-473d-bb54-31ea918c5ac4,P_00912,BENIGN,0.70948243,0,FP,calcification,0.000762939453125,1,small,0,0.0003744609548259,0.4906225929468479,0.0,0.0003231202007146,0.0016133949895828,Grad-CAM
7e312056-cc11-473d-bb54-31ea918c5ac4,P_00912,BENIGN,0.70948243,0,FP,calcification,0.000762939453125,1,small,0,0.0004970096108609137,0.6512670589170669,0.0,0.0,0.0,Grad-CAM++
7e312056-cc11-473d-bb54-31ea918c5ac4,P_00912,BENIGN,0.70948243,0,FP,calcification,0.000762939453125,1,small,0,0.005912490130155465,7.789763766234389,0.0038001140034201026,0.000762939453125,0.000762939453125,Integrated Gradients
7e5e766e-55aa-4174-98f0-f471084a5359,P_00773,MALIGNANT,0.5285174,1,TP,mass,0.001522064208984375,1,medium,0,0.0,0.0,0.0,0.0,0.0,Grad-CAM
7e5e766e-55aa-4174-98f0-f471084a5359,P_00773,MALIGNANT,0.5285174,1,TP,mass,0.001522064208984375,1,medium,0,0.0030406797333179174,2.000777484826053,0.0,0.006573557151839643,0.005073560266012233,Grad-CAM++
7e5e766e-55aa-4174-98f0-f471084a5359,P_00773,MALIGNANT,0.5285174,1,TP,mass,0.001522064208984375,1,medium,0,0.014977016947501488,9.974345678918805,0.010402429764616554,0.001522064208984375,0.001522064208984375,Integrated Gradients
7e71b99f-ffd3-447e-a924-b976e4b812fc,P_01623,BENIGN,0.5627823,0,FP,mass,0.004734039306640625,1,medium,1,0.0276049835244254,5.96831792467271,0.0460225540993599,0.0236701062389135,0.0157801711531859,Grad-CAM
7e71b99f-ffd3-447e-a924-b976e4b812fc,P_01623,BENIGN,0.5627823,0,FP,mass,0.004734039306640625,1,medium,0,0.019183177233161843,4.111874889588422,0.044311741660644326,0.02367010623891358,0.015780171153185914,Grad-CAM++
7e71b99f-ffd3-447e-a924-b976e4b812fc,P_01623,BENIGN,0.5627823,0,FP,mass,0.004734039306640625,1,medium,0,0.02036513707259616,4.370491619048178,0.017906795684573464,0.004734039306640625,0.004734039306640625,Integrated Gradients
7e7e6bcb-eb27-4db9-873e-7cf0b4218780,P_00680,BENIGN,0.11421764,0,TN,calcification,0.05682373046875,1,large,1,0.3494639392508393,8.916490089972957,0.1569157168988321,0.1049383729136236,0.0818115581666994,Grad-CAM
7e7e6bcb-eb27-4db9-873e-7cf0b4218780,P_00680,BENIGN,0.11421764,0,TN,calcification,0.05682373046875,1,large,1,0.2552027456628436,5.687356354107792,0.32100510909032487,0.2530943473486329,0.18094360346939034,Grad-CAM++
7e7e6bcb-eb27-4db9-873e-7cf0b4218780,P_00680,BENIGN,0.11421764,0,TN,calcification,0.05682373046875,1,large,1,0.7974658034877976,65.35474474432284,0.05682373046875,0.05682373046875,0.05682373046875,Integrated Gradients
7ee45284-9b84-400b-ac46-880d821c0f81,P_01599,BENIGN,0.62716436,0,FP,mass,0.001201629638671875,1,small,0,0.0022091072319422,1.8402821204795,0.0030245746691871,0.0060080106809078,0.0040054423152728,Grad-CAM
7ee45284-9b84-400b-ac46-880d821c0f81,P_01599,BENIGN,0.62716436,0,FP,mass,0.001201629638671875,1,small,0,0.0035398602818893414,2.952795307729514,0.012016021361815754,0.00600812527418032,0.004004729394713758,Grad-CAM++
7ee45284-9b84-400b-ac46-880d821c0f81,P_01599,BENIGN,0.62716436,0,FP,mass,0.001201629638671875,1,small,0,0.008165724348228457,6.843256245505267,0.005609885528011523,0.003940080324342844,0.001201629638671875,Integrated Gradients
80905de1-397c-43fb-86a5-17c16e8b9ac9,P_01501,MALIGNANT,0.16323154,1,FN,mass,0.0011749267578125,1,small,0,1.225939074463067e-05,0.0104220394398325,0.0,0.0,0.0,Grad-CAM
80905de1-397c-43fb-86a5-17c16e8b9ac9,P_01501,MALIGNANT,0.16323154,1,FN,mass,0.0011749267578125,1,small,0,0.00444924403973772,3.7992810244285473,0.008632491633708548,0.0058746113791985355,0.00391643248604453,Grad-CAM++
80905de1-397c-43fb-86a5-17c16e8b9ac9,P_01501,MALIGNANT,0.16323154,1,FN,mass,0.0011749267578125,1,small,0,0.010458762244785272,8.985144450960972,0.006374501992031873,0.0011749267578125,0.0011749267578125,Integrated Gradients
820cfff3-7fa0-4e21-8324-829185f45dd9,P_00328,MALIGNANT,0.10572,1,FN,mass,0.001972198486328125,2,medium,0,0.0002363633195876,0.119639512478885,0.0,0.0,0.000164251329804,Grad-CAM
820cfff3-7fa0-4e21-8324-829185f45dd9,P_00328,MALIGNANT,0.10572,1,FN,mass,0.001972198486328125,2,medium,0,0.0016181413771614245,0.8201849891213518,0.0,0.0,0.0,Grad-CAM++
820cfff3-7fa0-4e21-8324-829185f45dd9,P_00328,MALIGNANT,0.10572,1,FN,mass,0.001972198486328125,2,medium,0,0.017729617273601266,9.13398701788611,0.010967400347931321,0.001972198486328125,0.001972198486328125,Integrated Gradients
8248b470-93f8-4957-ae9e-720e7837050e,P_00951,MALIGNANT,0.25575852,1,FN,mass,0.0023651123046875,1,medium,0,0.0068704216266266,2.918080995379861,0.0157846922552804,0.0117644815619875,0.007883727731648,Grad-CAM
8248b470-93f8-4957-ae9e-720e7837050e,P_00951,MALIGNANT,0.25575852,1,FN,mass,0.0023651123046875,1,medium,0,0.0027204961213654717,1.1506708401591388,0.0,0.001056743343460457,0.006309829114084758,Grad-CAM++
8248b470-93f8-4957-ae9e-720e7837050e,P_00951,MALIGNANT,0.25575852,1,FN,mass,0.0023651123046875,1,medium,0,0.01034635915233072,4.409853129035746,0.010924844603503485,0.007999543968989891,0.0023651123046875,Integrated Gradients
83a2775d-e25b-4480-bdd4-953ad5e46331,P_00797,MALIGNANT,0.71225816,1,TP,mass,0.006465911865234375,2,large,0,0.0359680524047413,5.732952198296798,0.047436763491706,0.024125338227781,0.0161263802284254,Grad-CAM
83a2775d-e25b-4480-bdd4-953ad5e46331,P_00797,MALIGNANT,0.71225816,1,TP,mass,0.006465911865234375,2,large,0,0.030943911198704238,4.9065844000867225,0.04672967296729673,0.025755709276982848,0.021553094363134673,Grad-CAM++
83a2775d-e25b-4480-bdd4-953ad5e46331,P_00797,MALIGNANT,0.71225816,1,TP,mass,0.006465911865234375,2,large,1,0.12344504191630018,21.639515958224063,0.04145677077502892,0.006465911865234375,0.006465911865234375,Integrated Gradients
85abbf91-e8e8-4b24-a897-8dfd9035d365,P_00080,MALIGNANT,0.4396459,1,FN,mass,0.00411224365234375,1,medium,0,0.0,0.0,0.0,0.0,0.0,Grad-CAM
85abbf91-e8e8-4b24-a897-8dfd9035d365,P_00080,MALIGNANT,0.4396459,1,FN,mass,0.00411224365234375,1,medium,0,0.012298597244216808,3.0155151364884643,0.03167643167643168,0.020561139827194874,0.013707513701155857,Grad-CAM++
85abbf91-e8e8-4b24-a897-8dfd9035d365,P_00080,MALIGNANT,0.4396459,1,FN,mass,0.00411224365234375,1,medium,0,0.03000897746919563,7.492298101709484,0.019536794919686216,0.01298725885537949,0.00411224365234375,Integrated Gradients
870a78a1-b7c3-4c9e-be11-8f3ebfff3369,P_02368,MALIGNANT,0.5235401,1,TP,calcification,0.003948211669921875,1,medium,0,6.745177588561168e-06,0.001701679500933,0.0,0.0,0.0,Grad-CAM
870a78a1-b7c3-4c9e-be11-8f3ebfff3369,P_02368,MALIGNANT,0.5235401,1,TP,calcification,0.003948211669921875,1,medium,0,0.0027085554598951875,0.6851681384867225,0.0,0.0,0.004589353708046499,Grad-CAM++
870a78a1-b7c3-4c9e-be11-8f3ebfff3369,P_02368,MALIGNANT,0.5235401,1,TP,calcification,0.003948211669921875,1,medium,0,0.01454945888981471,3.7247181766571376,0.01641178664677359,0.003948211669921875,0.003948211669921875,Integrated Gradients
895c4a32-cb2d-4e97-908e-36b12e5cf632,P_00524,MALIGNANT,0.32394475,1,FN,mass,0.00051116943359375,1,small,0,0.0,0.0,0.0,0.0,0.0,Grad-CAM
895c4a32-cb2d-4e97-908e-36b12e5cf632,P_00524,MALIGNANT,0.32394475,1,FN,mass,0.00051116943359375,1,small,0,0.0001962234129394886,0.3837506689439465,0.0,0.0,0.0,Grad-CAM++
895c4a32-cb2d-4e97-908e-36b12e5cf632,P_00524,MALIGNANT,0.32394475,1,FN,mass,0.00051116943359375,1,small,0,0.0014084053613005485,2.757736820836455,0.001825025664423406,0.0019825006195314434,0.00051116943359375,Integrated Gradients
8970edd3-807a-4f63-b7b5-5070195f86b8,P_00005,MALIGNANT,0.19423117,1,FN,calcification,0.008209228515625,1,large,0,0.0,0.0,0.0,0.0,0.0,Grad-CAM
8970edd3-807a-4f63-b7b5-5070195f86b8,P_00005,MALIGNANT,0.19423117,1,FN,calcification,0.008209228515625,1,large,0,0.01332100546308599,1.6310932497585102,0.0,0.01173352116853266,0.02449538492747743,Grad-CAM++
8970edd3-807a-4f63-b7b5-5070195f86b8,P_00005,MALIGNANT,0.19423117,1,FN,calcification,0.008209228515625,1,large,0,0.05114883092520012,6.512615099251184,0.03669188319994153,0.008209228515625,0.008209228515625,Integrated Gradients
8a7c94ef-b0d8-4f42-93c2-a319381b8d3a,P_00912,BENIGN,0.33127856,0,TN,calcification,0.00067138671875,1,small,0,0.0,0.0,0.0,0.0,0.0,Grad-CAM
8a7c94ef-b0d8-4f42-93c2-a319381b8d3a,P_00912,BENIGN,0.33127856,0,TN,calcification,0.00067138671875,1,small,0,0.000289821092195426,0.4315104112408199,0.0,0.0,0.0,Grad-CAM++
8a7c94ef-b0d8-4f42-93c2-a319381b8d3a,P_00912,BENIGN,0.33127856,0,TN,calcification,0.00067138671875,1,small,0,0.0022217436650530044,3.314327706943535,0.0031168041354669505,0.002381859756097561,0.00067138671875,Integrated Gradients
8aab97f4-9ca9-4123-a882-892fe8959bf5,P_00538,BENIGN,0.5167336,0,FP,calcification,0.000606536865234375,2,small,0,2.83327246227442e-05,0.0466852668576736,0.0,0.0,0.0,Grad-CAM
8aab97f4-9ca9-4123-a882-892fe8959bf5,P_00538,BENIGN,0.5167336,0,FP,calcification,0.000606536865234375,2,small,0,0.0014116474923037822,2.3292658688510564,0.0012908124525436598,0.0030326727574434,0.00202179469247104,Grad-CAM++
8aab97f4-9ca9-4123-a882-892fe8959bf5,P_00538,BENIGN,0.5167336,0,FP,calcification,0.000606536865234375,2,small,0,0.0025757721435728533,4.2550709091290875,0.0024706374244555097,0.000606536865234375,0.000606536865234375,Integrated Gradients
8ab32bec-b3e3-4276-a576-be7169a351cf,P_00640,BENIGN,0.7208726,0,FP,mass,0.00199127197265625,1,medium,0,0.0011342471567955,0.569120605297929,0.0,0.0002077823951643,0.0012519918051445,Grad-CAM
8ab32bec-b3e3-4276-a576-be7169a351cf,P_00640,BENIGN,0.7208726,0,FP,mass,0.00199127197265625,1,medium,0,0.008743017059145068,4.420575571078102,0.019912263971008964,0.009956321882927388,0.006637590122452093,Grad-CAM++
8ab32bec-b3e3-4276-a576-be7169a351cf,P_00640,BENIGN,0.7208726,0,FP,mass,0.00199127197265625,1,medium,0,0.004964398439502987,2.5005286692964708,0.007270946353224834,0.006730421887179877,0.00199127197265625,Integrated Gradients
8b0fb77d-feae-4833-8c0d-afcb9d0bde98,P_01292,BENIGN,0.42287642,0,TN,calcification,0.00146484375,3,medium,0,0.001147540899308,0.7831390251539353,0.0,0.0005304537273846,0.0008230973787514,Grad-CAM
8b0fb77d-feae-4833-8c0d-afcb9d0bde98,P_01292,BENIGN,0.42287642,0,TN,calcification,0.00146484375,3,medium,0,0.0022654489666760315,1.547787235851329,0.0,0.0038967457420924574,0.004550712478867152,Grad-CAM++
8b0fb77d-feae-4833-8c0d-afcb9d0bde98,P_01292,BENIGN,0.42287642,0,TN,calcification,0.00146484375,3,medium,1,0.01208306793960981,8.337366691067762,0.007194517020712636,0.00146484375,0.00146484375,Integrated Gradients
8b6faeef-280c-4f8a-83b6-9939e792d7e8,P_00471,MALIGNANT,0.66231644,1,TP,mass,0.0023193359375,1,medium,0,0.0449126280167931,20.228007763936592,0.0231857529649544,0.0115966354498464,0.007731139452971,Grad-CAM
8b6faeef-280c-4f8a-83b6-9939e792d7e8,P_00471,MALIGNANT,0.66231644,1,TP,mass,0.0023193359375,1,medium,0,0.01438802845296027,6.279473574214465,0.023192828533282472,0.01159663544984646,0.007731139452971021,Grad-CAM++
8b6faeef-280c-4f8a-83b6-9939e792d7e8,P_00471,MALIGNANT,0.66231644,1,TP,mass,0.0023193359375,1,medium,1,0.03937237758209316,17.630492861448456,0.013910413910413911,0.007637503562268453,0.005417131838018878,Integrated Gradients
8bbdd285-db9c-4c3c-8f8d-c4c0185544cd,P_01356,MALIGNANT,0.81389505,1,TP,mass,0.006961822509765625,1,large,0,0.0043330683438346,0.620760958625605,0.0096863634726873,0.0080264575824012,0.0061644263832447,Grad-CAM
8bbdd285-db9c-4c3c-8f8d-c4c0185544cd,P_01356,MALIGNANT,0.81389505,1,TP,mass,0.006961822509765625,1,large,0,0.02098538889428328,3.0575309344697352,0.03736588975212726,0.03242626070409134,0.02320613404880282,Grad-CAM++
8bbdd285-db9c-4c3c-8f8d-c4c0185544cd,P_01356,MALIGNANT,0.81389505,1,TP,mass,0.006961822509765625,1,large,0,0.0998339596788319,15.819711842543063,0.04075421275332195,0.006961822509765625,0.006961822509765625,Integrated Gradients
8c181f2b-dd84-42d9-837b-41f703978993,P_01369,BENIGN,0.18896258,0,TN,calcification,0.000576019287109375,1,small,0,0.0006292915238337,1.0925418570785796,0.0,0.001390290818367,0.0015252815415512,Grad-CAM
8c181f2b-dd84-42d9-837b-41f703978993,P_01369,BENIGN,0.18896258,0,TN,calcification,0.000576019287109375,1,small,0,0.002206242991031868,3.836412644249747,0.005760061033759298,0.0028800854488927885,0.0019200691733530003,Grad-CAM++
8c181f2b-dd84-42d9-837b-41f703978993,P_01369,BENIGN,0.18896258,0,TN,calcification,0.000576019287109375,1,small,0,0.006440828825041349,11.247623606941454,0.0028526872313719524,0.000576019287109375,0.000576019287109375,Integrated Gradients
8cf571ac-2cdd-4183-ae7c-05e750dba1e9,P_01769,BENIGN,0.53681356,0,FP,calcification,0.000797271728515625,5,small,0,0.0026361408756299,3.3125480039695168,0.004676450460041,0.0028769028521348,0.0020459513038174,Grad-CAM
8cf571ac-2cdd-4183-ae7c-05e750dba1e9,P_01769,BENIGN,0.53681356,0,FP,calcification,0.000797271728515625,5,small,0,0.0023615315345520403,2.9666605526086345,0.0063218828547490285,0.003163592010977283,0.00210965101797016,Grad-CAM++
8cf571ac-2cdd-4183-ae7c-05e750dba1e9,P_01769,BENIGN,0.53681356,0,FP,calcification,0.000797271728515625,5,small,1,0.010482322843781425,13.27642762446872,0.0037225556484084175,0.000797271728515625,0.000797271728515625,Integrated Gradients
8d1bee27-f23c-4a66-a4b8-ce3c185000e9,P_00430,BENIGN,0.5197982,0,FP,mass,0.00144195556640625,1,medium,0,2.288727573454821e-05,0.0158498605809629,0.0,0.0,0.0,Grad-CAM
8d1bee27-f23c-4a66-a4b8-ce3c185000e9,P_00430,BENIGN,0.5197982,0,FP,mass,0.00144195556640625,1,medium,0,0.00047285181463854736,0.3276060901771215,0.0,0.0,0.0,Grad-CAM++
8d1bee27-f23c-4a66-a4b8-ce3c185000e9,P_00430,BENIGN,0.5197982,0,FP,mass,0.00144195556640625,1,medium,0,0.008621354393641098,6.022230116853793,0.007921467556094602,0.00144195556640625,0.00144195556640625,Integrated Gradients
8e1a2572-a7ea-4949-8d9b-af5e6349ede9,P_01539,BENIGN,0.46657124,0,TN,mass,0.002048492431640625,1,medium,0,0.0023962264424733,1.1701588693449183,0.0,0.0058490637699874,0.0061502490596726,Grad-CAM
8e1a2572-a7ea-4949-8d9b-af5e6349ede9,P_01539,BENIGN,0.46657124,0,TN,mass,0.002048492431640625,1,medium,0,0.007530436812254652,3.69639198040525,0.017611928943664652,0.010242423086459784,0.006828325470798418,Grad-CAM++
8e1a2572-a7ea-4949-8d9b-af5e6349ede9,P_01539,BENIGN,0.46657124,0,TN,mass,0.002048492431640625,1,medium,0,0.02230955968027153,11.116413330377458,0.013064717688491687,0.002048492431640625,0.002048492431640625,Integrated Gradients
8e3e9a65-fdb3-4586-9938-d3ca8d05cf76,P_01331,BENIGN,0.14244618,0,TN,mass,0.00164794921875,1,medium,0,0.0002550043079353,0.154524741992714,0.0,0.0019333194336511,0.0041397351077474,Grad-CAM
8e3e9a65-fdb3-4586-9938-d3ca8d05cf76,P_01331,BENIGN,0.14244618,0,TN,mass,0.00164794921875,1,medium,0,0.00309798121281025,1.8826352714790846,0.0,0.004580007601672368,0.005493178032374146,Grad-CAM++
8e3e9a65-fdb3-4586-9938-d3ca8d05cf76,P_01331,BENIGN,0.14244618,0,TN,mass,0.00164794921875,1,medium,0,0.012195715098094466,7.479561980974224,0.010351103359369075,0.00164794921875,0.00164794921875,Integrated Gradients
8eec2de2-4655-436c-89ad-ff498c7572b9,P_00079,MALIGNANT,0.5490673,1,TP,mass,0.0053863525390625,1,large,0,1.38935558091512e-06,0.000256550929601,0.0,0.0,0.0,Grad-CAM
8eec2de2-4655-436c-89ad-ff498c7572b9,P_00079,MALIGNANT,0.5490673,1,TP,mass,0.0053863525390625,1,large,0,0.007458435054647954,1.3875819953415565,0.0005794791930752236,0.006091749976642063,0.010259710759445748,Grad-CAM++
8eec2de2-4655-436c-89ad-ff498c7572b9,P_00079,MALIGNANT,0.5490673,1,TP,mass,0.0053863525390625,1,large,0,0.021634178450700647,4.083183584773477,0.020425500480165473,0.016308964267512317,0.0053863525390625,Integrated Gradients
8f129ad6-26b3-48f0-92ef-6d7b726387d6,P_00488,BENIGN,0.7444602,0,FP,mass,0.002166748046875,1,medium,0,0.0,0.0,0.0,0.0,0.0,Grad-CAM
8f129ad6-26b3-48f0-92ef-6d7b726387d6,P_00488,BENIGN,0.7444602,0,FP,mass,0.002166748046875,1,medium,0,0.005792100875025336,2.6829242723025652,0.020460260611140747,0.010833698907093403,0.007222511857380823,Grad-CAM++
8f129ad6-26b3-48f0-92ef-6d7b726387d6,P_00488,BENIGN,0.7444602,0,FP,mass,0.002166748046875,1,medium,1,0.03785246415096824,18.117655683711,0.01201587001700359,0.002166748046875,0.002166748046875,Integrated Gradients
8f24614c-4b87-4c10-8660-fdbc93c1367e,P_02154,MALIGNANT,0.5162716,1,TP,calcification,0.002307891845703125,1,medium,0,0.000387311672523,0.1674981073162184,0.0,0.0,0.0,Grad-CAM
8f24614c-4b87-4c10-8660-fdbc93c1367e,P_02154,MALIGNANT,0.5162716,1,TP,calcification,0.002307891845703125,1,medium,0,0.0006396545457525869,0.2766970256822519,0.0,0.0,0.0,Grad-CAM++
8f24614c-4b87-4c10-8660-fdbc93c1367e,P_02154,MALIGNANT,0.5162716,1,TP,calcification,0.002307891845703125,1,medium,0,0.016708998610800115,7.345976647731651,0.013605442176870748,0.002307891845703125,0.002307891845703125,Integrated Gradients
8fd18238-4124-41aa-a849-c5d01ee72e34,P_01678,BENIGN,0.51955867,0,FP,calcification,0.003108978271484375,1,medium,0,0.0,0.0,0.0,0.0,0.0,Grad-CAM
8fd18238-4124-41aa-a849-c5d01ee72e34,P_01678,BENIGN,0.51955867,0,FP,calcification,0.003108978271484375,1,medium,0,0.030212113186224458,9.989284475000593,0.031089071142475683,0.015544832058593527,0.0103632872601503,Grad-CAM++
8fd18238-4124-41aa-a849-c5d01ee72e34,P_01678,BENIGN,0.51955867,0,FP,calcification,0.003108978271484375,1,medium,0,0.017606562905837373,5.746707388399733,0.01536381052552496,0.003108978271484375,0.003108978271484375,Integrated Gradients
90b0d33c-dc98-406a-a6bf-64d4f7d772c5,P_00670,BENIGN,0.6547792,0,FP,mass,0.00141143798828125,1,medium,0,0.0091394320270967,6.525763889823758,0.0141140568376883,0.0070571630204657,0.0047046856125627,Grad-CAM
90b0d33c-dc98-406a-a6bf-64d4f7d772c5,P_00670,BENIGN,0.6547792,0,FP,mass,0.00141143798828125,1,medium,0,0.0052833385203583895,3.757801694024661,0.014036693748331235,0.007057163020465773,0.004704805259209338,Grad-CAM++
90b0d33c-dc98-406a-a6bf-64d4f7d772c5,P_00670,BENIGN,0.6547792,0,FP,mass,0.00141143798828125,1,medium,0,0.019827099232253582,14.31137271805453,0.008459145740080418,0.00141143798828125,0.00141143798828125,Integrated Gradients
91b5907b-a0a3-48c6-a088-249c096856d2,P_00953,BENIGN,0.06900883,0,TN,calcification,0.003940582275390625,1,medium,0,0.0,0.0,0.0,0.0,0.0,Grad-CAM
91b5907b-a0a3-48c6-a088-249c096856d2,P_00953,BENIGN,0.06900883,0,TN,calcification,0.003940582275390625,1,medium,0,0.012981077094003025,3.32437541434114,0.019417112499532343,0.019197407301496522,0.013133971596038194,Grad-CAM++
91b5907b-a0a3-48c6-a088-249c096856d2,P_00953,BENIGN,0.06900883,0,TN,calcification,0.003940582275390625,1,medium,0,0.018640699460621538,4.801300826231027,0.017779769908860002,0.003940582275390625,0.003940582275390625,Integrated Gradients
92997382-e4a8-40fe-a1cc-dc688f689dd9,P_00617,BENIGN,0.19225444,0,TN,mass,0.000499725341796875,1,small,0,0.0001117819825241,0.2235999188714133,0.0,0.0,0.0,Grad-CAM
92997382-e4a8-40fe-a1cc-dc688f689dd9,P_00617,BENIGN,0.19225444,0,TN,mass,0.000499725341796875,1,small,0,0.0001033728621914866,0.20677737731172868,0.0,0.0,0.0,Grad-CAM++
92997382-e4a8-40fe-a1cc-dc688f689dd9,P_00617,BENIGN,0.19225444,0,TN,mass,0.000499725341796875,1,small,0,0.0006754392716196842,1.3518585880886829,0.0012160826936231663,0.000499725341796875,0.000499725341796875,Integrated Gradients
93157302-0d3c-4588-8870-9d00cc2fc555,P_01065,MALIGNANT,0.17639188,1,FN,calcification,0.048229217529296875,1,large,0,0.0003194415179143,0.0063059755964906,0.0,0.0,0.0,Grad-CAM
93157302-0d3c-4588-8870-9d00cc2fc555,P_01065,MALIGNANT,0.17639188,1,FN,calcification,0.048229217529296875,1,large,0,0.10735407001737582,2.373347690163249,0.10908779541043498,0.11592811085196872,0.10537150053279086,Grad-CAM++
93157302-0d3c-4588-8870-9d00cc2fc555,P_01065,MALIGNANT,0.17639188,1,FN,calcification,0.048229217529296875,1,large,1,0.33603458081587007,9.987588397395578,0.20688262881634936,0.048229217529296875,0.048229217529296875,Integrated Gradients
935e0954-9f18-42fb-8d62-09eb0be6d04b,P_01621,BENIGN,0.094425075,0,TN,mass,0.00077056884765625,1,small,0,0.0,0.0,0.0,0.0,0.0,Grad-CAM
935e0954-9f18-42fb-8d62-09eb0be6d04b,P_01621,BENIGN,0.094425075,0,TN,mass,0.00077056884765625,1,small,0,0.0008840263419948197,1.1473690502383314,0.0,0.0,0.002568569357730504,Grad-CAM++
935e0954-9f18-42fb-8d62-09eb0be6d04b,P_01621,BENIGN,0.094425075,0,TN,mass,0.00077056884765625,1,small,0,0.006274529208841721,8.187825463129993,0.004257745675727048,0.00077056884765625,0.00077056884765625,Integrated Gradients
93eeaaa6-453f-4b3d-861c-6492e5d1c938,P_00425,BENIGN,0.032495435,0,TN,calcification,0.003452301025390625,1,medium,0,0.0,0.0,0.0,0.0,0.0,Grad-CAM
93eeaaa6-453f-4b3d-861c-6492e5d1c938,P_00425,BENIGN,0.032495435,0,TN,calcification,0.003452301025390625,1,medium,0,0.0047804624313703345,1.386565780162127,0.0,0.007385301172959598,0.008839456696807904,Grad-CAM++
93eeaaa6-453f-4b3d-861c-6492e5d1c938,P_00425,BENIGN,0.032495435,0,TN,calcification,0.003452301025390625,1,medium,0,0.011522563995046564,3.3648966405221654,0.01375598086124402,0.003452301025390625,0.003452301025390625,Integrated Gradients
9436ce53-ccb8-45a7-80a2-cbfb4a7729d1,P_00775,BENIGN,0.20107481,0,TN,mass,0.010711669921875,1,large,0,0.0,0.0,0.0,0.0,0.0,Grad-CAM
9436ce53-ccb8-45a7-80a2-cbfb4a7729d1,P_00775,BENIGN,0.20107481,0,TN,mass,0.010711669921875,1,large,0,0.011535750911983016,1.077830674445389,0.0013455699696384212,0.017368401665009026,0.01993513567663006,Grad-CAM++
9436ce53-ccb8-45a7-80a2-cbfb4a7729d1,P_00775,BENIGN,0.20107481,0,TN,mass,0.010711669921875,1,large,0,0.06292225310440762,6.2014668873926375,0.04670369301788806,0.010711669921875,0.010711669921875,Integrated Gradients
94ac7994-9ab3-4fbf-a109-5fb5de833031,P_00208,BENIGN,0.045419723,0,TN,mass,0.001712799072265625,1,medium,0,0.0,0.0,0.0,0.0,0.0,Grad-CAM
94ac7994-9ab3-4fbf-a109-5fb5de833031,P_00208,BENIGN,0.045419723,0,TN,mass,0.001712799072265625,1,medium,0,0.0004576994555745577,0.2668875673926371,0.0,0.0,0.0,Grad-CAM++
94ac7994-9ab3-4fbf-a109-5fb5de833031,P_00208,BENIGN,0.045419723,0,TN,mass,0.001712799072265625,1,medium,0,0.0038256178606561105,2.2382846002394157,0.004785770810566379,0.001712799072265625,0.001712799072265625,Integrated Gradients
94bdae4d-278f-4857-a83a-cb1f90a49c1b,P_00260,BENIGN,0.5681865,0,FP,calcification,0.001216888427734375,1,small,0,0.0014792809711715,1.2159445723253506,0.0097035655846873,0.0060839547613144,0.0040563050748318,Grad-CAM
94bdae4d-278f-4857-a83a-cb1f90a49c1b,P_00260,BENIGN,0.5681865,0,FP,calcification,0.001216888427734375,1,small,0,0.0012367591887818225,1.0163491068227506,0.0,0.003920598367051748,0.004056305074831835,Grad-CAM++
94bdae4d-278f-4857-a83a-cb1f90a49c1b,P_00260,BENIGN,0.5681865,0,FP,calcification,0.001216888427734375,1,small,0,0.005113130900288379,4.218262190287758,0.006371842524463324,0.001216888427734375,0.001216888427734375,Integrated Gradients
951504f3-fc12-4e21-b562-c633189bb69c,P_01331,BENIGN,0.22657122,0,TN,mass,0.00225067138671875,1,medium,0,0.0036020878692326,1.602620621746099,0.0071388314860041,0.0084450784593437,0.0072717102503146,Grad-CAM
951504f3-fc12-4e21-b562-c633189bb69c,P_01331,BENIGN,0.22657122,0,TN,mass,0.00225067138671875,1,medium,0,0.003769729247629683,1.6774895889132726,0.0,0.005023315767524738,0.007502257034955432,Grad-CAM++
951504f3-fc12-4e21-b562-c633189bb69c,P_01331,BENIGN,0.22657122,0,TN,mass,0.00225067138671875,1,medium,0,0.013218690995887575,5.9385006249756795,0.01124231335119025,0.00225067138671875,0.00225067138671875,Integrated Gradients
955f1fa1-320b-41b0-b680-42447e4f8330,P_01539,BENIGN,0.43371338,0,TN,mass,0.002933502197265625,1,medium,0,0.0070303791681312,2.4064695545983232,0.0183794391817941,0.0146666158071406,0.0097783655252215,Grad-CAM
955f1fa1-320b-41b0-b680-42447e4f8330,P_01539,BENIGN,0.43371338,0,TN,mass,0.002933502197265625,1,medium,0,0.02409889669743934,8.39322951675875,0.02933435056265497,0.014667455034427512,0.009778365525221572,Grad-CAM++
955f1fa1-320b-41b0-b680-42447e4f8330,P_01539,BENIGN,0.43371338,0,TN,mass,0.002933502197265625,1,medium,0,0.02619003785021953,9.141124696550367,0.01718938480096502,0.002933502197265625,0.002933502197265625,Integrated Gradients
9565c7cf-9552-4cec-b351-00656d488299,P_01056,BENIGN,0.18362746,0,TN,calcification,0.000667572021484375,1,small,0,0.0,0.0,0.0,0.0,0.0,Grad-CAM
9565c7cf-9552-4cec-b351-00656d488299,P_01056,BENIGN,0.18362746,0,TN,calcification,0.000667572021484375,1,small,0,0.0013291766218772453,1.9923798907670531,0.0,0.0024201078567753494,0.0022252457307071196,Grad-CAM++
9565c7cf-9552-4cec-b351-00656d488299,P_01056,BENIGN,0.18362746,0,TN,calcification,0.000667572021484375,1,small,0,0.004290687554822555,6.450689925020935,0.0033457531746635236,0.000667572021484375,0.000667572021484375,Integrated Gradients
956d19c3-b740-404d-87e6-6cb4744c3058,P_01839,MALIGNANT,0.7634451,1,TP,calcification,0.025020599365234375,1,large,0,0.0585401714768781,2.4229808261196357,0.1200204988042364,0.0790422009621892,0.061125364286248,Grad-CAM
956d19c3-b740-404d-87e6-6cb4744c3058,P_01839,MALIGNANT,0.7634451,1,TP,calcification,0.025020599365234375,1,large,0,0.07042150633403513,2.952004629652274,0.10246232508073197,0.10336313643335453,0.07887505856431945,Grad-CAM++
956d19c3-b740-404d-87e6-6cb4744c3058,P_01839,MALIGNANT,0.7634451,1,TP,calcification,0.025020599365234375,1,large,0,0.33764101180231576,19.863673352562216,0.025020599365234375,0.025020599365234375,0.025020599365234375,Integrated Gradients
95b8d6b1-0d5e-4b6a-b75d-40b3814108b6,P_00781,BENIGN,0.2220823,0,TN,mass,0.007579803466796875,1,large,0,0.0100622007099051,1.3308302115297896,0.0085830770331163,0.0211871563420721,0.0185924316677613,Grad-CAM
95b8d6b1-0d5e-4b6a-b75d-40b3814108b6,P_00781,BENIGN,0.2220823,0,TN,mass,0.007579803466796875,1,large,0,0.051103065327487956,7.051240811903217,0.07579629982834256,0.037898872761258084,0.025266075810943124,Grad-CAM++
95b8d6b1-0d5e-4b6a-b75d-40b3814108b6,P_00781,BENIGN,0.2220823,0,TN,mass,0.007579803466796875,1,large,0,0.04918381837942129,6.772723114331492,0.03285112616736861,0.007579803466796875,0.007579803466796875,Integrated Gradients
9644f5fb-9429-4752-84c6-a45305da8b40,P_00183,BENIGN,0.06554496,0,TN,calcification,0.0035858154296875,1,medium,0,0.0,0.0,0.0,0.0,0.0,Grad-CAM
9644f5fb-9429-4752-84c6-a45305da8b40,P_00183,BENIGN,0.06554496,0,TN,calcification,0.0035858154296875,1,medium,0,0.004602684227260374,1.2848919626886826,0.0,0.004574031547641457,0.010962906504065041,Grad-CAM++
9644f5fb-9429-4752-84c6-a45305da8b40,P_00183,BENIGN,0.06554496,0,TN,calcification,0.0035858154296875,1,medium,0,0.020638393219383492,5.8557788971488,0.01967631707408659,0.0035858154296875,0.0035858154296875,Integrated Gradients
967bc58a-0520-4ff2-98be-27fa68b72db4,P_00680,BENIGN,0.6248888,0,FP,calcification,0.0615081787109375,1,large,0,0.2346244089744573,4.677309641407764,0.2338336004662684,0.2013632142419092,0.1509230021860578,Grad-CAM
967bc58a-0520-4ff2-98be-27fa68b72db4,P_00680,BENIGN,0.6248888,0,FP,calcification,0.0615081787109375,1,large,0,0.2585160970277746,5.3196557776229705,0.31815068493150683,0.24902978955998906,0.1919028034562125,Grad-CAM++
967bc58a-0520-4ff2-98be-27fa68b72db4,P_00680,BENIGN,0.6248888,0,FP,calcification,0.0615081787109375,1,large,1,0.7898632769330007,57.35183619255825,0.0615081787109375,0.0615081787109375,0.0615081787109375,Integrated Gradients
972cd66a-568c-47fd-a613-3cf89051aeef,P_00534,BENIGN,0.79664844,0,FP,mass,0.002277374267578125,1,medium,0,0.0,0.0,0.0,0.0,0.0,Grad-CAM
972cd66a-568c-47fd-a613-3cf89051aeef,P_00534,BENIGN,0.79664844,0,FP,mass,0.002277374267578125,1,medium,0,0.008757643826065956,3.8706402681983203,0.022773221438107952,0.011386827900589369,0.007591266864183716,Grad-CAM++
972cd66a-568c-47fd-a613-3cf89051aeef,P_00534,BENIGN,0.79664844,0,FP,mass,0.002277374267578125,1,medium,0,0.012144179335424197,5.385799017912156,0.010515207477480873,0.002277374267578125,0.002277374267578125,Integrated Gradients
97763bcb-f3da-4b36-ba0b-270495cc0a41,P_00792,BENIGN,0.57524484,0,FP,calcification,0.002918243408203125,1,medium,0,0.0001302183195489,0.0444977196740991,0.0,0.0,0.0,Grad-CAM
97763bcb-f3da-4b36-ba0b-270495cc0a41,P_00792,BENIGN,0.57524484,0,FP,calcification,0.002918243408203125,1,medium,0,0.004102159699518443,1.4073658260724844,0.0,0.002921551626644551,0.008970547127137811,Grad-CAM++
97763bcb-f3da-4b36-ba0b-270495cc0a41,P_00792,BENIGN,0.57524484,0,FP,calcification,0.002918243408203125,1,medium,0,0.015912144869204715,5.5246412323158465,0.017268682603121935,0.002918243408203125,0.002918243408203125,Integrated Gradients
978baeae-f2a1-4931-b371-3a981040a7b4,P_00993,MALIGNANT,0.98252195,1,TP,calcification,0.000423431396484375,1,small,0,4.116796526342359e-06,0.0097183866246965,0.0,0.0,0.0,Grad-CAM
978baeae-f2a1-4931-b371-3a981040a7b4,P_00993,MALIGNANT,0.98252195,1,TP,calcification,0.000423431396484375,1,small,0,0.0006704152523136442,1.5836827677928569,0.0,0.0004379534246053659,0.0014114415777628016,Grad-CAM++
978baeae-f2a1-4931-b371-3a981040a7b4,P_00993,MALIGNANT,0.98252195,1,TP,calcification,0.000423431396484375,1,small,0,0.00456562917197006,10.827321711420424,0.0025515061502722875,0.000423431396484375,0.000423431396484375,Integrated Gradients
98129de0-bd23-4cb3-a356-aa14484412d8,P_00425,BENIGN,0.05170524,0,TN,calcification,0.00278472900390625,1,medium,0,0.0015196342358932,0.5450112595243403,0.0,0.0017525345795801,0.002804765574661,Grad-CAM
98129de0-bd23-4cb3-a356-aa14484412d8,P_00425,BENIGN,0.05170524,0,TN,calcification,0.00278472900390625,1,medium,0,0.007568206072566179,2.730853089956811,0.008420658682634731,0.013923591905243282,0.009282453619521127,Grad-CAM++
98129de0-bd23-4cb3-a356-aa14484412d8,P_00425,BENIGN,0.05170524,0,TN,calcification,0.00278472900390625,1,medium,0,0.025613495215234584,9.413335182949933,0.015068751177246186,0.00278472900390625,0.00278472900390625,Integrated Gradients
987b9c7a-2a3a-4968-b57f-3ce6dfebff8e,P_00269,BENIGN,0.3304446,0,TN,calcification,0.001544952392578125,1,medium,0,3.180751013217937e-05,0.0205568609336155,0.0,0.0,0.0,Grad-CAM
987b9c7a-2a3a-4968-b57f-3ce6dfebff8e,P_00269,BENIGN,0.3304446,0,TN,calcification,0.001544952392578125,1,medium,0,0.003952711639793274,2.5646527101712087,0.0045662100456621,0.007724732495374698,0.005149854405350762,Grad-CAM++
987b9c7a-2a3a-4968-b57f-3ce6dfebff8e,P_00269,BENIGN,0.3304446,0,TN,calcification,0.001544952392578125,1,medium,0,0.013737219338110302,9.001598352214213,0.00982512044307879,0.001544952392578125,0.001544952392578125,Integrated Gradients
988f9991-aa6f-4db1-9ad5-228ddab6fa97,P_00088,MALIGNANT,0.42005396,1,FN,calcification,0.000667572021484375,1,small,0,3.079874380904901e-05,0.046106071679492,0.0,0.0,0.0,Grad-CAM
988f9991-aa6f-4db1-9ad5-228ddab6fa97,P_00088,MALIGNANT,0.42005396,1,FN,calcification,0.000667572021484375,1,small,0,0.001541613019214858,2.3113048032395307,0.0,0.0033378473745446224,0.0022252457307071196,Grad-CAM++
988f9991-aa6f-4db1-9ad5-228ddab6fa97,P_00088,MALIGNANT,0.42005396,1,FN,calcification,0.000667572021484375,1,small,0,0.004782868956945975,7.194199863319362,0.003498364894668796,0.000667572021484375,0.000667572021484375,Integrated Gradients
9adda682-3619-4474-899d-722cdc31d709,P_01847,MALIGNANT,0.35944095,1,FN,calcification,0.0033111572265625,1,medium,0,2.6667181410284915e-06,0.0008027086216144,0.0,0.0,0.0,Grad-CAM
9adda682-3619-4474-899d-722cdc31d709,P_01847,MALIGNANT,0.35944095,1,FN,calcification,0.0033111572265625,1,medium,0,0.004779830359261047,1.4456832268087292,0.0,0.003766691150159143,0.009829195504476475,Grad-CAM++
9adda682-3619-4474-899d-722cdc31d709,P_01847,MALIGNANT,0.35944095,1,FN,calcification,0.0033111572265625,1,medium,0,0.009295180452154632,2.8241860284201166,0.012221557781432203,0.0033111572265625,0.0033111572265625,Integrated Gradients
9b2ca9de-b23d-4835-9144-51f453d8b8ab,P_01474,MALIGNANT,0.92752194,1,TP,mass,0.00560760498046875,1,large,0,0.0372773846941832,6.8663275170917855,0.0560747663551401,0.0280379179461748,0.0186884995804622,Grad-CAM
9b2ca9de-b23d-4835-9144-51f453d8b8ab,P_01474,MALIGNANT,0.92752194,1,TP,mass,0.00560760498046875,1,large,0,0.034974839647795554,6.4268390895972844,0.056074766355140186,0.02803791794617483,0.018692064137939803,Grad-CAM++
9b2ca9de-b23d-4835-9144-51f453d8b8ab,P_01474,MALIGNANT,0.92752194,1,TP,mass,0.00560760498046875,1,large,0,0.053505645175608255,10.024481844813565,0.031367581864918226,0.00560760498046875,0.00560760498046875,Integrated Gradients
9bbfd1e0-736e-427e-b0ae-9feba10854b9,P_01482,BENIGN,0.6431575,0,FP,mass,0.007694244384765625,1,large,0,0.0095197040801338,1.2395301231603035,0.013461607495423,0.0163141881171485,0.0127311763154921,Grad-CAM
9bbfd1e0-736e-427e-b0ae-9feba10854b9,P_01482,BENIGN,0.6431575,0,FP,mass,0.007694244384765625,1,large,0,0.010973101871882752,1.4308719383275874,0.005234110735267937,0.01510179730032068,0.016534758279981854,Grad-CAM++
9bbfd1e0-736e-427e-b0ae-9feba10854b9,P_01482,BENIGN,0.6431575,0,FP,mass,0.007694244384765625,1,large,0,0.06324160944872352,8.706724901304522,0.038628504157162825,0.007694244384765625,0.007694244384765625,Integrated Gradients
9cbd4b6f-f40b-4dfa-a0bd-f98f29d970da,P_00071,BENIGN,0.70605093,0,FP,calcification,0.00281524658203125,1,medium,0,0.0,0.0,0.0,0.0,0.0,Grad-CAM
9cbd4b6f-f40b-4dfa-a0bd-f98f29d970da,P_00071,BENIGN,0.70605093,0,FP,calcification,0.00281524658203125,1,medium,0,0.0032263176041705624,1.1464887374414212,0.0,0.0013560598926452584,0.008858217680849982,Grad-CAM++
9cbd4b6f-f40b-4dfa-a0bd-f98f29d970da,P_00071,BENIGN,0.70605093,0,FP,calcification,0.00281524658203125,1,medium,0,0.0147122839215334,5.289031577412205,0.01231924882629108,0.00281524658203125,0.00281524658203125,Integrated Gradients
9cdc9a4c-10d7-497c-821d-4d5a0ef2e4eb,P_01182,BENIGN,0.22146425,0,TN,mass,0.001888275146484375,1,medium,0,0.0,0.0,0.0,0.0,0.0,Grad-CAM
9cdc9a4c-10d7-497c-821d-4d5a0ef2e4eb,P_01182,BENIGN,0.22146425,0,TN,mass,0.001888275146484375,1,medium,0,0.00023739983360656212,0.12551550843971723,0.0,0.0,0.0,Grad-CAM++
9cdc9a4c-10d7-497c-821d-4d5a0ef2e4eb,P_01182,BENIGN,0.22146425,0,TN,mass,0.001888275146484375,1,medium,0,0.00930801105037325,4.966289712235002,0.008800090644710504,0.006484985641747333,0.001888275146484375,Integrated Gradients
9ceb4a62-6d30-4a0c-aa9a-843ef1f92401,P_01668,MALIGNANT,0.65341747,1,TP,mass,0.0139617919921875,1,large,0,0.0136697640855198,0.978793767257785,0.0073846776369031,0.0201338619911971,0.0189672035755407,Grad-CAM
9ceb4a62-6d30-4a0c-aa9a-843ef1f92401,P_01668,MALIGNANT,0.65341747,1,TP,mass,0.0139617919921875,1,large,0,0.027116306326305163,1.9684401935305706,0.008881534513035257,0.04359394187474417,0.04554231560761198,Grad-CAM++
9ceb4a62-6d30-4a0c-aa9a-843ef1f92401,P_01668,MALIGNANT,0.65341747,1,TP,mass,0.0139617919921875,1,large,1,0.22713364493960178,20.755320873171005,0.08270213459935491,0.0139617919921875,0.0139617919921875,Integrated Gradients
9d8167f3-f7f5-4230-93cd-0d506d6d29b7,P_01352,BENIGN,0.44091457,0,TN,calcification,0.000316619873046875,1,small,0,0.000864356197093,2.7314449850416755,0.0017903397836355,0.0015830933262125,0.0010554022608496,Grad-CAM
9d8167f3-f7f5-4230-93cd-0d506d6d29b7,P_01352,BENIGN,0.44091457,0,TN,calcification,0.000316619873046875,1,small,0,0.0008503829038161246,2.687251382254525,0.0004945786570287236,0.0015830933262125924,0.0010554022608496624,Grad-CAM++
9d8167f3-f7f5-4230-93cd-0d506d6d29b7,P_01352,BENIGN,0.44091457,0,TN,calcification,0.000316619873046875,1,small,0,0.0071960961325004515,22.885363152844096,0.0017140898183064792,0.000316619873046875,0.000316619873046875,Integrated Gradients
9db8c33b-b64c-4e12-8910-f8f4d4ffd6c1,P_00269,BENIGN,0.2994298,0,TN,calcification,0.0013885498046875,1,medium,0,5.699303560059623e-06,0.0040988236833383,0.0,0.0,0.0,Grad-CAM
9db8c33b-b64c-4e12-8910-f8f4d4ffd6c1,P_00269,BENIGN,0.2994298,0,TN,calcification,0.0013885498046875,1,medium,0,0.0026414525936139877,1.9046996923484478,0.0,0.0046432853146587,0.004628511119870809,Grad-CAM++
9db8c33b-b64c-4e12-8910-f8f4d4ffd6c1,P_00269,BENIGN,0.2994298,0,TN,calcification,0.0013885498046875,1,medium,0,0.009262195417155419,6.723420912752143,0.006780303030303031,0.0013885498046875,0.0013885498046875,Integrated Gradients
9e2e1640-0000-4aee-b31e-e1576d7f5ab0,P_01280,BENIGN,0.18325843,0,TN,mass,0.001129150390625,1,small,0,0.0,0.0,0.0,0.0,0.0,Grad-CAM
9e2e1640-0000-4aee-b31e-e1576d7f5ab0,P_01280,BENIGN,0.18325843,0,TN,mass,0.001129150390625,1,small,0,0.0015955694486493512,1.4137310456837722,0.0,0.0005503264004858054,0.0037638442073674705,Grad-CAM++
9e2e1640-0000-4aee-b31e-e1576d7f5ab0,P_01280,BENIGN,0.18325843,0,TN,mass,0.001129150390625,1,small,0,0.01104015411873354,9.87538505142355,0.0071037836195107125,0.001129150390625,0.001129150390625,Integrated Gradients
9ea6033c-7b65-4a87-895f-803d05d51328,P_00849,MALIGNANT,0.37532672,1,FN,mass,0.0032196044921875,1,medium,0,0.0013587184539134,0.4212276307006455,0.0,0.0024839577727178,0.0079380175245051,Grad-CAM
9ea6033c-7b65-4a87-895f-803d05d51328,P_00849,MALIGNANT,0.37532672,1,FN,mass,0.0032196044921875,1,medium,0,0.01594758559715627,5.017341601802202,0.032195308029753955,0.016097961052089493,0.010732042266953193,Grad-CAM++
9ea6033c-7b65-4a87-895f-803d05d51328,P_00849,MALIGNANT,0.37532672,1,FN,mass,0.0032196044921875,1,medium,0,0.014405924182236024,4.5252232665206,0.013255944579666728,0.009799833194328608,0.0032196044921875,Integrated Gradients
9eddf69f-9dd7-4137-acd5-a3c282b43544,P_00953,BENIGN,0.14233728,0,TN,calcification,0.004032135009765625,1,medium,0,0.0071815984353941,1.7867408825119515,0.0117978778659939,0.0138757250635022,0.0101906307037112,Grad-CAM
9eddf69f-9dd7-4137-acd5-a3c282b43544,P_00953,BENIGN,0.14233728,0,TN,calcification,0.004032135009765625,1,medium,0,0.01974767853833105,4.976091190710987,0.040320427236315085,0.02016059814224952,0.013440484213471002,Grad-CAM++
9eddf69f-9dd7-4137-acd5-a3c282b43544,P_00953,BENIGN,0.14233728,0,TN,calcification,0.004032135009765625,1,medium,0,0.0206604403107925,5.2109461285731244,0.018600134458803316,0.004032135009765625,0.004032135009765625,Integrated Gradients
9fbd854c-c80c-4c49-8d50-f128976f753c,P_01427,MALIGNANT,0.1935352,1,FN,mass,0.004421234130859375,1,medium,0,0.019897800936442,4.571573833952475,0.0421044617024516,0.0221060863262698,0.014737484582226,Grad-CAM
9fbd854c-c80c-4c49-8d50-f128976f753c,P_01427,MALIGNANT,0.1935352,1,FN,mass,0.004421234130859375,1,medium,0,0.017319514396858596,3.9687668160124825,0.035756176926860644,0.022106086326269814,0.014737484582226009,Grad-CAM++
9fbd854c-c80c-4c49-8d50-f128976f753c,P_01427,MALIGNANT,0.1935352,1,FN,mass,0.004421234130859375,1,medium,0,0.047570828136686,11.247088520617263,0.02267717712108193,0.014194329838373898,0.004421234130859375,Integrated Gradients
9fc14b61-b517-490f-8edf-ca741f17f204,P_01625,MALIGNANT,0.3038751,1,FN,calcification,0.0334625244140625,1,large,0,0.0015268065355772,0.0441679885621952,0.0,0.0027361798341907,0.0032938152020474,Grad-CAM
9fc14b61-b517-490f-8edf-ca741f17f204,P_01625,MALIGNANT,0.3038751,1,FN,calcification,0.0334625244140625,1,large,0,0.04051646253050563,1.2197027238336688,0.006356785365011793,0.03964869961098748,0.06722094031180945,Grad-CAM++
9fc14b61-b517-490f-8edf-ca741f17f204,P_01625,MALIGNANT,0.3038751,1,FN,calcification,0.0334625244140625,1,large,0,0.11378042988788024,3.7083975893796106,0.10620336410775262,0.0334625244140625,0.0334625244140625,Integrated Gradients
a088674c-0788-4468-96c8-97b9c1fe4aef,P_00933,MALIGNANT,0.53461546,1,TP,calcification,0.00128173828125,1,small,0,0.0,0.0,0.0,0.0,0.0,Grad-CAM
a088674c-0788-4468-96c8-97b9c1fe4aef,P_00933,MALIGNANT,0.53461546,1,TP,calcification,0.00128173828125,1,small,0,0.0010426396919670919,0.8132628125771342,0.0,0.0,0.0011535341243281614,Grad-CAM++
a088674c-0788-4468-96c8-97b9c1fe4aef,P_00933,MALIGNANT,0.53461546,1,TP,calcification,0.00128173828125,1,small,0,0.00871568394165954,6.850886408532218,0.0059483215882397515,0.00128173828125,0.00128173828125,Integrated Gradients
a0eddc41-b63b-4e18-bf3a-84df1584b74f,P_00307,MALIGNANT,0.6447755,1,TP,calcification,0.003997802734375,1,medium,0,0.0156745032616344,3.9672898729086894,0.038630043049259,0.01998893742013,0.0133258735567875,Grad-CAM
a0eddc41-b63b-4e18-bf3a-84df1584b74f,P_00307,MALIGNANT,0.6447755,1,TP,calcification,0.003997802734375,1,medium,0,0.01171414114987248,2.953022878238345,0.034648956356736246,0.019988937420130082,0.013326043004463207,Grad-CAM++
a0eddc41-b63b-4e18-bf3a-84df1584b74f,P_00307,MALIGNANT,0.6447755,1,TP,calcification,0.003997802734375,1,medium,0,0.022752821125619355,5.800557289248894,0.018682509434667264,0.003997802734375,0.003997802734375,Integrated Gradients
a1a73296-63f8-4cb3-a1fe-3683a9555294,P_00635,BENIGN,0.27525914,0,TN,calcification,0.0008087158203125,1,small,0,0.0030273424188162,3.7517247578974553,0.0050199657729606,0.0040435636765912,0.002695726256628,Grad-CAM
a1a73296-63f8-4cb3-a1fe-3683a9555294,P_00635,BENIGN,0.27525914,0,TN,calcification,0.0008087158203125,1,small,0,0.008506607820213742,10.60032747784271,0.008086973106999809,0.0040435636765912,0.0026957262566280533,Grad-CAM++
a1a73296-63f8-4cb3-a1fe-3683a9555294,P_00635,BENIGN,0.27525914,0,TN,calcification,0.0008087158203125,1,small,0,0.011810314468762746,14.766375235744118,0.00479069236911144,0.0008087158203125,0.0008087158203125,Integrated Gradients
a1faf574-ea50-4095-98d1-85dffacfcab4,P_00484,MALIGNANT,0.18461502,1,FN,calcification,0.022464752197265625,1,large,0,0.0003062438053519,0.0133300280136699,0.0,0.0,0.0,Grad-CAM
a1faf574-ea50-4095-98d1-85dffacfcab4,P_00484,MALIGNANT,0.18461502,1,FN,calcification,0.022464752197265625,1,large,0,0.029912054460876792,1.3417324447617194,0.0,0.05402230295143596,0.05833009903221364,Grad-CAM++
a1faf574-ea50-4095-98d1-85dffacfcab4,P_00484,MALIGNANT,0.18461502,1,FN,calcification,0.022464752197265625,1,large,0,0.16858456637588995,8.823290052844376,0.10194274730555365,0.022464752197265625,0.022464752197265625,Integrated Gradients
a20f3828-a179-4c85-9c52-26213f69833c,P_00232,MALIGNANT,0.64374876,1,TP,calcification,0.000957489013671875,1,small,0,0.0013488703378411,1.4093098932167778,0.0020824656393169,0.0036385110679315,0.002668903461949,Grad-CAM
a20f3828-a179-4c85-9c52-26213f69833c,P_00232,MALIGNANT,0.64374876,1,TP,calcification,0.000957489013671875,1,small,0,0.003933866214436522,4.120800280474318,0.007614406457016675,0.00478742680577543,0.003191638162328497,Grad-CAM++
a20f3828-a179-4c85-9c52-26213f69833c,P_00232,MALIGNANT,0.64374876,1,TP,calcification,0.000957489013671875,1,small,0,0.013729601598461977,14.524866909543782,0.006541416292690347,0.000957489013671875,0.000957489013671875,Integrated Gradients
a248ac61-924b-4df5-a529-02a8b2863195,P_01409,BENIGN,0.39138097,0,TN,calcification,0.00144195556640625,2,medium,0,0.0018533662338198,1.2858438979545608,0.0,0.0044891670312529,0.0029954940661293,Grad-CAM
a248ac61-924b-4df5-a529-02a8b2863195,P_01409,BENIGN,0.39138097,0,TN,calcification,0.00144195556640625,2,medium,0,0.004048141905137695,2.814743508302863,0.008953978070341845,0.0072097503290163845,0.004806530778327378,Grad-CAM++
a248ac61-924b-4df5-a529-02a8b2863195,P_01409,BENIGN,0.39138097,0,TN,calcification,0.00144195556640625,2,medium,0,0.005923018868066365,4.126146081800891,0.006357615894039735,0.00144195556640625,0.00144195556640625,Integrated Gradients
a37cec21-d8c7-4c23-a9ea-174436fd3310,P_00604,MALIGNANT,0.6504043,1,TP,mass,0.001079559326171875,1,small,0,0.0004169428303908,0.385959529570281,0.0,0.0005884474478464,0.0009130798691252,Grad-CAM
a37cec21-d8c7-4c23-a9ea-174436fd3310,P_00604,MALIGNANT,0.6504043,1,TP,mass,0.001079559326171875,1,small,0,0.0013608248267739439,1.2608919968551793,0.0,0.0008544249719938482,0.0035985402388006562,Grad-CAM++
a37cec21-d8c7-4c23-a9ea-174436fd3310,P_00604,MALIGNANT,0.6504043,1,TP,mass,0.001079559326171875,1,small,0,0.0018473776605549693,1.7125494738941014,0.0029902721526174343,0.001079559326171875,0.001079559326171875,Integrated Gradients
a402d6b3-5441-457c-a474-6a30be12c5a4,P_01769,BENIGN,0.68259555,0,FP,calcification,0.00164794921875,4,medium,0,0.0061572815430405,3.753281645537632,0.0084011352885525,0.0045227372061646,0.0030188870707916,Grad-CAM
a402d6b3-5441-457c-a474-6a30be12c5a4,P_01769,BENIGN,0.68259555,0,FP,calcification,0.00164794921875,4,medium,0,0.003968322805117545,2.4136465393056112,0.009012079215418986,0.004522737206164605,0.0030188870707916335,Grad-CAM++
a402d6b3-5441-457c-a474-6a30be12c5a4,P_01769,BENIGN,0.68259555,0,FP,calcification,0.00164794921875,4,medium,1,0.010972412533286065,6.720995271048033,0.006306646525679758,0.00465637828797324,0.00164794921875,Integrated Gradients
a431a884-40b8-4f17-b05d-d64050a0e98b,P_02105,MALIGNANT,0.33031648,1,FN,calcification,0.06182861328125,1,large,0,0.0005788199058577,0.0087879486121455,0.0,0.0,0.0,Grad-CAM
a431a884-40b8-4f17-b05d-d64050a0e98b,P_02105,MALIGNANT,0.33031648,1,FN,calcification,0.06182861328125,1,large,1,0.23158705944940963,4.573116917219596,0.1893187552565181,0.1400926864109762,0.1117349211186385,Grad-CAM++
a431a884-40b8-4f17-b05d-d64050a0e98b,P_02105,MALIGNANT,0.33031648,1,FN,calcification,0.06182861328125,1,large,1,0.5755771621661827,20.577732698678606,0.28201021425765316,0.06182861328125,0.06182861328125,Integrated Gradients
a72745b8-39ad-4cf5-bb66-a54f9ad1b938,P_00753,MALIGNANT,0.89236903,1,TP,mass,0.003265380859375,1,medium,0,0.0173289277723122,5.38281157505619,0.0285334346504559,0.0163268420149154,0.0108846305456302,Grad-CAM
a72745b8-39ad-4cf5-bb66-a54f9ad1b938,P_00753,MALIGNANT,0.89236903,1,TP,mass,0.003265380859375,1,medium,0,0.013189032486244732,4.079666284546355,0.027284456587735276,0.01632684201491541,0.010884630545630254,Grad-CAM++
a72745b8-39ad-4cf5-bb66-a54f9ad1b938,P_00753,MALIGNANT,0.89236903,1,TP,mass,0.003265380859375,1,medium,1,0.04717420370619587,15.112517252606981,0.016522098306484923,0.009529763934674699,0.003265380859375,Integrated Gradients
a7f1dbc5-4978-4b90-96f0-e031b3b0da0d,P_01494,MALIGNANT,0.5274037,1,TP,mass,0.0084991455078125,1,large,0,0.0463757729720572,5.673246262269609,0.0561042625872567,0.0349940351076521,0.0251369029510191,Grad-CAM
a7f1dbc5-4978-4b90-96f0-e031b3b0da0d,P_01494,MALIGNANT,0.5274037,1,TP,mass,0.0084991455078125,1,large,0,0.05009328234755486,6.152000793151618,0.08412105503887787,0.04249556543134525,0.02833055707437407,Grad-CAM++
a7f1dbc5-4978-4b90-96f0-e031b3b0da0d,P_01494,MALIGNANT,0.5274037,1,TP,mass,0.0084991455078125,1,large,1,0.13760290981891804,18.613936891314932,0.051458356437839636,0.0084991455078125,0.0084991455078125,Integrated Gradients
a8b8ac8c-82de-4f99-8b9d-384793be6290,P_01261,MALIGNANT,0.8347393,1,TP,mass,0.003360748291015625,1,medium,0,0.0365731654999389,11.25759861368339,0.0336067137135227,0.016803677354136,0.0112025227928741,Grad-CAM
a8b8ac8c-82de-4f99-8b9d-384793be6290,P_01261,MALIGNANT,0.8347393,1,TP,mass,0.003360748291015625,1,medium,0,0.020623125127436668,6.244629180245528,0.03360671371352279,0.01680367735413607,0.011202522792874127,Grad-CAM++
a8b8ac8c-82de-4f99-8b9d-384793be6290,P_01261,MALIGNANT,0.8347393,1,TP,mass,0.003360748291015625,1,medium,1,0.03229208570100042,9.895865555960713,0.015668340955094087,0.003360748291015625,0.003360748291015625,Integrated Gradients
a8dfe328-98b3-49c9-b3fa-a172a9335012,P_00260,BENIGN,0.3873554,0,TN,calcification,0.002933502197265625,1,medium,0,0.0002393325158627,0.0813660628357334,0.0,0.0,0.0,Grad-CAM
a8dfe328-98b3-49c9-b3fa-a172a9335012,P_00260,BENIGN,0.3873554,0,TN,calcification,0.002933502197265625,1,medium,0,0.0016452670622106092,0.56013041197754,0.0,0.0,0.0035637558448123343,Grad-CAM++
a8dfe328-98b3-49c9-b3fa-a172a9335012,P_00260,BENIGN,0.3873554,0,TN,calcification,0.002933502197265625,1,medium,0,0.009399525126516955,3.2251140813770465,0.011015361558636194,0.002933502197265625,0.002933502197265625,Integrated Gradients
a9832453-041a-43f7-b861-2466cf58b86f,P_00045,MALIGNANT,0.44924825,1,FN,mass,0.0012664794921875,1,small,0,3.90286870382734e-06,0.0030777763220098,0.0,0.0,0.0,Grad-CAM
a9832453-041a-43f7-b861-2466cf58b86f,P_00045,MALIGNANT,0.44924825,1,FN,mass,0.0012664794921875,1,small,0,0.0011173085456384236,0.8820842750954274,0.0,0.0,0.0014201843703637955,Grad-CAM++
a9832453-041a-43f7-b861-2466cf58b86f,P_00045,MALIGNANT,0.44924825,1,FN,mass,0.0012664794921875,1,small,0,0.007235662972592284,5.7475616780224685,0.005720563721776027,0.0039006012634142627,0.0012664794921875,Integrated Gradients
a9f40833-8cf9-43e0-9fcc-c0ec67d20157,P_00988,BENIGN,0.5114047,0,FP,mass,0.0016632080078125,1,medium,0,0.0,0.0,0.0,0.0,0.0,Grad-CAM
a9f40833-8cf9-43e0-9fcc-c0ec67d20157,P_00988,BENIGN,0.5114047,0,FP,mass,0.0016632080078125,1,medium,0,0.0030594058268986566,1.8420369946868151,0.0,0.007681750600434601,0.005544040791933167,Grad-CAM++
a9f40833-8cf9-43e0-9fcc-c0ec67d20157,P_00988,BENIGN,0.5114047,0,FP,mass,0.0016632080078125,1,medium,0,0.014948281953520996,9.108831745437955,0.008743376230128691,0.005573308985771894,0.0016632080078125,Integrated Gradients
aad1a826-e308-4577-9bb3-3c4090a5cadd,P_01628,BENIGN,0.11668993,0,TN,calcification,0.00199127197265625,3,medium,0,0.0,0.0,0.0,0.0,0.0,Grad-CAM
aad1a826-e308-4577-9bb3-3c4090a5cadd,P_01628,BENIGN,0.11668993,0,TN,calcification,0.00199127197265625,3,medium,0,0.0036036065459045994,1.8126289007777616,0.0025497768945217294,0.004438795834360833,0.0048487617887107625,Grad-CAM++
aad1a826-e308-4577-9bb3-3c4090a5cadd,P_01628,BENIGN,0.11668993,0,TN,calcification,0.00199127197265625,3,medium,0,0.013846635195579536,7.037260239573225,0.010239552633567597,0.00199127197265625,0.00199127197265625,Integrated Gradients
ab2d709d-0d11-4a34-b5cd-ca77231b370f,P_01292,BENIGN,0.53476286,0,FP,calcification,0.001094818115234375,3,small,0,0.000539106425096,0.4921424762980606,0.0,5.690763890206196e-05,0.0009003411151548,Grad-CAM
ab2d709d-0d11-4a34-b5cd-ca77231b370f,P_01292,BENIGN,0.53476286,0,FP,calcification,0.001094818115234375,3,small,0,0.0012733395848299677,1.1632681753950345,0.0,0.0008353584447144593,0.0026549459483492335,Grad-CAM++
ab2d709d-0d11-4a34-b5cd-ca77231b370f,P_01292,BENIGN,0.53476286,0,FP,calcification,0.001094818115234375,3,small,0,0.003108919466983587,2.845404866646767,0.002838006584175275,0.0030443717177867416,0.001094818115234375,Integrated Gradients
ab96c94d-36cd-4991-b07c-78dc015357e7,P_00889,MALIGNANT,0.3823404,1,FN,mass,0.002941131591796875,1,medium,0,0.0003241231531202,0.1099150063994695,0.0,0.0,3.7778141567289165e-05,Grad-CAM
ab96c94d-36cd-4991-b07c-78dc015357e7,P_00889,MALIGNANT,0.3823404,1,FN,mass,0.002941131591796875,1,medium,0,0.006939135759521364,2.368841421249666,0.0032716187077106106,0.01206102804093901,0.009803796905001081,Grad-CAM++
ab96c94d-36cd-4991-b07c-78dc015357e7,P_00889,MALIGNANT,0.3823404,1,FN,mass,0.002941131591796875,1,medium,0,0.007044228094950508,2.404971115947524,0.009577254021698466,0.002941131591796875,0.002941131591796875,Integrated Gradients
abb73f53-dc55-4018-971c-4cf4c16e7ac1,P_00564,MALIGNANT,0.10568763,1,FN,mass,0.004550933837890625,1,medium,0,0.0248317163734695,5.569876660241722,0.0455082967766545,0.0227545823876099,0.0151698180384776,Grad-CAM
abb73f53-dc55-4018-971c-4cf4c16e7ac1,P_00564,MALIGNANT,0.10568763,1,FN,mass,0.004550933837890625,1,medium,0,0.006663575355306389,1.4673360358527283,0.0,0.0,0.014151063235182034,Grad-CAM++
abb73f53-dc55-4018-971c-4cf4c16e7ac1,P_00564,MALIGNANT,0.10568763,1,FN,mass,0.004550933837890625,1,medium,0,0.020126370644917766,4.492767284619829,0.01695669919483507,0.004550933837890625,0.004550933837890625,Integrated Gradients
ac5453bb-32bf-413a-a4ef-c5dcfdd92629,P_01039,MALIGNANT,0.47021428,1,FN,mass,0.001483917236328125,1,medium,0,0.0075022216335182,5.086343185464304,0.0148388327293534,0.0074195578782734,0.0049464033671146,Grad-CAM
ac5453bb-32bf-413a-a4ef-c5dcfdd92629,P_01039,MALIGNANT,0.47021428,1,FN,mass,0.001483917236328125,1,medium,0,0.0034905418654733325,2.3569851431657494,0.009256449165402124,0.007418284450207865,0.004946403367114683,Grad-CAM++
ac5453bb-32bf-413a-a4ef-c5dcfdd92629,P_01039,MALIGNANT,0.47021428,1,FN,mass,0.001483917236328125,1,medium,0,0.00812374195954482,5.511172696950128,0.006888199227916131,0.004583753352226259,0.001483917236328125,Integrated Gradients
ac8aaee6-93cc-4a3a-98fd-06add7b2e610,P_01799,MALIGNANT,0.73457146,1,TP,mass,0.00218963623046875,1,medium,0,0.0003371044445193,0.1536691891666299,0.0,0.0,0.0,Grad-CAM
ac8aaee6-93cc-4a3a-98fd-06add7b2e610,P_01799,MALIGNANT,0.73457146,1,TP,mass,0.00218963623046875,1,medium,0,0.0026933851556433966,1.2306816592223877,0.0,0.0,0.007298341979452751,Grad-CAM++
ac8aaee6-93cc-4a3a-98fd-06add7b2e610,P_01799,MALIGNANT,0.73457146,1,TP,mass,0.00218963623046875,1,medium,0,0.01589151469550246,7.358653048365013,0.01159278000151046,0.00218963623046875,0.00218963623046875,Integrated Gradients
acf3492b-fd62-4ca5-930b-a680647b5609,P_01065,MALIGNANT,0.30202425,1,FN,calcification,0.02927398681640625,1,large,0,9.978053404898189e-05,0.003309054014401,0.0,0.0,0.0,Grad-CAM
acf3492b-fd62-4ca5-930b-a680647b5609,P_01065,MALIGNANT,0.30202425,1,FN,calcification,0.02927398681640625,1,large,0,0.08837371806966896,3.214556983708986,0.15002714809284648,0.10151381863499744,0.0817605333734366,Grad-CAM++
acf3492b-fd62-4ca5-930b-a680647b5609,P_01065,MALIGNANT,0.30202425,1,FN,calcification,0.02927398681640625,1,large,1,0.28776334534727516,13.397571018861518,0.1362234292228257,0.02927398681640625,0.02927398681640625,Integrated Gradients
ad3bf4f4-1515-44d8-af64-b898229c2f08,P_01455,MALIGNANT,0.71947634,1,TP,calcification,0.011028289794921875,1,large,0,0.0525532579901622,4.974166981956754,0.0954316248965154,0.0529521489207811,0.0367610594712816,Grad-CAM
ad3bf4f4-1515-44d8-af64-b898229c2f08,P_01455,MALIGNANT,0.71947634,1,TP,calcification,0.011028289794921875,1,large,0,0.030617678989220503,2.832388677191595,0.04296413086322428,0.032841059726293385,0.03309596817110565,Grad-CAM++
ad3bf4f4-1515-44d8-af64-b898229c2f08,P_01455,MALIGNANT,0.71947634,1,TP,calcification,0.011028289794921875,1,large,0,0.04698746571798039,4.421392568533168,0.04203064585421738,0.011028289794921875,0.011028289794921875,Integrated Gradients
af676fc7-9883-44bc-95d6-d73e3b6a79a7,P_01775,MALIGNANT,0.57223856,1,TP,mass,0.011272430419921875,1,large,0,0.0208234169955609,1.865305610342726,0.054438982070561,0.0553152569501343,0.037324248048613,Grad-CAM
af676fc7-9883-44bc-95d6-d73e3b6a79a7,P_01775,MALIGNANT,0.57223856,1,TP,mass,0.011272430419921875,1,large,0,0.022841368712652632,2.0502937616520445,0.02664273395980713,0.03440289865899668,0.03419518377693283,Grad-CAM++
af676fc7-9883-44bc-95d6-d73e3b6a79a7,P_01775,MALIGNANT,0.57223856,1,TP,mass,0.011272430419921875,1,large,1,0.11299691947915093,11.17379299576467,0.052916546347097894,0.011272430419921875,0.011272430419921875,Integrated Gradients
b022987b-eae5-483c-b246-41b81c4d5287,P_02584,BENIGN,0.74217874,0,FP,calcification,0.00506591796875,1,large,0,0.0014463857562404,0.2844781505609983,0.0,0.0009682524904571,0.0030227016179606,Grad-CAM
b022987b-eae5-483c-b246-41b81c4d5287,P_02584,BENIGN,0.74217874,0,FP,calcification,0.00506591796875,1,large,0,0.002144654216389825,0.42211019398991323,0.0,0.0,0.0,Grad-CAM++
b022987b-eae5-483c-b246-41b81c4d5287,P_02584,BENIGN,0.74217874,0,FP,calcification,0.00506591796875,1,large,0,0.00629409606927982,1.2439750826046918,0.007756759723391021,0.01090697105891645,0.00506591796875,Integrated Gradients
b04892b2-174c-4022-93a9-ca976d6670c3,P_01175,BENIGN,0.17000292,0,TN,mass,0.001972198486328125,1,medium,0,0.0,0.0,0.0,0.0,0.0,Grad-CAM
b04892b2-174c-4022-93a9-ca976d6670c3,P_01175,BENIGN,0.17000292,0,TN,mass,0.001972198486328125,1,medium,0,0.002993503033917619,1.5194057727959265,0.0,0.00424870073214218,0.006574011673003319,Grad-CAM++
b04892b2-174c-4022-93a9-ca976d6670c3,P_01175,BENIGN,0.17000292,0,TN,mass,0.001972198486328125,1,medium,0,0.014919454422307812,7.664312292053777,0.011120357061804977,0.001972198486328125,0.001972198486328125,Integrated Gradients
b12b063d-e492-4b65-8813-cce39e96958a,P_01821,BENIGN,0.10663832,0,TN,mass,0.002292633056640625,1,medium,0,0.0021123770864132,0.9212090888079104,0.0084194700244314,0.0078491742212592,0.0022926330566406,Grad-CAM
b12b063d-e492-4b65-8813-cce39e96958a,P_01821,BENIGN,0.10663832,0,TN,mass,0.002292633056640625,1,medium,0,0.003969743418027575,1.7344374220740897,0.0,0.007294001443604452,0.007642129623742736,Grad-CAM++
b12b063d-e492-4b65-8813-cce39e96958a,P_01821,BENIGN,0.10663832,0,TN,mass,0.002292633056640625,1,medium,0,0.008986531902579357,3.946219273092742,0.009790631119144449,0.002292633056640625,0.002292633056640625,Integrated Gradients
b15de486-7bc8-4639-a917-8819f13d10f8,P_01385,BENIGN,0.46935254,0,TN,calcification,0.001499176025390625,1,medium,0,0.0,0.0,0.0,0.0,0.0,Grad-CAM
b15de486-7bc8-4639-a917-8819f13d10f8,P_01385,BENIGN,0.46935254,0,TN,calcification,0.001499176025390625,1,medium,0,0.0014388034661101771,0.9596712637654394,0.0,0.0,0.002511479235901469,Grad-CAM++
b15de486-7bc8-4639-a917-8819f13d10f8,P_01385,BENIGN,0.46935254,0,TN,calcification,0.001499176025390625,1,medium,0,0.00348440908209792,2.3288461909049936,0.00540336293217457,0.001499176025390625,0.001499176025390625,Integrated Gradients
b1a397c3-8bbe-422e-9d6b-c3efa2c43134,P_01596,MALIGNANT,0.73984355,1,TP,calcification,0.007961273193359375,1,large,0,0.000203821195606,0.0254029338355659,0.0,0.0,0.0,Grad-CAM
b1a397c3-8bbe-422e-9d6b-c3efa2c43134,P_01596,MALIGNANT,0.73984355,1,TP,calcification,0.007961273193359375,1,large,0,0.026730685205359428,3.422340587459823,0.0751405561464823,0.039806214118140726,0.02653764479991862,Grad-CAM++
b1a397c3-8bbe-422e-9d6b-c3efa2c43134,P_01596,MALIGNANT,0.73984355,1,TP,calcification,0.007961273193359375,1,large,1,0.030947112012927717,3.979410310154444,0.03051267113311972,0.007961273193359375,0.007961273193359375,Integrated Gradients
b1c05978-b118-4444-bf11-e16c028a88e7,P_01175,BENIGN,0.39333418,0,TN,mass,0.001506805419921875,1,medium,0,0.0002061797218493,0.1366542993286022,0.0,0.0002271909729453,0.0008229514838448,Grad-CAM
b1c05978-b118-4444-bf11-e16c028a88e7,P_01175,BENIGN,0.39333418,0,TN,mass,0.001506805419921875,1,medium,0,0.006526414045995458,4.353176835243942,0.01479673556555564,0.0075339983596864335,0.005022697506453212,Grad-CAM++
b1c05978-b118-4444-bf11-e16c028a88e7,P_01175,BENIGN,0.39333418,0,TN,mass,0.001506805419921875,1,medium,0,0.012121301998933012,8.130806545165312,0.007153400703985466,0.005003709975076578,0.001506805419921875,Integrated Gradients
b1e8454a-9d7e-48a9-9e8a-82d6d530d3da,P_00348,BENIGN,0.35014907,0,TN,mass,0.00072479248046875,1,small,0,0.0,0.0,0.0,0.0,0.0,Grad-CAM
b1e8454a-9d7e-48a9-9e8a-82d6d530d3da,P_00348,BENIGN,0.35014907,0,TN,mass,0.00072479248046875,1,small,0,0.00196137625810229,2.709473771430229,0.0018591592047351646,0.0036239485780770186,0.002415981079053444,Grad-CAM++
b1e8454a-9d7e-48a9-9e8a-82d6d530d3da,P_00348,BENIGN,0.35014907,0,TN,mass,0.00072479248046875,1,small,0,0.00718082709913727,9.971849400976192,0.004909423047648044,0.00072479248046875,0.00072479248046875,Integrated Gradients
b231d176-ad94-4337-a5f3-458faefe776c,P_00486,BENIGN,0.76775134,0,FP,calcification,0.030414581298828125,1,large,0,7.78117564753145e-05,0.0024807512620063,0.0,0.0,0.0,Grad-CAM
b231d176-ad94-4337-a5f3-458faefe776c,P_00486,BENIGN,0.76775134,0,FP,calcification,0.030414581298828125,1,large,0,0.057569778090568666,1.947374533509615,0.07148901494969756,0.1206931740171067,0.09819832384526632,Grad-CAM++
b231d176-ad94-4337-a5f3-458faefe776c,P_00486,BENIGN,0.76775134,0,FP,calcification,0.030414581298828125,1,large,0,0.16924024403895813,6.494299963140013,0.12816789862724393,0.030414581298828125,0.030414581298828125,Integrated Gradients
b2e15306-e355-4ac8-861c-64b3e8eb67bb,P_01741,MALIGNANT,0.7478695,1,TP,mass,0.0035247802734375,1,medium,0,0.0233738118088394,6.766055376558112,0.0352469959946595,0.0176194653140612,0.0117492974581335,Grad-CAM
b2e15306-e355-4ac8-861c-64b3e8eb67bb,P_01741,MALIGNANT,0.7478695,1,TP,mass,0.0035247802734375,1,medium,0,0.013864173217259352,3.974584761545002,0.035246995994659545,0.017623834137595606,0.01174929745813359,Grad-CAM++
b2e15306-e355-4ac8-861c-64b3e8eb67bb,P_01741,MALIGNANT,0.7478695,1,TP,mass,0.0035247802734375,1,medium,1,0.04095542132272962,12.072771700138322,0.017776111006937934,0.01120124331905538,0.0035247802734375,Integrated Gradients
b38f93b0-d2e5-4d07-a6d2-47514ab614a9,P_01362,BENIGN,0.58645856,0,FP,mass,0.0017242431640625,1,medium,0,0.0014970239508883,0.8680233619746907,0.0,0.0027298578199052,0.0026493927946657,Grad-CAM
b38f93b0-d2e5-4d07-a6d2-47514ab614a9,P_01362,BENIGN,0.58645856,0,FP,mass,0.0017242431640625,1,medium,0,0.005636025895116711,3.2815545619067454,0.007138001359619306,0.008621182933109539,0.005747491830169246,Grad-CAM++
b38f93b0-d2e5-4d07-a6d2-47514ab614a9,P_01362,BENIGN,0.58645856,0,FP,mass,0.0017242431640625,1,medium,0,0.010511687869878654,6.15054786137025,0.00957825395623533,0.0017242431640625,0.0017242431640625,Integrated Gradients
b3ec166c-9151-4981-be25-2160eefc815e,P_00510,BENIGN,0.17588985,0,TN,mass,0.000728607177734375,1,small,0,0.0,0.0,0.0,0.0,0.0,Grad-CAM
b3ec166c-9151-4981-be25-2160eefc815e,P_00510,BENIGN,0.17588985,0,TN,mass,0.000728607177734375,1,small,0,0.0006656822187300223,0.9135791810751267,0.0,0.0,0.00019030944315456933,Grad-CAM++
b3ec166c-9151-4981-be25-2160eefc815e,P_00510,BENIGN,0.17588985,0,TN,mass,0.000728607177734375,1,small,0,0.003758674939283651,5.174401379569895,0.0031150281112292963,0.000728607177734375,0.000728607177734375,Integrated Gradients
b4203fcd-9461-4386-8935-c9a381a3e2a0,P_00169,BENIGN,0.11368078,0,TN,mass,0.00391387939453125,1,medium,0,0.0,0.0,0.0,0.0,0.0,Grad-CAM
b4203fcd-9461-4386-8935-c9a381a3e2a0,P_00169,BENIGN,0.11368078,0,TN,mass,0.00391387939453125,1,medium,0,0.0011594078687819115,0.2954129577273582,0.0,0.0,0.0,Grad-CAM++
b4203fcd-9461-4386-8935-c9a381a3e2a0,P_00169,BENIGN,0.11368078,0,TN,mass,0.00391387939453125,1,medium,0,0.01502234851926487,3.8815115676722565,0.014940387481371088,0.00391387939453125,0.00391387939453125,Integrated Gradients
b5281aca-9a12-452c-8f94-cf1f470f0b8f,P_00901,MALIGNANT,0.7788874,1,TP,mass,0.00457000732421875,1,medium,0,0.0624254865240128,14.5027332775283,0.0456990272744611,0.022849949455454,0.0152333964879264,Grad-CAM
b5281aca-9a12-452c-8f94-cf1f470f0b8f,P_00901,MALIGNANT,0.7788874,1,TP,mass,0.00457000732421875,1,medium,0,0.054952084882782,12.665554177479136,0.045699027274461186,0.022849949455454044,0.015233396487926452,Grad-CAM++
b5281aca-9a12-452c-8f94-cf1f470f0b8f,P_00901,MALIGNANT,0.7788874,1,TP,mass,0.00457000732421875,1,medium,1,0.13462397645600824,33.885303803945156,0.028900649326277072,0.00457000732421875,0.00457000732421875,Integrated Gradients
b5def139-3b10-47d1-ad50-9880da8e96b5,P_00988,BENIGN,0.5696383,0,FP,mass,0.001911163330078125,1,medium,0,0.0064952967597112,3.414290205889269,0.0155085905428006,0.009555780197982,0.0063705606347672,Grad-CAM
b5def139-3b10-47d1-ad50-9880da8e96b5,P_00988,BENIGN,0.5696383,0,FP,mass,0.001911163330078125,1,medium,0,0.006003747775091382,3.1543442097306493,0.017985063252552964,0.009555780197982033,0.0063699936427209156,Grad-CAM++
b5def139-3b10-47d1-ad50-9880da8e96b5,P_00988,BENIGN,0.5696383,0,FP,mass,0.001911163330078125,1,medium,0,0.011713725791468416,6.1898995084068416,0.009141044043212209,0.001911163330078125,0.001911163330078125,Integrated Gradients
b5eaa364-c1d8-4cf7-9914-f8ddccd6caa4,P_00114,BENIGN,0.1662388,0,TN,mass,0.0026702880859375,1,medium,0,0.0003996635724712,0.1493305793510164,0.0,0.0,0.0006431922514251,Grad-CAM
b5eaa364-c1d8-4cf7-9914-f8ddccd6caa4,P_00114,BENIGN,0.1662388,0,TN,mass,0.0026702880859375,1,medium,0,0.003436174058137145,1.2878069269290129,0.0,0.0023015828098175714,0.007120644792790506,Grad-CAM++
b5eaa364-c1d8-4cf7-9914-f8ddccd6caa4,P_00114,BENIGN,0.1662388,0,TN,mass,0.0026702880859375,1,medium,0,0.01873217738099965,7.129864986212822,0.015238957413903662,0.0026702880859375,0.0026702880859375,Integrated Gradients
b5fa3bde-c577-4415-9e6d-3f8400963b06,P_00635,BENIGN,0.21295841,0,TN,calcification,0.001354217529296875,2,small,0,0.0028495157415392,2.107333955135013,0.0058298001211387,0.0031542744218747,0.0021053432597308,Grad-CAM
b5fa3bde-c577-4415-9e6d-3f8400963b06,P_00635,BENIGN,0.21295841,0,TN,calcification,0.001354217529296875,2,small,0,0.01004992468801952,7.486391755227851,0.013541865344268548,0.006771061816933377,0.004514069910863014,Grad-CAM++
b5fa3bde-c577-4415-9e6d-3f8400963b06,P_00635,BENIGN,0.21295841,0,TN,calcification,0.001354217529296875,2,small,1,0.03732352971447244,28.590737013020984,0.001354217529296875,0.001354217529296875,0.001354217529296875,Integrated Gradients
b6377c0d-64bb-407a-a3df-76204678b8a0,P_01373,MALIGNANT,0.3920287,1,FN,mass,0.00226593017578125,1,medium,0,0.0056629320118983,2.507702593796596,0.0091470300383949,0.0073332446757983,0.0064780824875836,Grad-CAM
b6377c0d-64bb-407a-a3df-76204678b8a0,P_01373,MALIGNANT,0.3920287,1,FN,mass,0.00226593017578125,1,medium,0,0.006187923608837463,2.741630831719415,0.00899510726383139,0.01132960765988289,0.007553119794514451,Grad-CAM++
b6377c0d-64bb-407a-a3df-76204678b8a0,P_01373,MALIGNANT,0.3920287,1,FN,mass,0.00226593017578125,1,medium,0,0.012171622784161854,5.4254447304305895,0.012156907162004002,0.00226593017578125,0.00226593017578125,Integrated Gradients
b6d2be5c-6b70-4a74-a9e4-be918c931de4,P_01769,BENIGN,0.3747968,0,TN,calcification,0.0002899169921875,1,small,0,0.0007256747724411,2.504134025082361,0.0004566383804558,0.0014495794312308,0.0009663924316213,Grad-CAM
b6d2be5c-6b70-4a74-a9e4-be918c931de4,P_01769,BENIGN,0.3747968,0,TN,calcification,0.0002899169921875,1,small,0,0.0004344924069164325,1.4988955373488575,0.0,0.0,0.0009663924316213776,Grad-CAM++
b6d2be5c-6b70-4a74-a9e4-be918c931de4,P_01769,BENIGN,0.3747968,0,TN,calcification,0.0002899169921875,1,small,0,0.002109613793518818,7.28988201882895,0.0020199710343776203,0.0012967942483360986,0.0002899169921875,Integrated Gradients
b71531c4-d0d8-4a55-9f94-64fb634690aa,P_00510,BENIGN,0.14784397,0,TN,calcification,0.00157928466796875,2,medium,0,1.2547256939760306e-07,7.932350663977645e-05,0.0,0.0,0.0,Grad-CAM
b71531c4-d0d8-4a55-9f94-64fb634690aa,P_00510,BENIGN,0.14784397,0,TN,calcification,0.00157928466796875,2,medium,0,0.0020416616413583715,1.29337514785466,0.0,0.0,0.002040635258628338,Grad-CAM++
b71531c4-d0d8-4a55-9f94-64fb634690aa,P_00510,BENIGN,0.14784397,0,TN,calcification,0.00157928466796875,2,medium,0,0.004789253318777584,3.0423260451770378,0.005019625603864734,0.005021015994978984,0.00157928466796875,Integrated Gradients
b8af6810-ac9d-4eb0-abcd-f9506622d6ea,P_01821,BENIGN,0.14310607,0,TN,mass,0.0027313232421875,1,medium,0,5.1615176264321227e-05,0.0188468455420194,0.0,0.0,0.0011100879240094,Grad-CAM
b8af6810-ac9d-4eb0-abcd-f9506622d6ea,P_01821,BENIGN,0.14310607,0,TN,mass,0.0027313232421875,1,medium,0,0.002632021615615227,0.9635474145920374,0.0,0.0,0.003553453552188978,Grad-CAM++
b8af6810-ac9d-4eb0-abcd-f9506622d6ea,P_01821,BENIGN,0.14310607,0,TN,mass,0.0027313232421875,1,medium,0,0.006294475769204924,2.3128155995248276,0.007142857142857143,0.007545452821961438,0.0027313232421875,Integrated Gradients
b8c884cb-0c6f-4d72-89fe-2b7ed08868d6,P_00538,BENIGN,0.56629115,0,FP,calcification,0.0003509521484375,2,small,0,0.0,0.0,0.0,0.0,0.0,Grad-CAM
b8c884cb-0c6f-4d72-89fe-2b7ed08868d6,P_00538,BENIGN,0.56629115,0,FP,calcification,0.0003509521484375,2,small,0,0.0007096422147913807,2.0227739200907795,0.0007227632379793061,0.00175475404833203,0.001169843469857457,Grad-CAM++
b8c884cb-0c6f-4d72-89fe-2b7ed08868d6,P_00538,BENIGN,0.56629115,0,FP,calcification,0.0003509521484375,2,small,0,0.005130173570496396,14.688093543221857,0.0003509521484375,0.0003509521484375,0.0003509521484375,Integrated Gradients
b9522ec8-2de4-4ce5-91f2-af2ad96bf398,P_00512,BENIGN,0.60990375,0,FP,mass,0.000537872314453125,1,small,0,1.621321832159836e-05,0.0301275213252161,0.0,0.0,0.0,Grad-CAM
b9522ec8-2de4-4ce5-91f2-af2ad96bf398,P_00512,BENIGN,0.60990375,0,FP,mass,0.000537872314453125,1,small,0,0.0028469770775291724,5.305292135827952,0.0053786000381461,0.0026893513132045244,0.0017929122744554506,Grad-CAM++
b9522ec8-2de4-4ce5-91f2-af2ad96bf398,P_00512,BENIGN,0.60990375,0,FP,mass,0.000537872314453125,1,small,0,0.0128433085613131,24.17563843873604,0.0033882818745955,0.000537872314453125,0.000537872314453125,Integrated Gradients
bb1329ef-8119-4e21-924f-a08c97e76934,P_01632,BENIGN,0.4694391,0,TN,mass,0.001720428466796875,2,medium,0,0.0002617525660461,0.1519217952104276,0.0,0.0,0.0,Grad-CAM
bb1329ef-8119-4e21-924f-a08c97e76934,P_01632,BENIGN,0.4694391,0,TN,mass,0.001720428466796875,2,medium,0,0.0010013482463657026,0.58161517949678,0.0,0.0,0.002458808618504436,Grad-CAM++
bb1329ef-8119-4e21-924f-a08c97e76934,P_01632,BENIGN,0.4694391,0,TN,mass,0.001720428466796875,2,medium,0,0.005290302606132833,3.086028039781204,0.004293461886110274,0.003987089424719955,0.001720428466796875,Integrated Gradients
bba672d9-0dd5-4702-9f0f-f92e9ca1f2d0,P_01482,BENIGN,0.6358638,0,FP,mass,0.00380706787109375,1,medium,0,0.0286856693489438,7.7278366273441215,0.0380698073621972,0.0190352667416887,0.0126902585099754,Grad-CAM
bba672d9-0dd5-4702-9f0f-f92e9ca1f2d0,P_01482,BENIGN,0.6358638,0,FP,mass,0.00380706787109375,1,medium,0,0.023988741590663748,6.431399026173426,0.038069807362197214,0.01903526674168876,0.012690258509975459,Grad-CAM++
bba672d9-0dd5-4702-9f0f-f92e9ca1f2d0,P_01482,BENIGN,0.6358638,0,FP,mass,0.00380706787109375,1,medium,0,0.03775306499428716,10.26640920923267,0.020206943090650072,0.00380706787109375,0.00380706787109375,Integrated Gradients
bbef24ec-eae0-428a-89f2-1f93fc591c6b,P_00933,MALIGNANT,0.7086514,1,TP,calcification,0.001033782958984375,1,small,0,0.0016189739184827,1.566985557829377,0.0016261392428998,0.0021107075624179,0.0020570906135717,Grad-CAM
bbef24ec-eae0-428a-89f2-1f93fc591c6b,P_00933,MALIGNANT,0.7086514,1,TP,calcification,0.001033782958984375,1,small,0,0.003937502190458581,3.8199324136005073,0.00964434109709145,0.005168895077151958,0.0034459519601235966,Grad-CAM++
bbef24ec-eae0-428a-89f2-1f93fc591c6b,P_00933,MALIGNANT,0.7086514,1,TP,calcification,0.001033782958984375,1,small,0,0.006417651082880766,6.241567374178846,0.006154079927062756,0.001033782958984375,0.001033782958984375,Integrated Gradients
bbffd60a-2811-4abe-91b6-1b0f8779e3f2,P_00901,MALIGNANT,0.7069161,1,TP,mass,0.002231597900390625,1,medium,0,0.000752480862459,0.3366945998188639,0.0,0.0,0.0005177617538232,Grad-CAM
bbffd60a-2811-4abe-91b6-1b0f8779e3f2,P_00901,MALIGNANT,0.7069161,1,TP,mass,0.002231597900390625,1,medium,0,0.014739655836017086,6.688828273266413,0.022315468243372116,0.011157946937763452,0.007438678585506657,Grad-CAM++
bbffd60a-2811-4abe-91b6-1b0f8779e3f2,P_00901,MALIGNANT,0.7069161,1,TP,mass,0.002231597900390625,1,medium,0,0.02563590928094486,11.763626765418618,0.013117604808528333,0.002231597900390625,0.002231597900390625,Integrated Gradients
bc9be185-409b-465c-83f4-39d89840e50b,P_01362,BENIGN,0.632381,0,FP,calcification,0.00087738037109375,1,small,0,0.0012319130955779,1.404578810346642,0.0026920451960263,0.0033917036641832,0.0025166825548141,Grad-CAM
bc9be185-409b-465c-83f4-39d89840e50b,P_01362,BENIGN,0.632381,0,FP,calcification,0.00087738037109375,1,small,0,0.0019194405667951704,2.1899790069931027,0.0,0.004386885120830075,0.0029246086746436426,Grad-CAM++
bc9be185-409b-465c-83f4-39d89840e50b,P_01362,BENIGN,0.632381,0,FP,calcification,0.00087738037109375,1,small,0,0.0024789784964890844,2.8299688928018942,0.0037957866767887646,0.00087738037109375,0.00087738037109375,Integrated Gradients
bceafeba-0c45-4946-8389-53055c013cec,P_00387,BENIGN,0.19316004,0,TN,mass,0.00148773193359375,1,medium,0,0.0,0.0,0.0,0.0,0.0,Grad-CAM
bceafeba-0c45-4946-8389-53055c013cec,P_00387,BENIGN,0.19316004,0,TN,mass,0.00148773193359375,1,medium,0,0.0034441984287701213,2.3196112138362706,0.0,0.007437921959034214,0.004959119057004438,Grad-CAM++
bceafeba-0c45-4946-8389-53055c013cec,P_00387,BENIGN,0.19316004,0,TN,mass,0.00148773193359375,1,medium,0,0.009528304380966064,6.456575772814673,0.006507017742972799,0.00148773193359375,0.00148773193359375,Integrated Gradients
be17af6b-73a0-4fb1-b185-f8276331afbd,P_00276,BENIGN,0.22931771,0,TN,calcification,0.0013275146484375,1,small,0,0.0066504027972172,5.036507574364965,0.0132748426473393,0.0066375479219515,0.0044250600816347,Grad-CAM
be17af6b-73a0-4fb1-b185-f8276331afbd,P_00276,BENIGN,0.22931771,0,TN,calcification,0.0013275146484375,1,small,0,0.0068553750882725546,5.1928105089911005,0.013274842647339309,0.006637547921951592,0.004425060081634729,Grad-CAM++
be17af6b-73a0-4fb1-b185-f8276331afbd,P_00276,BENIGN,0.22931771,0,TN,calcification,0.0013275146484375,1,small,0,0.00839645045960504,6.370028386506827,0.005412566237698713,0.004052203028688837,0.0013275146484375,Integrated Gradients
bf6300f1-8e6c-41e7-9c02-6bfc7e5f6d6a,P_01230,MALIGNANT,0.46984568,1,FN,mass,0.0007781982421875,1,small,0,5.50023003914981e-05,0.0706278971856102,0.0,0.0,0.0,Grad-CAM
bf6300f1-8e6c-41e7-9c02-6bfc7e5f6d6a,P_01230,MALIGNANT,0.46984568,1,FN,mass,0.0007781982421875,1,small,0,0.0004444222443887565,0.5709006094776546,0.0,0.0,0.0001522166550390055,Grad-CAM++
bf6300f1-8e6c-41e7-9c02-6bfc7e5f6d6a,P_01230,MALIGNANT,0.46984568,1,FN,mass,0.0007781982421875,1,small,0,0.0017094364410183388,2.198708453161384,0.0025044586954046976,0.0022660623833644362,0.0007781982421875,Integrated Gradients
c0460e2f-d9ae-4df4-aeb6-1da1528d7076,P_00967,MALIGNANT,0.49264285,1,FN,calcification,0.01110076904296875,1,large,1,0.107562090696802,10.736926533251186,0.1026349663057469,0.0550810295519542,0.0370026575791869,Grad-CAM
c0460e2f-d9ae-4df4-aeb6-1da1528d7076,P_00967,MALIGNANT,0.49264285,1,FN,calcification,0.01110076904296875,1,large,0,0.05363251317555023,5.048558108362952,0.10159234464238436,0.055503633485284865,0.03700265757918696,Grad-CAM++
c0460e2f-d9ae-4df4-aeb6-1da1528d7076,P_00967,MALIGNANT,0.49264285,1,FN,calcification,0.01110076904296875,1,large,0,0.12598824895226604,12.841383636935985,0.055100710042022896,0.01110076904296875,0.01110076904296875,Integrated Gradients
c1679199-c480-49a9-ab07-aa1f2b2f76e7,P_00640,BENIGN,0.5281084,0,FP,mass,0.00193023681640625,1,medium,0,0.0,0.0,0.0,0.0,0.0,Grad-CAM
c1679199-c480-49a9-ab07-aa1f2b2f76e7,P_00640,BENIGN,0.5281084,0,FP,mass,0.00193023681640625,1,medium,0,0.003225414226834501,1.6731649874377985,0.0,0.002917716602565317,0.0064341390842160145,Grad-CAM++
c1679199-c480-49a9-ab07-aa1f2b2f76e7,P_00640,BENIGN,0.5281084,0,FP,mass,0.00193023681640625,1,medium,0,0.015690609133595733,8.242492433071448,0.010704289280580983,0.00193023681640625,0.00193023681640625,Integrated Gradients
c1821418-dce5-4d6f-917f-ce20314b1164,P_01739,BENIGN,0.12721586,0,TN,mass,0.00128936767578125,1,small,0,3.663319112390116e-05,0.0283761471298578,0.0,0.0,0.0,Grad-CAM
c1821418-dce5-4d6f-917f-ce20314b1164,P_01739,BENIGN,0.12721586,0,TN,mass,0.00128936767578125,1,small,0,0.0026893254956726113,2.0886986609884937,3.766194636938837e-05,0.005871251834766198,0.004297903182737179,Grad-CAM++
c1821418-dce5-4d6f-917f-ce20314b1164,P_01739,BENIGN,0.12721586,0,TN,mass,0.00128936767578125,1,small,0,0.009175871488932279,7.1732127294933115,0.006024096385542169,0.004129400570884872,0.00128936767578125,Integrated Gradients
c1a0738b-0b37-45aa-8a89-a5a45e19ed13,P_00534,MALIGNANT,0.91683173,1,TP,calcification,0.027118682861328125,1,large,0,0.1599149808880536,6.828998111134897,0.1920188800686548,0.118147501267677,0.0818803461936363,Grad-CAM
c1a0738b-0b37-45aa-8a89-a5a45e19ed13,P_00534,MALIGNANT,0.91683173,1,TP,calcification,0.027118682861328125,1,large,0,0.0857410461264098,3.36442498994951,0.11623233067595633,0.08657882249881374,0.07447874899759423,Grad-CAM++
c1a0738b-0b37-45aa-8a89-a5a45e19ed13,P_00534,MALIGNANT,0.91683173,1,TP,calcification,0.027118682861328125,1,large,0,0.2100429890850175,9.538849261202593,0.12054877433672954,0.027118682861328125,0.027118682861328125,Integrated Gradients
c2dd4094-0867-423d-8fd5-c7577d786f23,P_00112,BENIGN,0.84330374,0,FP,calcification,0.00492095947265625,7,large,0,0.0132239637231425,2.709884751150574,0.0213137276744272,0.0159045349672831,0.0125150421179302,Grad-CAM
c2dd4094-0867-423d-8fd5-c7577d786f23,P_00112,BENIGN,0.84330374,0,FP,calcification,0.00492095947265625,7,large,0,0.01634729533127886,3.360561709863828,0.034995296331138286,0.021778826035683038,0.0148933468765871,Grad-CAM++
c2dd4094-0867-423d-8fd5-c7577d786f23,P_00112,BENIGN,0.84330374,0,FP,calcification,0.00492095947265625,7,large,0,0.032330154516506754,6.755979597918212,0.022528718539722666,0.00492095947265625,0.00492095947265625,Integrated Gradients
c2f4048f-c731-4b2d-be73-bec2e859e9db,P_00147,MALIGNANT,0.5370117,1,TP,mass,0.00101470947265625,1,small,0,0.0031184578387055,3.0797372578792643,0.0098375657744223,0.0050735280093078,0.0033823735106748,Grad-CAM
c2f4048f-c731-4b2d-be73-bec2e859e9db,P_00147,MALIGNANT,0.5370117,1,TP,mass,0.00101470947265625,1,small,0,0.0024073648246930846,2.3757789486676817,0.0,0.005073528009307826,0.0033823735106748216,Grad-CAM++
c2f4048f-c731-4b2d-be73-bec2e859e9db,P_00147,MALIGNANT,0.5370117,1,TP,mass,0.00101470947265625,1,small,0,0.009076356597891527,9.017552505803286,0.006117021276595745,0.003924631827621025,0.00101470947265625,Integrated Gradients
c4c621e8-d6fc-4686-882d-238331b7f536,P_00047,MALIGNANT,0.6578604,1,TP,calcification,0.00089263916015625,3,small,0,0.0,0.0,0.0,0.0,0.0,Grad-CAM
c4c621e8-d6fc-4686-882d-238331b7f536,P_00047,MALIGNANT,0.6578604,1,TP,calcification,0.00089263916015625,3,small,0,0.00044150089251947933,0.4943786146492105,0.0,0.0,0.0,Grad-CAM++
c4c621e8-d6fc-4686-882d-238331b7f536,P_00047,MALIGNANT,0.6578604,1,TP,calcification,0.00089263916015625,3,small,0,0.005461383619890668,6.146349687565664,0.005283162295705055,0.00089263916015625,0.00089263916015625,Integrated Gradients
c50c3313-7cb7-4c37-958c-161a4c3f45fc,P_00488,BENIGN,0.49883446,0,TN,mass,0.000701904296875,1,small,0,0.0,0.0,0.0,0.0,0.0,Grad-CAM
c50c3313-7cb7-4c37-958c-161a4c3f45fc,P_00488,BENIGN,0.49883446,0,TN,mass,0.000701904296875,1,small,0,0.0016489724244709543,2.3515123284069657,0.0,0.00350950809666406,0.002339448958055206,Grad-CAM++
c50c3313-7cb7-4c37-958c-161a4c3f45fc,P_00488,BENIGN,0.49883446,0,TN,mass,0.000701904296875,1,small,0,0.01133806123606817,16.32706246504966,0.000701904296875,0.000701904296875,0.000701904296875,Integrated Gradients
c53d9413-d556-4335-977d-7f2d0517bdf2,P_02419,MALIGNANT,0.29012856,1,FN,calcification,0.0120391845703125,1,large,0,0.0,0.0,0.0,0.0,0.0,Grad-CAM
c53d9413-d556-4335-977d-7f2d0517bdf2,P_02419,MALIGNANT,0.29012856,1,FN,calcification,0.0120391845703125,1,large,0,0.017965154851882693,1.5012280032281375,0.0,0.03196999795778178,0.0353779555465546,Grad-CAM++
c53d9413-d556-4335-977d-7f2d0517bdf2,P_02419,MALIGNANT,0.29012856,1,FN,calcification,0.0120391845703125,1,large,0,0.08482181253856366,7.605794048132707,0.06982589058060756,0.0120391845703125,0.0120391845703125,Integrated Gradients
c5602046-3986-4688-a316-817595e22557,P_00776,MALIGNANT,0.6689064,1,TP,mass,0.000743865966796875,1,small,0,0.000268014498074,0.3601278868210685,0.0,0.0,6.342038838645848e-05,Grad-CAM
c5602046-3986-4688-a316-817595e22557,P_00776,MALIGNANT,0.6689064,1,TP,mass,0.000743865966796875,1,small,0,0.0009339323993624712,1.2557505887047953,0.0,0.0005704072707913451,0.0021609803223674173,Grad-CAM++
c5602046-3986-4688-a316-817595e22557,P_00776,MALIGNANT,0.6689064,1,TP,mass,0.000743865966796875,1,small,0,0.004538839655283832,6.124952313037188,0.003800836183960471,0.0025337676935093634,0.000743865966796875,Integrated Gradients
c62e2f47-d0af-4414-8b2e-c28d08ab3e6b,P_01632,BENIGN,0.4808966,0,TN,mass,0.0015106201171875,2,medium,0,0.0024765517624116,1.64101489074483,0.007229371688115,0.0036288330736786,0.0024223823051948,Grad-CAM
c62e2f47-d0af-4414-8b2e-c28d08ab3e6b,P_01632,BENIGN,0.4808966,0,TN,mass,0.0015106201171875,2,medium,0,0.003137358807070732,2.0802575703521473,0.00396136723760658,0.0075338546633606715,0.005035413196342968,Grad-CAM++
c62e2f47-d0af-4414-8b2e-c28d08ab3e6b,P_01632,BENIGN,0.4808966,0,TN,mass,0.0015106201171875,2,medium,0,0.005459443580906724,3.6283904306151094,0.004947129909365559,0.004392135985093357,0.0015106201171875,Integrated Gradients
c65664a6-8712-471d-b1c4-e12455f03c77,P_00680,BENIGN,0.5612675,0,FP,calcification,0.048126220703125,1,large,0,0.2017069475018342,4.99753736687178,0.2203714761620415,0.1718130719896231,0.1286528734494997,Grad-CAM
c65664a6-8712-471d-b1c4-e12455f03c77,P_00680,BENIGN,0.5612675,0,FP,calcification,0.048126220703125,1,large,1,0.19886834745886608,4.909749938562749,0.22175376773746971,0.18680095608225228,0.14649865574511922,Grad-CAM++
c65664a6-8712-471d-b1c4-e12455f03c77,P_00680,BENIGN,0.5612675,0,FP,calcification,0.048126220703125,1,large,1,0.5652534820004533,25.716095204478332,0.24999195235795912,0.048126220703125,0.048126220703125,Integrated Gradients
c6d7be83-10f5-4e15-b01c-88ffe4d5f80b,P_00435,MALIGNANT,0.48119944,1,FN,mass,0.000812530517578125,1,small,0,0.0011899581443291,1.4650621521397005,0.0004921446148021,0.0032398231437719,0.0025937039108986,Grad-CAM
c6d7be83-10f5-4e15-b01c-88ffe4d5f80b,P_00435,MALIGNANT,0.48119944,1,FN,mass,0.000812530517578125,1,small,0,0.003871986842771041,4.779979122375893,0.00812511920656113,0.004062637090160026,0.0027084419465178084,Grad-CAM++
c6d7be83-10f5-4e15-b01c-88ffe4d5f80b,P_00435,MALIGNANT,0.48119944,1,FN,mass,0.000812530517578125,1,small,0,0.0084754026173476,10.511487888436442,0.0052873825554414396,0.000812530517578125,0.000812530517578125,Integrated Gradients
c6f068de-73d5-4a45-8fc6-1706e05636a5,P_01066,BENIGN,0.279529,0,TN,calcification,0.0003662109375,1,small,0,0.0,0.0,0.0,0.0,0.0,Grad-CAM
c6f068de-73d5-4a45-8fc6-1706e05636a5,P_01066,BENIGN,0.279529,0,TN,calcification,0.0003662109375,1,small,0,0.00014103140548209236,0.3850230298173657,0.0,0.0,0.0,Grad-CAM++
c6f068de-73d5-4a45-8fc6-1706e05636a5,P_01066,BENIGN,0.279529,0,TN,calcification,0.0003662109375,1,small,0,0.0027007649565759305,7.39215216216909,0.0015607156452226874,0.0010100625095288917,0.0003662109375,Integrated Gradients
c88074b4-3814-43ae-94af-c850e609c735,P_00626,BENIGN,0.2916828,0,TN,mass,0.002227783203125,1,medium,0,0.0005355831857747,0.2400037136571058,0.0,0.0003585311544703,0.0007958162801273,Grad-CAM
c88074b4-3814-43ae-94af-c850e609c735,P_00626,BENIGN,0.2916828,0,TN,mass,0.002227783203125,1,medium,0,0.006998075216256418,3.15636285853523,0.019748858447488585,0.011138873524194626,0.007425962895616901,Grad-CAM++
c88074b4-3814-43ae-94af-c850e609c735,P_00626,BENIGN,0.2916828,0,TN,mass,0.002227783203125,1,medium,0,0.006995002782696789,3.154968529350997,0.009378531073446328,0.002227783203125,0.002227783203125,Integrated Gradients
c97a1fbe-2a0f-4101-acca-7b0867a44ef0,P_01039,BENIGN,0.6298125,0,FP,mass,0.005893707275390625,5,large,0,0.0091050213768592,1.5498778139018758,0.0110354372291218,0.012664402709244,0.0103696797117153,Grad-CAM
c97a1fbe-2a0f-4101-acca-7b0867a44ef0,P_01039,BENIGN,0.6298125,0,FP,mass,0.005893707275390625,5,large,0,0.008987156922148526,1.5296327283605997,0.011330103100295093,0.00933146330060776,0.01057354219964965,Grad-CAM++
c97a1fbe-2a0f-4101-acca-7b0867a44ef0,P_01039,BENIGN,0.6298125,0,FP,mass,0.005893707275390625,5,large,0,0.022454196549955997,3.874402046800035,0.018192488262910797,0.01657437751911704,0.005893707275390625,Integrated Gradients
c9a6541b-7f5f-486c-b731-7f66244194c7,P_02584,BENIGN,0.9052832,0,FP,calcification,0.00522613525390625,1,large,0,0.0009022822827153,0.1719008823807641,0.0,0.0,0.0,Grad-CAM
c9a6541b-7f5f-486c-b731-7f66244194c7,P_02584,BENIGN,0.9052832,0,FP,calcification,0.00522613525390625,1,large,0,0.0018599578471539785,0.3546952821064743,0.0,0.0,0.0,Grad-CAM++
c9a6541b-7f5f-486c-b731-7f66244194c7,P_02584,BENIGN,0.9052832,0,FP,calcification,0.00522613525390625,1,large,0,0.007584484196155859,1.454709108339705,0.00885052847163808,0.012877718158712229,0.00522613525390625,Integrated Gradients
cacc8818-8f75-42ea-bb46-86bf3a0eef79,P_00862,MALIGNANT,0.2928294,1,FN,calcification,0.000354766845703125,1,small,0,1.7289733118725205e-05,0.0487190231630417,0.0,0.0,0.0,Grad-CAM
cacc8818-8f75-42ea-bb46-86bf3a0eef79,P_00862,MALIGNANT,0.2928294,1,FN,calcification,0.000354766845703125,1,small,0,0.0006093872697435405,1.7181495004672116,0.0,0.0005524546129960185,0.0011825591597472121,Grad-CAM++
cacc8818-8f75-42ea-bb46-86bf3a0eef79,P_00862,MALIGNANT,0.2928294,1,FN,calcification,0.000354766845703125,1,small,0,0.00099427080780028,2.8043975966418833,0.0013321661020819853,0.000354766845703125,0.000354766845703125,Integrated Gradients
cc7da04a-3c87-46f7-bbbc-75d1c1cef6e6,P_00208,BENIGN,0.045419723,0,TN,calcification,0.0093231201171875,2,large,0,0.0,0.0,0.0,0.0,0.0,Grad-CAM
cc7da04a-3c87-46f7-bbbc-75d1c1cef6e6,P_00208,BENIGN,0.045419723,0,TN,calcification,0.0093231201171875,2,large,0,0.024652086931182114,2.6857465233276683,0.04423392239023501,0.024113025139508408,0.020706148908049594,Grad-CAM++
cc7da04a-3c87-46f7-bbbc-75d1c1cef6e6,P_00208,BENIGN,0.045419723,0,TN,calcification,0.0093231201171875,2,large,0,0.040448094475640024,4.479198997753258,0.03454624214858133,0.0093231201171875,0.0093231201171875,Integrated Gradients
cca37566-70d3-461b-b618-816c1cf64e24,P_00534,BENIGN,0.70287114,0,FP,mass,0.001766204833984375,1,medium,0,6.581896271992808e-05,0.037202378713189,0.0,0.0,0.0,Grad-CAM
cca37566-70d3-461b-b618-816c1cf64e24,P_00534,BENIGN,0.70287114,0,FP,mass,0.001766204833984375,1,medium,0,0.00508130151803967,2.8865469227331615,0.009612473508931275,0.008830148377007286,0.005887364418956551,Grad-CAM++
cca37566-70d3-461b-b618-816c1cf64e24,P_00534,BENIGN,0.70287114,0,FP,mass,0.001766204833984375,1,medium,0,0.011370851975837528,6.500560629713054,0.011411456951131669,0.001766204833984375,0.001766204833984375,Integrated Gradients
cd05e1b3-a741-4149-8a5e-e0c880da3c00,P_00348,BENIGN,0.56503636,0,FP,mass,0.001117706298828125,1,small,0,0.0,0.0,0.0,0.0,0.0,Grad-CAM
cd05e1b3-a741-4149-8a5e-e0c880da3c00,P_00348,BENIGN,0.56503636,0,FP,mass,0.001117706298828125,1,small,0,0.0021312819147074114,1.908772197803573,0.0,0.0036550542547115934,0.0037256971376982057,Grad-CAM++
cd05e1b3-a741-4149-8a5e-e0c880da3c00,P_00348,BENIGN,0.56503636,0,FP,mass,0.001117706298828125,1,small,0,0.012849677104245456,11.633101476429184,0.006760349411317888,0.001117706298828125,0.001117706298828125,Integrated Gradients
ce4d9eb2-293d-4920-a9cd-62a00e1d1285,P_01739,BENIGN,0.42966628,0,TN,mass,0.001190185546875,1,small,0,0.0110296620597179,9.359376436453587,0.0118979521793845,0.0059509050334738,0.0039672952456035,Grad-CAM
ce4d9eb2-293d-4920-a9cd-62a00e1d1285,P_01739,BENIGN,0.42966628,0,TN,mass,0.001190185546875,1,small,0,0.00525579834299033,4.433996608018471,0.011901583063131795,0.005950905033473841,0.0039672952456035505,Grad-CAM++
ce4d9eb2-293d-4920-a9cd-62a00e1d1285,P_01739,BENIGN,0.42966628,0,TN,mass,0.001190185546875,1,small,0,0.0159174011561454,13.57402744441663,0.006373534656094693,0.003577340970068312,0.001190185546875,Integrated Gradients
ceb25555-4e6a-49da-a251-0ddd64ea46cc,P_01356,MALIGNANT,0.74969363,1,TP,mass,0.005893707275390625,1,large,0,0.0181609016438284,3.119904434898643,0.0259442678690221,0.0246412028248158,0.0180534748495543,Grad-CAM
ceb25555-4e6a-49da-a251-0ddd64ea46cc,P_01356,MALIGNANT,0.74969363,1,TP,mass,0.005893707275390625,1,large,1,0.03530453316733993,6.172832517383313,0.04977700506463074,0.02946842396383681,0.019645740879671428,Grad-CAM++
ceb25555-4e6a-49da-a251-0ddd64ea46cc,P_01356,MALIGNANT,0.74969363,1,TP,mass,0.005893707275390625,1,large,0,0.030772356741467284,5.355243678498596,0.02940631141765862,0.005893707275390625,0.005893707275390625,Integrated Gradients
d027cb47-4875-4a17-b669-2e38cd50e488,P_01595,BENIGN,0.6336777,0,FP,mass,0.003475189208984375,1,medium,0,0.0013483363322334,0.3871629278319212,0.0,0.0,0.0014854725817009,Grad-CAM
d027cb47-4875-4a17-b669-2e38cd50e488,P_01595,BENIGN,0.6336777,0,FP,mass,0.003475189208984375,1,medium,0,0.015560918478910944,4.532690106176921,0.03475109670036239,0.017375879761200863,0.011583993489566777,Grad-CAM++
d027cb47-4875-4a17-b669-2e38cd50e488,P_01595,BENIGN,0.6336777,0,FP,mass,0.003475189208984375,1,medium,0,0.01673264580816619,4.879806801089327,0.016678535287283084,0.012144212523719165,0.003475189208984375,Integrated Gradients
d0dc4381-00af-47cb-9c4b-c73d20ce80cd,P_01632,MALIGNANT,0.5098094,1,TP,mass,0.004291534423828125,1,medium,0,0.0129178036052389,3.036371255142788,0.0331796538432469,0.0213601861387649,0.0143035142145145,Grad-CAM
d0dc4381-00af-47cb-9c4b-c73d20ce80cd,P_01632,MALIGNANT,0.5098094,1,TP,mass,0.004291534423828125,1,medium,0,0.02068725662954085,4.901184655952049,0.04291436200648484,0.021457590264929716,0.014305151125974339,Grad-CAM++
d0dc4381-00af-47cb-9c4b-c73d20ce80cd,P_01632,MALIGNANT,0.5098094,1,TP,mass,0.004291534423828125,1,medium,0,0.0234143561569639,5.562773756784424,0.018363318061608375,0.012611794959063664,0.004291534423828125,Integrated Gradients
d12810ce-7133-4dfa-961e-8749348630e6,P_01689,BENIGN,0.48928893,0,TN,mass,0.001804351806640625,1,medium,0,1.9455203199647795e-05,0.0107631280961802,0.0,0.0,0.0,Grad-CAM
d12810ce-7133-4dfa-961e-8749348630e6,P_01689,BENIGN,0.48928893,0,TN,mass,0.001804351806640625,1,medium,0,0.0014451544689178442,0.8006392136857627,0.0,0.00032139143586350314,0.0014683544303797469,Grad-CAM++
d12810ce-7133-4dfa-961e-8749348630e6,P_01689,BENIGN,0.48928893,0,TN,mass,0.001804351806640625,1,medium,0,0.009879455179393643,5.5200027893198875,0.008502437365378075,0.006047466910086718,0.001804351806640625,Integrated Gradients
d1a3fa87-035d-4c40-a57a-4a885d51f460,P_01383,MALIGNANT,0.75700426,1,TP,mass,0.00267791748046875,1,medium,0,0.0097239695885403,3.657004568559116,0.0217894696883422,0.0133895363253161,0.0089264143026079,Grad-CAM
d1a3fa87-035d-4c40-a57a-4a885d51f460,P_01383,MALIGNANT,0.75700426,1,TP,mass,0.00267791748046875,1,medium,0,0.008978048771654281,3.3739364523842097,0.015237807867838418,0.013389536325316143,0.008926414302607988,Grad-CAM++
d1a3fa87-035d-4c40-a57a-4a885d51f460,P_01383,MALIGNANT,0.75700426,1,TP,mass,0.00267791748046875,1,medium,0,0.04838102316295551,18.934339131096987,0.00267791748046875,0.00267791748046875,0.00267791748046875,Integrated Gradients
d2732cb3-cb10-4e68-8a10-c46d346dcbb7,P_01529,MALIGNANT,0.7242286,1,TP,mass,0.01482391357421875,1,large,0,0.0532357307678404,3.7369074508676734,0.0696492661952311,0.0496933773229696,0.0391201430334164,Grad-CAM
d2732cb3-cb10-4e68-8a10-c46d346dcbb7,P_01529,MALIGNANT,0.7242286,1,TP,mass,0.01482391357421875,1,large,1,0.05171473563321511,3.62431815095864,0.08809282822440717,0.06762341700159248,0.04898633619319987,Grad-CAM++
d2732cb3-cb10-4e68-8a10-c46d346dcbb7,P_01529,MALIGNANT,0.7242286,1,TP,mass,0.01482391357421875,1,large,0,0.10794857385300978,8.042260656310388,0.06318875388527832,0.01482391357421875,0.01482391357421875,Integrated Gradients
d4fd20b7-6792-482a-a4e5-711329c4e5c3,P_00871,MALIGNANT,0.83466244,1,TP,mass,0.007419586181640625,1,large,1,0.0691482505968782,9.93771494007429,0.0731298349910445,0.0370977893913673,0.0247317023549158,Grad-CAM
d4fd20b7-6792-482a-a4e5-711329c4e5c3,P_00871,MALIGNANT,0.83466244,1,TP,mass,0.007419586181640625,1,large,1,0.06851468395238976,9.83996728859515,0.07419416364676712,0.037097789391367375,0.024732016835573415,Grad-CAM++
d4fd20b7-6792-482a-a4e5-711329c4e5c3,P_00871,MALIGNANT,0.83466244,1,TP,mass,0.007419586181640625,1,large,1,0.12269893846820717,18.710180634868678,0.04111209701271813,0.007419586181640625,0.007419586181640625,Integrated Gradients
d57fe51a-a7b8-4513-b6db-ee4ef61a46bb,P_01839,MALIGNANT,0.67498237,1,TP,calcification,0.014179229736328125,1,large,0,0.004088440386225,0.2854184994951647,0.0041262705894193,0.0047781814277277,0.0037047869747489,Grad-CAM
d57fe51a-a7b8-4513-b6db-ee4ef61a46bb,P_01839,MALIGNANT,0.67498237,1,TP,calcification,0.014179229736328125,1,large,0,0.05549838051358576,4.085290871139581,0.08653985770291854,0.06780015594986782,0.047264219320219215,Grad-CAM++
d57fe51a-a7b8-4513-b6db-ee4ef61a46bb,P_01839,MALIGNANT,0.67498237,1,TP,calcification,0.014179229736328125,1,large,1,0.11732071502648382,9.240958516366605,0.07863063063063062,0.014179229736328125,0.014179229736328125,Integrated Gradients
d5a93f8c-d490-43cb-90b6-b54e2f396e09,P_01066,BENIGN,0.3617798,0,TN,calcification,0.0007476806640625,1,small,0,5.242840754408513e-05,0.0700726136939034,0.0,0.0,0.0,Grad-CAM
d5a93f8c-d490-43cb-90b6-b54e2f396e09,P_01066,BENIGN,0.3617798,0,TN,calcification,0.0007476806640625,1,small,0,0.0005256310428962034,0.7028594067324265,0.0,0.0,2.5368798914215407e-05,Grad-CAM++
d5a93f8c-d490-43cb-90b6-b54e2f396e09,P_01066,BENIGN,0.3617798,0,TN,calcification,0.0007476806640625,1,small,0,0.00113306414890682,1.516023352711483,0.0014028967922954424,0.0016750099929573443,0.0007476806640625,Integrated Gradients
d5f3d525-4193-4bf7-8f72-878c28973003,P_00518,BENIGN,0.6116139,0,FP,mass,0.00140380859375,1,medium,0,0.0019248984208845,1.3719125896700537,0.0015447215733554,0.0044709105437388,0.004041020166978,Grad-CAM
d5f3d525-4193-4bf7-8f72-878c28973003,P_00518,BENIGN,0.6116139,0,FP,mass,0.00140380859375,1,medium,0,0.005147200149928032,3.6803932797966685,0.014037764638565707,0.00701901619332812,0.004678719454827472,Grad-CAM++
d5f3d525-4193-4bf7-8f72-878c28973003,P_00518,BENIGN,0.6116139,0,FP,mass,0.00140380859375,1,medium,0,0.009342112351124659,6.708159154797569,0.006703022040445353,0.004604699838264675,0.00140380859375,Integrated Gradients
d82a15cd-285c-4dd2-9a95-f70dfd2a1bf9,P_01056,BENIGN,0.17661735,0,TN,calcification,0.00090789794921875,1,small,0,0.0001483372670419,0.1632612712568888,0.0,0.0,0.0,Grad-CAM
d82a15cd-285c-4dd2-9a95-f70dfd2a1bf9,P_01056,BENIGN,0.17661735,0,TN,calcification,0.00090789794921875,1,small,0,0.001075658006762809,1.184977492737382,0.0,0.0,0.0030263341937616824,Grad-CAM++
d82a15cd-285c-4dd2-9a95-f70dfd2a1bf9,P_01056,BENIGN,0.17661735,0,TN,calcification,0.00090789794921875,1,small,0,0.0028047057728381123,3.095106521602442,0.0036422961642068523,0.00090789794921875,0.00090789794921875,Integrated Gradients
d84f1600-96a0-4db3-a38b-097c4351f42c,P_00453,BENIGN,0.5947215,0,FP,mass,0.001323699951171875,1,small,0,0.0017622782501724,1.3319121693143765,0.000225937641211,0.004816937341736,0.0039272505433332,Grad-CAM
d84f1600-96a0-4db3-a38b-097c4351f42c,P_00453,BENIGN,0.5947215,0,FP,mass,0.001323699951171875,1,small,0,0.002668582413202997,2.0187208806512564,0.0,0.006522485410230003,0.0044123443917449745,Grad-CAM++
d84f1600-96a0-4db3-a38b-097c4351f42c,P_00453,BENIGN,0.5947215,0,FP,mass,0.001323699951171875,1,small,0,0.005717598217845289,4.338495248299681,0.007013686165977935,0.001323699951171875,0.001323699951171875,Integrated Gradients
d96235e7-7f0b-44a0-8313-6cd69ef2db37,P_00387,BENIGN,0.4359793,0,TN,mass,0.000972747802734375,1,small,0,7.688764510294072e-05,0.0789708846014925,0.0,0.0,0.0,Grad-CAM
d96235e7-7f0b-44a0-8313-6cd69ef2db37,P_00387,BENIGN,0.4359793,0,TN,mass,0.000972747802734375,1,small,0,0.002196154820943214,2.2604499401397526,0.001816667928241617,0.0048631639172308574,0.003242500921887517,Grad-CAM++
d96235e7-7f0b-44a0-8313-6cd69ef2db37,P_00387,BENIGN,0.4359793,0,TN,mass,0.000972747802734375,1,small,0,0.004417590617689006,4.557065680322213,0.0047828727604008504,0.000972747802734375,0.000972747802734375,Integrated Gradients
d9aa5ece-6df8-4595-a335-eb89e4d52921,P_00208,BENIGN,0.2384427,0,TN,calcification,0.014095306396484375,2,large,1,0.0818197473327808,6.232904266277366,0.0580868826942125,0.033857716538334,0.0246649327376582,Grad-CAM
d9aa5ece-6df8-4595-a335-eb89e4d52921,P_00208,BENIGN,0.2384427,0,TN,calcification,0.014095306396484375,2,large,0,0.05131445026374509,3.783361588293773,0.06729945760776478,0.0704762631368136,0.04698447414264461,Grad-CAM++
d9aa5ece-6df8-4595-a335-eb89e4d52921,P_00208,BENIGN,0.2384427,0,TN,calcification,0.014095306396484375,2,large,0,0.07839883934435825,5.950139244039029,0.06562633604104318,0.014095306396484375,0.014095306396484375,Integrated Gradients
da8b7a0f-ed6e-4131-8da3-03fcdba0b4f4,P_01063,BENIGN,0.45333856,0,TN,calcification,0.0002899169921875,1,small,0,0.000349737000524,1.2064068287979397,0.0,0.0014495794312308,0.0009663801434311,Grad-CAM
da8b7a0f-ed6e-4131-8da3-03fcdba0b4f4,P_01063,BENIGN,0.45333856,0,TN,calcification,0.0002899169921875,1,small,0,0.0004726040233520378,1.6304337210217357,0.0,0.0004382454936930757,0.0009663924316213776,Grad-CAM++
da8b7a0f-ed6e-4131-8da3-03fcdba0b4f4,P_01063,BENIGN,0.45333856,0,TN,calcification,0.0002899169921875,1,small,0,0.0011154692805078715,3.850727380219285,0.0011042571015154976,0.0002899169921875,0.0002899169921875,Integrated Gradients
da8cfc1c-264b-46cb-bf92-bea04d5bbafa,P_01537,MALIGNANT,0.5720087,1,TP,calcification,0.044826507568359375,1,large,0,0.2196131607108159,5.996470234607186,0.2838930032802407,0.1837397174370135,0.1274647975155589,Grad-CAM
da8cfc1c-264b-46cb-bf92-bea04d5bbafa,P_01537,MALIGNANT,0.5720087,1,TP,calcification,0.044826507568359375,1,large,0,0.158737033931349,4.020628128540648,0.3116600449127656,0.21078348142698133,0.14711742236773645,Grad-CAM++
da8cfc1c-264b-46cb-bf92-bea04d5bbafa,P_01537,MALIGNANT,0.5720087,1,TP,calcification,0.044826507568359375,1,large,0,0.2579841189074955,7.408447387548642,0.16406561398129696,0.044826507568359375,0.044826507568359375,Integrated Gradients
db6f9f83-79ac-450c-a6a7-131956f48082,P_01741,BENIGN,0.65152204,0,FP,calcification,0.001621246337890625,1,medium,0,0.0013220540161109,0.8152109889574894,0.0001501726986033,0.0016297756215888,0.001837210480969,Grad-CAM
db6f9f83-79ac-450c-a6a7-131956f48082,P_01741,BENIGN,0.65152204,0,FP,calcification,0.001621246337890625,1,medium,0,0.002586679815061254,1.5970327633669859,0.0,0.0033981964878974846,0.0051485450593036115,Grad-CAM++
db6f9f83-79ac-450c-a6a7-131956f48082,P_01741,BENIGN,0.65152204,0,FP,calcification,0.001621246337890625,1,medium,0,0.0037489238992932036,2.3173101548560915,0.004449136565869844,0.004962637613370601,0.001621246337890625,Integrated Gradients
db921a13-3b46-448d-9bd6-3dcfeb5e8da0,P_01288,BENIGN,0.2836536,0,TN,calcification,0.00093841552734375,1,small,0,2.31328279834194e-05,0.0246283720669029,0.0,0.0,0.0,Grad-CAM
db921a13-3b46-448d-9bd6-3dcfeb5e8da0,P_01288,BENIGN,0.2836536,0,TN,calcification,0.00093841552734375,1,small,0,0.0011626362427685681,1.2392136164533345,0.0,0.0012164756419760126,0.003128059712879722,Grad-CAM++
db921a13-3b46-448d-9bd6-3dcfeb5e8da0,P_01288,BENIGN,0.2836536,0,TN,calcification,0.00093841552734375,1,small,0,0.0038238747531528835,4.086623692373449,0.0041744146332207506,0.00093841552734375,0.00093841552734375,Integrated Gradients
dbbcfbe3-f457-481b-bd7e-d5b77c342ade,P_01418,MALIGNANT,0.5835423,1,TP,mass,0.007549285888671875,1,large,0,0.002414281515497,0.31815640067673,0.0,0.0039302518682535,0.0058381776901773,Grad-CAM
dbbcfbe3-f457-481b-bd7e-d5b77c342ade,P_01418,MALIGNANT,0.5835423,1,TP,mass,0.007549285888671875,1,large,0,0.012253410734839982,1.6308517987082969,0.002881229324511792,0.01518826734335933,0.02098398024441208,Grad-CAM++
dbbcfbe3-f457-481b-bd7e-d5b77c342ade,P_01418,MALIGNANT,0.5835423,1,TP,mass,0.007549285888671875,1,large,0,0.07254177440597581,10.282457888779604,0.03967844236300612,0.007549285888671875,0.007549285888671875,Integrated Gradients
dc4b898c-dac8-4759-ba19-076feb6de777,P_01186,BENIGN,0.49982378,0,TN,calcification,0.002445220947265625,1,medium,0,0.0001747777358971,0.0713149458205325,0.0,0.0,0.0,Grad-CAM
dc4b898c-dac8-4759-ba19-076feb6de777,P_01186,BENIGN,0.49982378,0,TN,calcification,0.002445220947265625,1,medium,0,0.0046653625925691545,1.9122072332556894,0.003474946754848111,0.012226058097617731,0.008150757219332935,Grad-CAM++
dc4b898c-dac8-4759-ba19-076feb6de777,P_01186,BENIGN,0.49982378,0,TN,calcification,0.002445220947265625,1,medium,0,0.008222306960825187,3.3821898545968567,0.009813874788494078,0.002445220947265625,0.002445220947265625,Integrated Gradients
dcb8137c-183c-4937-b114-f5407a950a1b,P_00871,MALIGNANT,0.47305477,1,FN,mass,0.0077667236328125,1,large,0,0.0640752369704312,8.746314793436861,0.0720628415300546,0.0388334700261305,0.0258848657445077,Grad-CAM
dcb8137c-183c-4937-b114-f5407a950a1b,P_00871,MALIGNANT,0.47305477,1,FN,mass,0.0077667236328125,1,large,1,0.049029198063668504,6.58663301655488,0.07765360997749723,0.03883347002613058,0.025889144615541117,Grad-CAM++
dcb8137c-183c-4937-b114-f5407a950a1b,P_00871,MALIGNANT,0.47305477,1,FN,mass,0.0077667236328125,1,large,0,0.08551972934382181,11.947250038653962,0.04036089118026146,0.0077667236328125,0.0077667236328125,Integrated Gradients
de83735b-8472-40ea-82a6-3c9bf1e641cc,P_01413,MALIGNANT,0.69402444,1,TP,mass,0.00244140625,1,medium,0,0.0217239976691596,9.073536453833247,0.0244135037192447,0.0122044241037376,0.0081379380499465,Grad-CAM
de83735b-8472-40ea-82a6-3c9bf1e641cc,P_01413,MALIGNANT,0.69402444,1,TP,mass,0.00244140625,1,medium,0,0.006382007915495218,2.6244380611490565,0.009244992295839754,0.012206984684048905,0.00813804152944318,Grad-CAM++
de83735b-8472-40ea-82a6-3c9bf1e641cc,P_01413,MALIGNANT,0.69402444,1,TP,mass,0.00244140625,1,medium,0,0.04561180162862532,19.527674917059176,0.014199932021602024,0.00244140625,0.00244140625,Integrated Gradients
df492dd7-428c-49a4-82f7-7f04f4a299e2,P_01221,MALIGNANT,0.22757214,1,FN,mass,0.00592041015625,1,large,0,0.0038430051664296,0.6477573875446597,0.0056863455269829,0.0062258840196096,0.0056682091218037,Grad-CAM
df492dd7-428c-49a4-82f7-7f04f4a299e2,P_01221,MALIGNANT,0.22757214,1,FN,mass,0.00592041015625,1,large,0,0.015482653226901892,2.640531642272157,0.02193515144823525,0.017530301031083297,0.01924225670746432,Grad-CAM++
df492dd7-428c-49a4-82f7-7f04f4a299e2,P_01221,MALIGNANT,0.22757214,1,FN,mass,0.00592041015625,1,large,0,0.09995947928499245,18.64795749394943,0.00592041015625,0.00592041015625,0.00592041015625,Integrated Gradients
dfa89bb1-00a9-44aa-9421-9e9b2640b9b4,P_00662,BENIGN,0.14179356,0,TN,mass,0.008670806884765625,1,large,0,0.0376652302281592,4.474791844921603,0.0659283095113372,0.0433538690419424,0.028902763119413,Grad-CAM
dfa89bb1-00a9-44aa-9421-9e9b2640b9b4,P_00662,BENIGN,0.14179356,0,TN,mass,0.008670806884765625,1,large,0,0.03735225095613175,4.436166227560386,0.08641598657615743,0.04335386904194244,0.028902763119413043,Grad-CAM++
dfa89bb1-00a9-44aa-9421-9e9b2640b9b4,P_00662,BENIGN,0.14179356,0,TN,mass,0.008670806884765625,1,large,0,0.10904791705606727,13.993340122138633,0.04497102193529455,0.027499154739096133,0.008670806884765625,Integrated Gradients
e09b9bcc-f576-4ce6-9144-39e140ccf924,P_01257,BENIGN,0.44962364,0,TN,mass,0.001270294189453125,1,small,0,0.0004994303294273,0.3928579243599794,0.0,3.7907505686125855e-05,0.0003039821663795,Grad-CAM
e09b9bcc-f576-4ce6-9144-39e140ccf924,P_01257,BENIGN,0.44962364,0,TN,mass,0.001270294189453125,1,small,0,0.002418182138336746,1.9058296869425226,0.0,0.003079847908745247,0.004234324733288404,Grad-CAM++
e09b9bcc-f576-4ce6-9144-39e140ccf924,P_01257,BENIGN,0.44962364,0,TN,mass,0.001270294189453125,1,small,0,0.009274352182396013,7.359931994549887,0.006482920726390416,0.001270294189453125,0.001270294189453125,Integrated Gradients
e1349588-c4ef-428e-956f-888e9ae5800e,P_00471,MALIGNANT,0.87730485,1,TP,mass,0.002803802490234375,1,medium,0,0.0715161164883705,27.394452097897812,0.02803738317757,0.0140189589730874,0.0093460320689699,Grad-CAM
e1349588-c4ef-428e-956f-888e9ae5800e,P_00471,MALIGNANT,0.87730485,1,TP,mass,0.002803802490234375,1,medium,0,0.02997163622474532,10.989024573618648,0.028036313701556303,0.014018958973087414,0.009346032068969902,Grad-CAM++
e1349588-c4ef-428e-956f-888e9ae5800e,P_00471,MALIGNANT,0.87730485,1,TP,mass,0.002803802490234375,1,medium,0,0.05719923196860285,21.577613643027707,0.01655916412055373,0.00937915321815075,0.002803802490234375,Integrated Gradients
e212b36c-93c4-4136-b817-b481aa0476d3,P_00392,MALIGNANT,0.6952498,1,TP,calcification,0.002811431884765625,1,medium,0,0.0036274960867781,1.2913229532833668,0.0062348329288781,0.0086511098463289,0.0069765081942259,Grad-CAM
e212b36c-93c4-4136-b817-b481aa0476d3,P_00392,MALIGNANT,0.6952498,1,TP,calcification,0.002811431884765625,1,medium,0,0.009060791497454134,3.243163454958469,0.006422703510082151,0.014057105800225067,0.009371463448749413,Grad-CAM++
e212b36c-93c4-4136-b817-b481aa0476d3,P_00392,MALIGNANT,0.6952498,1,TP,calcification,0.002811431884765625,1,medium,0,0.015989274047409793,5.763399208487769,0.015141242937853107,0.002811431884765625,0.002811431884765625,Integrated Gradients
e21b59fc-9195-4a3a-84de-c61e1d169bc6,P_01373,MALIGNANT,0.46049073,1,FN,mass,0.001804351806640625,1,medium,0,0.000943921073083,0.5226851868949944,0.0,0.0,3.79204429107732e-05,Grad-CAM
e21b59fc-9195-4a3a-84de-c61e1d169bc6,P_01373,MALIGNANT,0.46049073,1,FN,mass,0.001804351806640625,1,medium,0,0.0007319569901278935,0.40522661777381064,0.0,0.0,0.0,Grad-CAM++
e21b59fc-9195-4a3a-84de-c61e1d169bc6,P_01373,MALIGNANT,0.46049073,1,FN,mass,0.001804351806640625,1,medium,0,0.00999961947698017,5.587822787188175,0.011560474548004396,0.001804351806640625,0.001804351806640625,Integrated Gradients
e291946e-06aa-44bd-86af-30344a7e8d06,P_01330,BENIGN,0.09613194,0,TN,mass,0.004978179931640625,1,large,0,0.0,0.0,0.0,0.0,0.0,Grad-CAM
e291946e-06aa-44bd-86af-30344a7e8d06,P_01330,BENIGN,0.09613194,0,TN,mass,0.004978179931640625,1,large,0,0.024127179185159733,4.941687895914776,0.04978065992752241,0.02489080470731847,0.016593975306130233,Grad-CAM++
e291946e-06aa-44bd-86af-30344a7e8d06,P_01330,BENIGN,0.09613194,0,TN,mass,0.004978179931640625,1,large,0,0.027765096595664784,5.708079487236316,0.021112389150680866,0.004978179931640625,0.004978179931640625,Integrated Gradients
e4b248c9-a34e-4683-b1e4-c5351b5ffa30,P_00680,BENIGN,0.08240829,0,TN,calcification,0.08068084716796875,1,large,0,0.0476530597191141,0.5701526956154742,0.0560993556155098,0.0932499294236512,0.0806808471679687,Grad-CAM
e4b248c9-a34e-4683-b1e4-c5351b5ffa30,P_00680,BENIGN,0.08240829,0,TN,calcification,0.08068084716796875,1,large,1,0.3686039017300074,6.652024767027502,0.3359941330775957,0.27998956430994,0.23568890154657685,Grad-CAM++
e4b248c9-a34e-4683-b1e4-c5351b5ffa30,P_00680,BENIGN,0.08240829,0,TN,calcification,0.08068084716796875,1,large,1,0.6772939478676068,23.914750687465485,0.34353548533499745,0.08068084716796875,0.08068084716796875,Integrated Gradients
e4b3698b-1c3b-43e1-bb8c-a872f85c7696,P_00510,BENIGN,0.14784397,0,TN,mass,0.000732421875,1,small,0,0.0,0.0,0.0,0.0,0.0,Grad-CAM
e4b3698b-1c3b-43e1-bb8c-a872f85c7696,P_00510,BENIGN,0.14784397,0,TN,mass,0.000732421875,1,small,0,0.002333447553776215,3.1910470517136185,0.007285627097955447,0.0036620954052146715,0.0024413814149839785,Grad-CAM++
e4b3698b-1c3b-43e1-bb8c-a872f85c7696,P_00510,BENIGN,0.14784397,0,TN,mass,0.000732421875,1,small,0,0.006902852595064775,9.483252338575413,0.0038394282673154412,0.0024957134692322348,0.000732421875,Integrated Gradients
e55650c9-e43b-4225-a2b1-88176a06a559,P_01221,MALIGNANT,0.30932453,1,FN,mass,0.02281951904296875,1,large,1,0.3283607536865826,20.93549735018928,0.194383648032051,0.1009933462763651,0.0680659329563812,Grad-CAM
e55650c9-e43b-4225-a2b1-88176a06a559,P_01221,MALIGNANT,0.30932453,1,FN,mass,0.02281951904296875,1,large,1,0.1865997625153908,9.823698714153064,0.1931443394478414,0.11352371511361903,0.07606428971059458,Grad-CAM++
e55650c9-e43b-4225-a2b1-88176a06a559,P_01221,MALIGNANT,0.30932453,1,FN,mass,0.02281951904296875,1,large,0,0.31335831713900714,19.542460870600245,0.02281951904296875,0.02281951904296875,0.02281951904296875,Integrated Gradients
e57a65ad-947a-486a-bafb-26f2fd450f0b,P_02318,BENIGN,0.26383117,0,TN,calcification,0.007518768310546875,1,large,0,0.0105778208239866,1.4112051831452788,0.0094549101067258,0.0162335842782686,0.0164031570718914,Grad-CAM
e57a65ad-947a-486a-bafb-26f2fd450f0b,P_02318,BENIGN,0.26383117,0,TN,calcification,0.007518768310546875,1,large,0,0.02111545581810192,2.847374303905677,0.028123290169615175,0.030478680078043607,0.02471081733824838,Grad-CAM++
e57a65ad-947a-486a-bafb-26f2fd450f0b,P_02318,BENIGN,0.26383117,0,TN,calcification,0.007518768310546875,1,large,0,0.011217016968881771,1.4974486659462338,0.01370257147994965,0.019757807520713832,0.007518768310546875,Integrated Gradients
e5b91dae-0a5a-40e8-9b6d-c0be82e68f8b,P_01379,MALIGNANT,0.4870703,1,FN,mass,0.00206756591796875,1,medium,0,4.500808715077361e-05,0.0217246000726783,0.0,0.0,0.0,Grad-CAM
e5b91dae-0a5a-40e8-9b6d-c0be82e68f8b,P_01379,MALIGNANT,0.4870703,1,FN,mass,0.00206756591796875,1,medium,0,0.0032018874058970044,1.5503886340882973,0.0,0.0017777105357716966,0.006891903920247193,Grad-CAM++
e5b91dae-0a5a-40e8-9b6d-c0be82e68f8b,P_01379,MALIGNANT,0.4870703,1,FN,mass,0.00206756591796875,1,medium,0,0.008984943978643111,4.375995488504077,0.010193679918450561,0.00206756591796875,0.00206756591796875,Integrated Gradients
e6719065-539e-4e21-a058-3e848ebbd39b,P_00612,BENIGN,0.3898285,0,TN,mass,0.00293731689453125,1,medium,0,0.0,0.0,0.0,0.0,0.0,Grad-CAM
e6719065-539e-4e21-a058-3e848ebbd39b,P_00612,BENIGN,0.3898285,0,TN,mass,0.00293731689453125,1,medium,0,0.010860423278156684,3.727012355469387,0.029372496662216287,0.014686528447996339,0.009791081215111326,Grad-CAM++
e6719065-539e-4e21-a058-3e848ebbd39b,P_00612,BENIGN,0.3898285,0,TN,mass,0.00293731689453125,1,medium,0,0.02819318682472326,9.847724596627053,0.016767143933685003,0.00293731689453125,0.00293731689453125,Integrated Gradients
e698da37-6be3-434d-baa2-d3029992c7c3,P_01788,MALIGNANT,0.45980686,1,FN,mass,0.00307464599609375,1,medium,0,0.0,0.0,0.0,0.0,0.0,Grad-CAM
e698da37-6be3-434d-baa2-d3029992c7c3,P_01788,MALIGNANT,0.45980686,1,FN,mass,0.00307464599609375,1,medium,0,0.004761282539872708,1.551186992814617,3.700962250185048e-05,0.006789469702700658,0.00865844833496261,Grad-CAM++
e698da37-6be3-434d-baa2-d3029992c7c3,P_01788,MALIGNANT,0.45980686,1,FN,mass,0.00307464599609375,1,medium,1,0.026908584406942323,8.966127050345818,0.014835123563434237,0.00307464599609375,0.00307464599609375,Integrated Gradients
e6bffbef-317a-4bcc-be85-d3f24476f33e,P_01739,BENIGN,0.10627502,0,TN,mass,0.002655029296875,1,medium,0,0.0006514145686948,0.2448592256632465,0.0,0.0,0.0002773680295523,Grad-CAM
e6bffbef-317a-4bcc-be85-d3f24476f33e,P_01739,BENIGN,0.10627502,0,TN,mass,0.002655029296875,1,medium,0,0.009910580061859782,3.760111200123084,0.016084576175193505,0.013275095843903184,0.008850120163269458,Grad-CAM++
e6bffbef-317a-4bcc-be85-d3f24476f33e,P_01739,BENIGN,0.10627502,0,TN,mass,0.002655029296875,1,medium,0,0.019498300973446854,7.470066580630583,0.013329818880144595,0.002655029296875,0.002655029296875,Integrated Gradients
e743dde7-55a0-4263-a901-0b3f9bf2b3e3,P_00635,BENIGN,0.3210193,0,TN,calcification,0.0024261474609375,2,medium,0,0.0,0.0,0.0,0.0,0.0,Grad-CAM
e743dde7-55a0-4263-a901-0b3f9bf2b3e3,P_00635,BENIGN,0.3210193,0,TN,calcification,0.0024261474609375,2,medium,0,0.009737496219984876,4.043196109608305,0.01581356637536413,0.012053477771632369,0.008086253369272238,Grad-CAM++
e743dde7-55a0-4263-a901-0b3f9bf2b3e3,P_00635,BENIGN,0.3210193,0,TN,calcification,0.0024261474609375,2,medium,0,0.02080316833100043,8.735491164632586,0.013666050058514855,0.0024261474609375,0.0024261474609375,Integrated Gradients
e7eae071-2106-40cf-97ff-a4392e2b7981,P_01039,BENIGN,0.6209673,0,FP,mass,0.00771331787109375,6,large,0,0.0125560056698861,1.635817727526888,0.0193126850046928,0.0212881686548128,0.0146796145814989,Grad-CAM
e7eae071-2106-40cf-97ff-a4392e2b7981,P_01039,BENIGN,0.6209673,0,FP,mass,0.00771331787109375,6,large,0,0.0115080761917236,1.4977024820732177,0.012078853046594982,0.019662553135709068,0.01883193977821002,Grad-CAM++
e7eae071-2106-40cf-97ff-a4392e2b7981,P_01039,BENIGN,0.6209673,0,FP,mass,0.00771331787109375,6,large,0,0.016371095077477214,2.141126890876806,0.016487274559919364,0.01714830104795173,0.01618795666414714,Integrated Gradients
e831e1e3-e808-4e12-b4c1-fcfccf85829a,P_01501,MALIGNANT,0.54384744,1,TP,mass,0.00131988525390625,1,small,0,0.0,0.0,0.0,0.0,0.0,Grad-CAM
e831e1e3-e808-4e12-b4c1-fcfccf85829a,P_01501,MALIGNANT,0.54384744,1,TP,mass,0.00131988525390625,1,small,0,0.0032960997264200997,2.5022142189391086,0.00041431261770244823,0.005851185484485781,0.004399628701855219,Grad-CAM++
e831e1e3-e808-4e12-b4c1-fcfccf85829a,P_01501,MALIGNANT,0.54384744,1,TP,mass,0.00131988525390625,1,small,0,0.006595640047717674,5.02366958497409,0.005831787026167304,0.00131988525390625,0.00131988525390625,Integrated Gradients
e843809f-7ce6-4a24-bccb-ca7fa0833969,P_01739,BENIGN,0.16667326,0,TN,mass,0.001911163330078125,1,medium,0,0.0028340581366199,1.484268942741657,0.0,0.003355259416526,0.0063705606347672,Grad-CAM
e843809f-7ce6-4a24-bccb-ca7fa0833969,P_01739,BENIGN,0.16667326,0,TN,mass,0.001911163330078125,1,medium,0,0.0016814861089266277,0.8796208700399711,0.0,0.0,0.0004930156121610517,Grad-CAM++
e843809f-7ce6-4a24-bccb-ca7fa0833969,P_01739,BENIGN,0.16667326,0,TN,mass,0.001911163330078125,1,medium,0,0.0037967723148102407,1.9903892482527579,0.005078815695421542,0.005681062491687408,0.001911163330078125,Integrated Gradients
e8a5a157-6edb-4544-91e2-40f169e911f2,P_00738,BENIGN,0.2495763,0,TN,mass,0.00174713134765625,1,medium,0,2.3195084609577095e-07,0.000132529000417,0.0,0.0,0.0,Grad-CAM
e8a5a157-6edb-4544-91e2-40f169e911f2,P_00738,BENIGN,0.2495763,0,TN,mass,0.00174713134765625,1,medium,0,0.006866248005307228,3.950269192183154,0.017470913599084495,0.008735623414522498,0.005823785969507776,Grad-CAM++
e8a5a157-6edb-4544-91e2-40f169e911f2,P_00738,BENIGN,0.2495763,0,TN,mass,0.00174713134765625,1,medium,0,0.007956138860151337,4.582330495781608,0.007212446189864814,0.00174713134765625,0.00174713134765625,Integrated Gradients
e92b7a6a-2282-40c8-b960-717eee14fe45,P_01710,BENIGN,0.09396986,0,TN,mass,0.001373291015625,1,medium,0,0.0,0.0,0.0,0.0,0.0,Grad-CAM
e92b7a6a-2282-40c8-b960-717eee14fe45,P_01710,BENIGN,0.09396986,0,TN,mass,0.001373291015625,1,medium,0,0.003965249988723485,2.894920752533174,0.005181935093426129,0.006866297921037574,0.004577648360311788,Grad-CAM++
e92b7a6a-2282-40c8-b960-717eee14fe45,P_01710,BENIGN,0.09396986,0,TN,mass,0.001373291015625,1,medium,0,0.008493806819959903,6.229420237528309,0.00594291770762359,0.003955801525265781,0.001373291015625,Integrated Gradients
e93185d5-c3db-4b29-bb0f-95a48ecf2aa6,P_00487,BENIGN,0.07426436,0,TN,mass,0.00140380859375,1,medium,0,0.0,0.0,0.0,0.0,0.0,Grad-CAM
e93185d5-c3db-4b29-bb0f-95a48ecf2aa6,P_00487,BENIGN,0.07426436,0,TN,mass,0.00140380859375,1,medium,0,0.0028397573698964724,2.025807902687999,0.0,0.006500686289461644,0.004679373879429828,Grad-CAM++
e93185d5-c3db-4b29-bb0f-95a48ecf2aa6,P_00487,BENIGN,0.07426436,0,TN,mass,0.00140380859375,1,medium,0,0.00246815844885034,1.7600631865404877,0.0032077892671144993,0.003573533045676595,0.00140380859375,Integrated Gradients
ea8853cd-39fd-42cd-8b6c-142f2df2d902,P_01250,MALIGNANT,0.88769865,1,TP,calcification,0.06633377075195312,1,large,1,0.262039472045133,4.997932249453475,0.2781849094213519,0.1904899921573976,0.1392236879567239,Grad-CAM
ea8853cd-39fd-42cd-8b6c-142f2df2d902,P_01250,MALIGNANT,0.88769865,1,TP,calcification,0.06633377075195312,1,large,1,0.2789228359563528,5.444515391820127,0.2682955206515416,0.18671493889483792,0.16692387143811896,Grad-CAM++
ea8853cd-39fd-42cd-8b6c-142f2df2d902,P_01250,MALIGNANT,0.88769865,1,TP,calcification,0.06633377075195312,1,large,1,0.41471711018909674,9.97339581506326,0.2185674761758377,0.06633377075195312,0.06633377075195312,Integrated Gradients
eb192418-85fd-409b-b79d-b54d1927e1dc,P_00797,BENIGN,0.5872687,0,FP,mass,0.003337860107421875,1,medium,0,0.0,0.0,0.0,0.0,0.0,Grad-CAM
eb192418-85fd-409b-b79d-b54d1927e1dc,P_00797,BENIGN,0.5872687,0,FP,mass,0.003337860107421875,1,medium,0,0.006478105574825842,1.9469300322319019,0.00871313672922252,0.016689236872723112,0.011126228653535597,Grad-CAM++
eb192418-85fd-409b-b79d-b54d1927e1dc,P_00797,BENIGN,0.5872687,0,FP,mass,0.003337860107421875,1,medium,0,0.03914420780114166,12.164356232015956,0.0185742216874718,0.003337860107421875,0.003337860107421875,Integrated Gradients
eb3d4ddf-6001-49b6-97c9-0504bc2a7eca,P_00776,MALIGNANT,0.5284189,1,TP,mass,0.001068115234375,1,small,0,0.0024414300289883,2.2888829821294263,0.0062283999848087,0.005301296720061,0.0035603931691313,Grad-CAM
eb3d4ddf-6001-49b6-97c9-0504bc2a7eca,P_00776,MALIGNANT,0.5284189,1,TP,mass,0.001068115234375,1,small,0,0.0036716331545153277,3.446470314367682,0.010218477141876693,0.005340555799271396,0.0035603931691313914,Grad-CAM++
eb3d4ddf-6001-49b6-97c9-0504bc2a7eca,P_00776,MALIGNANT,0.5284189,1,TP,mass,0.001068115234375,1,small,1,0.013924103015998019,13.206098868653225,0.0063048349728436325,0.001068115234375,0.001068115234375,Integrated Gradients
eb46d48b-9fa3-46b0-bd1c-345bf45da435,P_00546,MALIGNANT,0.43649867,1,FN,calcification,0.01174163818359375,1,large,0,8.18786750830254e-05,0.0068920444112853,0.0,0.0,0.0,Grad-CAM
eb46d48b-9fa3-46b0-bd1c-345bf45da435,P_00546,MALIGNANT,0.43649867,1,FN,calcification,0.01174163818359375,1,large,0,0.001895446694662693,0.15983700958316902,0.0,0.0,0.0,Grad-CAM++
eb46d48b-9fa3-46b0-bd1c-345bf45da435,P_00546,MALIGNANT,0.43649867,1,FN,calcification,0.01174163818359375,1,large,0,0.05740477212248692,5.125833115817878,0.05200215478541929,0.01174163818359375,0.01174163818359375,Integrated Gradients
ebe834b3-f6c4-4fe1-9eea-84ae9e826177,P_01741,BENIGN,0.60141575,0,FP,calcification,0.002101898193359375,1,medium,0,0.002261428565315,1.07607008862247,0.0,0.0014176353841791,0.002214657234336,Grad-CAM
ebe834b3-f6c4-4fe1-9eea-84ae9e826177,P_01741,BENIGN,0.60141575,0,FP,calcification,0.002101898193359375,1,medium,0,0.0017886976344709303,0.850724704390364,0.0,0.0,0.0,Grad-CAM++
ebe834b3-f6c4-4fe1-9eea-84ae9e826177,P_01741,BENIGN,0.60141575,0,FP,calcification,0.002101898193359375,1,medium,1,0.010851955596664097,5.208602439225794,0.007642209087828935,0.005637492170149764,0.002101898193359375,Integrated Gradients
ec03f9c4-3ca6-4e8e-bf2e-8d4791eb1a2a,P_00968,MALIGNANT,0.57418466,1,TP,mass,0.0031280517578125,1,medium,0,0.0037157884167187,1.1885928930902074,0.0025216004746542,0.007320948885778,0.0059498942944311,Grad-CAM
ec03f9c4-3ca6-4e8e-bf2e-8d4791eb1a2a,P_00968,MALIGNANT,0.57418466,1,TP,mass,0.0031280517578125,1,medium,0,0.016298230729785382,5.280103753435902,0.03127980164028228,0.01564019912643766,0.010426865709599074,Grad-CAM++
ec03f9c4-3ca6-4e8e-bf2e-8d4791eb1a2a,P_00968,MALIGNANT,0.57418466,1,TP,mass,0.0031280517578125,1,medium,0,0.03181326872379865,10.471637856086152,0.017194672285348784,0.0031280517578125,0.0031280517578125,Integrated Gradients
ed063ab8-f543-4b3a-9610-c5975771bb68,P_00147,MALIGNANT,0.8727607,1,TP,mass,0.001560211181640625,1,medium,0,0.0037109482007998,2.3836252643227125,0.0083702609551944,0.00780102614965,0.0052007171649097,Grad-CAM
ed063ab8-f543-4b3a-9610-c5975771bb68,P_00147,MALIGNANT,0.8727607,1,TP,mass,0.001560211181640625,1,medium,0,0.003246099381683188,2.0840705966676403,0.003618272274988693,0.007801026149650003,0.0052007171649097825,Grad-CAM++
ed063ab8-f543-4b3a-9610-c5975771bb68,P_00147,MALIGNANT,0.8727607,1,TP,mass,0.001560211181640625,1,medium,0,0.008979298885456276,5.798266984141283,0.007416376570304223,0.005212693097937752,0.001560211181640625,Integrated Gradients
ed10493d-688b-4015-99c5-262b4edeebf8,P_02368,MALIGNANT,0.62188756,1,TP,calcification,0.004840850830078125,1,medium,0,0.0013281168402733,0.2733909302093454,0.0,0.0,0.0022072840373231,Grad-CAM
ed10493d-688b-4015-99c5-262b4edeebf8,P_02368,MALIGNANT,0.62188756,1,TP,calcification,0.004840850830078125,1,medium,0,0.012457847082580032,2.593332397512534,0.020609751568940547,0.023267336166320485,0.016136210470099055,Grad-CAM++
ed10493d-688b-4015-99c5-262b4edeebf8,P_02368,MALIGNANT,0.62188756,1,TP,calcification,0.004840850830078125,1,medium,0,0.03000757552987942,6.359653222727112,0.027170460066524647,0.004840850830078125,0.004840850830078125,Integrated Gradients
ed439d03-6c0b-48f5-a683-63d38c157e26,P_01860,MALIGNANT,0.8170396,1,TP,mass,0.00283050537109375,1,medium,0,0.0082975483737502,2.9476328529757967,0.0228031567764455,0.0141524728680691,0.0094350418981981,Grad-CAM
ed439d03-6c0b-48f5-a683-63d38c157e26,P_01860,MALIGNANT,0.8170396,1,TP,mass,0.00283050537109375,1,medium,0,0.0070899584263384805,2.5155836354405774,0.0007053233350657064,0.014152472868069199,0.009435041898198186,Grad-CAM++
ed439d03-6c0b-48f5-a683-63d38c157e26,P_01860,MALIGNANT,0.8170396,1,TP,mass,0.00283050537109375,1,medium,0,0.033635983827666346,12.262197983925944,0.0177061310782241,0.00283050537109375,0.00283050537109375,Integrated Gradients
ed7fb899-c446-4389-ad4c-3949f0ad83b9,P_01076,MALIGNANT,0.78419435,1,TP,mass,0.003063201904296875,1,medium,1,0.0464612744911746,15.857867325697953,0.0306313179477398,0.0153139064764665,0.0102106989814732,Grad-CAM
ed7fb899-c446-4389-ad4c-3949f0ad83b9,P_01076,MALIGNANT,0.78419435,1,TP,mass,0.003063201904296875,1,medium,0,0.021533811994176682,7.162539223307309,0.030631317947739843,0.01531595109576761,0.01021069898147324,Grad-CAM++
ed7fb899-c446-4389-ad4c-3949f0ad83b9,P_01076,MALIGNANT,0.78419435,1,TP,mass,0.003063201904296875,1,medium,0,0.02094696396417373,6.963167763803936,0.014989293361884369,0.009999051323403852,0.003063201904296875,Integrated Gradients
ee012ef3-3f82-42cc-a688-9dcbce2abd39,P_00045,MALIGNANT,0.42421657,1,FN,mass,0.00177001953125,1,medium,0,6.390386519466358e-10,3.603957463537985e-07,0.0,0.0,0.0,Grad-CAM
ee012ef3-3f82-42cc-a688-9dcbce2abd39,P_00045,MALIGNANT,0.42421657,1,FN,mass,0.00177001953125,1,medium,0,0.0013811097868244124,0.7799755765768597,0.0,0.0,0.0,Grad-CAM++
ee012ef3-3f82-42cc-a688-9dcbce2abd39,P_00045,MALIGNANT,0.42421657,1,FN,mass,0.00177001953125,1,medium,0,0.01391420604447917,7.957860441665848,0.010147287115217144,0.00177001953125,0.00177001953125,Integrated Gradients
eea80aeb-0373-41bf-bbbf-387d6e50978e,P_01628,BENIGN,0.30997047,0,TN,calcification,0.001495361328125,2,medium,0,1.9709775026098777e-07,0.0001316090195092,0.0,0.0,0.0,Grad-CAM
eea80aeb-0373-41bf-bbbf-387d6e50978e,P_01628,BENIGN,0.30997047,0,TN,calcification,0.001495361328125,2,medium,0,0.005100828160535824,3.4234627510365705,0.008184608389223599,0.004106073567151412,0.0049845504367839475,Grad-CAM++
eea80aeb-0373-41bf-bbbf-387d6e50978e,P_01628,BENIGN,0.30997047,0,TN,calcification,0.001495361328125,2,medium,1,0.011168994451176575,7.542162832695385,0.006696935300794552,0.001495361328125,0.001495361328125,Integrated Gradients
ef762e79-d9f4-4b62-bc84-1c973b37b449,P_01529,MALIGNANT,0.83870447,1,TP,mass,0.01799774169921875,1,large,1,0.2158247239264998,15.016970761733296,0.179973297730307,0.089988365217723,0.0599926248998639,Grad-CAM
ef762e79-d9f4-4b62-bc84-1c973b37b449,P_01529,MALIGNANT,0.83870447,1,TP,mass,0.01799774169921875,1,large,1,0.1256722188586832,7.842587910222975,0.17997329773030707,0.08996777330714517,0.05998576005695977,Grad-CAM++
ef762e79-d9f4-4b62-bc84-1c973b37b449,P_01529,MALIGNANT,0.83870447,1,TP,mass,0.01799774169921875,1,large,1,0.15928412910693776,10.337552175642724,0.0805155791532765,0.01799774169921875,0.01799774169921875,Integrated Gradients
f148bb2a-1274-400d-9013-c2431c4fa676,P_01250,MALIGNANT,0.78739744,1,TP,calcification,0.060619354248046875,1,large,0,0.0291679686973665,0.4655779281279333,0.027401605543762,0.0302774427020506,0.0251366357248199,Grad-CAM
f148bb2a-1274-400d-9013-c2431c4fa676,P_01250,MALIGNANT,0.78739744,1,TP,calcification,0.060619354248046875,1,large,0,0.1931486169487187,3.709610594486567,0.18109396914446002,0.1954087346024636,0.1888676492781327,Grad-CAM++
f148bb2a-1274-400d-9013-c2431c4fa676,P_01250,MALIGNANT,0.78739744,1,TP,calcification,0.060619354248046875,1,large,0,0.34322221016393845,8.098176534877027,0.23965141612200436,0.060619354248046875,0.060619354248046875,Integrated Gradients
f2612606-b6ce-4e80-96ce-f9fa52b9420c,P_00702,MALIGNANT,0.78945094,1,TP,mass,0.001010894775390625,1,small,0,0.002379476598033,2.357061165748587,0.0017022886324947,0.005054454595739,0.0033690580622195,Grad-CAM
f2612606-b6ce-4e80-96ce-f9fa52b9420c,P_00702,MALIGNANT,0.78945094,1,TP,mass,0.001010894775390625,1,small,0,0.0020905028329614014,2.0702099217508545,0.000831506538665054,0.0038864545627738615,0.0033696578207850665,Grad-CAM++
f2612606-b6ce-4e80-96ce-f9fa52b9420c,P_00702,MALIGNANT,0.78945094,1,TP,mass,0.001010894775390625,1,small,0,0.011820860429750226,11.821382317877612,0.006040803920823677,0.001010894775390625,0.001010894775390625,Integrated Gradients
f393e9f8-beaf-4fce-91e9-f86191783caa,P_01280,BENIGN,0.35029855,0,TN,mass,0.001201629638671875,1,small,0,0.0,0.0,0.0,0.0,0.0,Grad-CAM
f393e9f8-beaf-4fce-91e9-f86191783caa,P_01280,BENIGN,0.35029855,0,TN,mass,0.001201629638671875,1,small,0,0.000994791123002161,0.8276968850938955,0.0,0.0,0.0006716938090108358,Grad-CAM++
f393e9f8-beaf-4fce-91e9-f86191783caa,P_01280,BENIGN,0.35029855,0,TN,mass,0.001201629638671875,1,small,0,0.009168964811582532,7.6917989410746195,0.005876777251184834,0.0041120925982333235,0.001201629638671875,Integrated Gradients
f436a17f-12e1-416e-a853-f6e07acb96af,P_01778,MALIGNANT,0.8103428,1,TP,mass,0.00144195556640625,1,medium,0,0.0072314993157288,5.044309371620082,0.0144192256341789,0.0072097503290163,0.0048065307783273,Grad-CAM
f436a17f-12e1-416e-a853-f6e07acb96af,P_01778,MALIGNANT,0.8103428,1,TP,mass,0.00144195556640625,1,medium,0,0.004544911431432518,3.161732151877558,0.0141097509819624,0.0072097503290163845,0.004806530778327378,Grad-CAM++
f436a17f-12e1-416e-a853-f6e07acb96af,P_01778,MALIGNANT,0.8103428,1,TP,mass,0.00144195556640625,1,medium,0,0.018900865391962174,13.341058189402961,0.008571320210869648,0.005273177232057872,0.00144195556640625,Integrated Gradients
f436b4e1-d1c5-4abc-bb1c-e4472028ca0b,P_00792,BENIGN,0.3754092,0,TN,calcification,0.004238128662109375,1,medium,0,0.0,0.0,0.0,0.0,0.0,Grad-CAM
f436b4e1-d1c5-4abc-bb1c-e4472028ca0b,P_00792,BENIGN,0.3754092,0,TN,calcification,0.004238128662109375,1,medium,0,0.009975469166772513,2.367383960914699,0.00893516467286959,0.021190562474966146,0.01412713146751777,Grad-CAM++
f436b4e1-d1c5-4abc-bb1c-e4472028ca0b,P_00792,BENIGN,0.3754092,0,TN,calcification,0.004238128662109375,1,medium,0,0.01946421323452208,4.663958536063548,0.020007465472191115,0.004238128662109375,0.004238128662109375,Integrated Gradients
f47a4568-dbc2-4fac-8722-219cc7dfb273,P_01678,BENIGN,0.3979782,0,TN,calcification,0.003509521484375,1,medium,0,9.171870669092053e-06,0.0026042768532241,0.0,0.0,0.0,Grad-CAM
f47a4568-dbc2-4fac-8722-219cc7dfb273,P_01678,BENIGN,0.3979782,0,TN,calcification,0.003509521484375,1,medium,0,0.023837620867132994,6.933717996021114,0.035094411596414264,0.0175475404833203,0.01169843469857457,Grad-CAM++
f47a4568-dbc2-4fac-8722-219cc7dfb273,P_01678,BENIGN,0.3979782,0,TN,calcification,0.003509521484375,1,medium,0,0.023411557466089604,6.80681432495917,0.019691105182067566,0.003509521484375,0.003509521484375,Integrated Gradients
f48caaf5-b8e1-47a3-9fd9-72690e6438dc,P_00399,MALIGNANT,0.5470381,1,TP,mass,0.001575469970703125,1,medium,0,0.0005251154811677,0.3329568815125669,0.0003004920557412,0.0013644115974985,0.0011904460373344,Grad-CAM
f48caaf5-b8e1-47a3-9fd9-72690e6438dc,P_00399,MALIGNANT,0.5470381,1,TP,mass,0.001575469970703125,1,medium,0,0.01058035267179703,6.776801879616898,0.0157543391188251,0.007877319803925309,0.005251579924468802,Grad-CAM++
f48caaf5-b8e1-47a3-9fd9-72690e6438dc,P_00399,MALIGNANT,0.5470381,1,TP,mass,0.001575469970703125,1,medium,0,0.03167424459772434,20.729556047615038,0.010205242991008764,0.001575469970703125,0.001575469970703125,Integrated Gradients
f6a7dbec-e7e8-4071-bf06-4a752158ac8c,P_01413,MALIGNANT,0.6905219,1,TP,mass,0.004909515380859375,1,large,0,0.0570953548718992,12.273175520482935,0.0490790527399611,0.0245474832630795,0.0163650928881146,Grad-CAM
f6a7dbec-e7e8-4071-bf06-4a752158ac8c,P_01413,MALIGNANT,0.6905219,1,TP,mass,0.004909515380859375,1,large,0,0.025834807653279366,5.375223446875006,0.04905401281660055,0.024546546890198546,0.016365092888114646,Grad-CAM++
f6a7dbec-e7e8-4071-bf06-4a752158ac8c,P_01413,MALIGNANT,0.6905219,1,TP,mass,0.004909515380859375,1,large,1,0.053899498895260876,11.547060388328589,0.024931986732754444,0.004909515380859375,0.004909515380859375,Integrated Gradients
f71c137d-5f4c-446d-9845-69c526ab5de1,P_01884,BENIGN,0.27343646,0,TN,calcification,0.000453948974609375,1,small,0,0.0,0.0,0.0,0.0,0.0,Grad-CAM
f71c137d-5f4c-446d-9845-69c526ab5de1,P_01884,BENIGN,0.27343646,0,TN,calcification,0.000453948974609375,1,small,0,0.0007398759569687518,1.630332279204332,0.0,0.0011621925429153885,0.0015131670968808412,Grad-CAM++
f71c137d-5f4c-446d-9845-69c526ab5de1,P_01884,BENIGN,0.27343646,0,TN,calcification,0.000453948974609375,1,small,0,0.0009197939167237123,2.02715039548423,0.0010643959552953698,0.0013529736837090535,0.000453948974609375,Integrated Gradients
f77ccf53-2c2f-427c-b9de-b1ec2390413f,P_00315,BENIGN,0.65981966,0,FP,calcification,0.00089263916015625,1,small,0,0.0001270163409876,0.1421840583276522,0.0,0.0,0.0,Grad-CAM
f77ccf53-2c2f-427c-b9de-b1ec2390413f,P_00315,BENIGN,0.65981966,0,FP,calcification,0.00089263916015625,1,small,0,0.001584687419088614,1.7765139036294182,0.0,0.0038696149447197863,0.0029754714342026625,Grad-CAM++
f77ccf53-2c2f-427c-b9de-b1ec2390413f,P_00315,BENIGN,0.65981966,0,FP,calcification,0.00089263916015625,1,small,0,0.0022319970659130583,2.5038037542881835,0.003376327769347496,0.00089263916015625,0.00089263916015625,Integrated Gradients
f7fc7e44-2cd2-4adf-99b7-701dbe4cf50a,P_01494,MALIGNANT,0.7502333,1,TP,mass,0.0137481689453125,2,large,0,0.083397376512027,6.527007525222072,0.132338421812106,0.0687405825020504,0.0458238502714592,Grad-CAM
f7fc7e44-2cd2-4adf-99b7-701dbe4cf50a,P_01494,MALIGNANT,0.7502333,1,TP,mass,0.0137481689453125,2,large,0,0.059399146926174706,4.530204560477269,0.11975215921892603,0.0687405825020504,0.04582734636267691,Grad-CAM++
f7fc7e44-2cd2-4adf-99b7-701dbe4cf50a,P_01494,MALIGNANT,0.7502333,1,TP,mass,0.0137481689453125,2,large,1,0.17165216318902524,14.86549848779996,0.07031586503948313,0.0137481689453125,0.0137481689453125,Integrated Gradients
f9e2b12b-6011-486d-9c27-565320fbe315,P_01387,BENIGN,0.6933607,0,FP,calcification,0.00396728515625,1,medium,0,1.31430446002247e-05,0.0032997564985211,0.0,0.0,0.0,Grad-CAM
f9e2b12b-6011-486d-9c27-565320fbe315,P_01387,BENIGN,0.6933607,0,FP,calcification,0.00396728515625,1,medium,0,0.006638750419430873,1.6778740361102586,0.0,0.009096570857002662,0.01317278472160413,Grad-CAM++
f9e2b12b-6011-486d-9c27-565320fbe315,P_01387,BENIGN,0.6933607,0,FP,calcification,0.00396728515625,1,medium,0,0.023569689543376116,6.0602825723210305,0.01948829206254208,0.00396728515625,0.00396728515625,Integrated Gradients
fa01275d-e65f-4664-9e06-140bfcc7fce6,P_01284,MALIGNANT,0.13718255,1,FN,calcification,0.012115478515625,2,large,0,0.0,0.0,0.0,0.0,0.0,Grad-CAM
fa01275d-e65f-4664-9e06-140bfcc7fce6,P_01284,MALIGNANT,0.13718255,1,FN,calcification,0.012115478515625,2,large,0,0.008379702357055634,0.6890468041210852,0.0,0.0,0.019602223163771405,Grad-CAM++
fa01275d-e65f-4664-9e06-140bfcc7fce6,P_01284,MALIGNANT,0.13718255,1,FN,calcification,0.012115478515625,2,large,0,0.03945579945058149,3.349339422976731,0.03748808641321614,0.034280718723261785,0.012115478515625,Integrated Gradients
fa6a85f2-da51-4377-8962-2ca679286f5f,P_00112,BENIGN,0.76467836,0,FP,calcification,0.003997802734375,6,medium,0,0.0069230826841576,1.7368228937885395,0.0136074655166003,0.0111558606084671,0.007700867454035,Grad-CAM
fa6a85f2-da51-4377-8962-2ca679286f5f,P_00112,BENIGN,0.76467836,0,FP,calcification,0.003997802734375,6,medium,0,0.007454671772470271,1.8711870869236966,0.0017637332353481537,0.010162640019645251,0.01158953007184747,Grad-CAM++
fa6a85f2-da51-4377-8962-2ca679286f5f,P_00112,BENIGN,0.76467836,0,FP,calcification,0.003997802734375,6,medium,0,0.03429334183162157,8.847152312732044,0.021392177431440132,0.003997802734375,0.003997802734375,Integrated Gradients
fa971372-e1d0-4634-9c00-7560568760cd,P_01577,BENIGN,0.4399978,0,TN,calcification,0.00018310546875,1,small,0,0.0001772096953773,0.967795470906917,0.0,0.0002859212382295,0.000546739904384,Grad-CAM
fa971372-e1d0-4634-9c00-7560568760cd,P_01577,BENIGN,0.4399978,0,TN,calcification,0.00018310546875,1,small,0,0.0009634477159450732,5.265818784376881,0.0018305937988635063,0.0009155238513036679,0.0006103531147082385,Grad-CAM++
fa971372-e1d0-4634-9c00-7560568760cd,P_01577,BENIGN,0.4399978,0,TN,calcification,0.00018310546875,1,small,0,0.000494937674330375,2.7038631235023933,0.00099096695506346,0.00018310546875,0.00018310546875,Integrated Gradients
faa75023-c8d7-4fe1-801f-54e2493b03b0,P_01799,MALIGNANT,0.33796623,1,FN,mass,0.007152557373046875,1,large,0,6.17298789887895e-05,0.0085692611349339,0.0,0.0,0.0,Grad-CAM
faa75023-c8d7-4fe1-801f-54e2493b03b0,P_01799,MALIGNANT,0.33796623,1,FN,mass,0.007152557373046875,1,large,0,0.021880764825324816,3.105216087659871,0.04048597992369522,0.03542623982305947,0.023840402807445836,Grad-CAM++
faa75023-c8d7-4fe1-801f-54e2493b03b0,P_01799,MALIGNANT,0.33796623,1,FN,mass,0.007152557373046875,1,large,0,0.05116223794863157,7.484774307887336,0.03393698468786808,0.007152557373046875,0.007152557373046875,Integrated Gradients
fb6e0369-aa8a-4a6a-b513-a92897b1ec48,P_00788,BENIGN,0.30704162,0,TN,mass,0.003253936767578125,1,medium,0,7.411621781608102e-06,0.0022703449262047,0.0,0.0,0.0,Grad-CAM
fb6e0369-aa8a-4a6a-b513-a92897b1ec48,P_00788,BENIGN,0.30704162,0,TN,mass,0.003253936767578125,1,medium,0,0.002537670563084625,0.779317019733601,0.0,0.0,0.0029395808889393538,Grad-CAM++
fb6e0369-aa8a-4a6a-b513-a92897b1ec48,P_00788,BENIGN,0.30704162,0,TN,mass,0.003253936767578125,1,medium,0,0.008947222439855032,2.76545614423199,0.009585617843422475,0.008842184985326138,0.003253936767578125,Integrated Gradients
fbad8656-7a9d-420d-8456-a035898dde44,P_01475,BENIGN,0.1316642,0,TN,mass,0.00262451171875,1,medium,0,8.352864510254106e-07,0.0003174285207744,0.0,0.0,0.0,Grad-CAM
fbad8656-7a9d-420d-8456-a035898dde44,P_01475,BENIGN,0.1316642,0,TN,mass,0.00262451171875,1,medium,0,0.006888748117567866,2.6360432241369356,0.014288945860352889,0.013122508535352573,0.008747282366851869,Grad-CAM++
fbad8656-7a9d-420d-8456-a035898dde44,P_01475,BENIGN,0.1316642,0,TN,mass,0.00262451171875,1,medium,0,0.01120612015814616,4.30684922630152,0.011543089186343811,0.00262451171875,0.00262451171875,Integrated Gradients
fbdb8e83-4329-4bdc-9d43-8643ec1e3b10,P_00086,MALIGNANT,0.23694585,1,FN,mass,0.001499176025390625,1,medium,0,0.0017302192447329,1.1543803245184756,0.0,0.0033240260603643,0.0034406144861296,Grad-CAM
fbdb8e83-4329-4bdc-9d43-8643ec1e3b10,P_00086,MALIGNANT,0.23694585,1,FN,mass,0.001499176025390625,1,medium,0,0.004886177550153685,3.270335116103274,0.009829595051045581,0.007495851532548781,0.004997075502886352,Grad-CAM++
fbdb8e83-4329-4bdc-9d43-8643ec1e3b10,P_00086,MALIGNANT,0.23694585,1,FN,mass,0.001499176025390625,1,medium,0,0.010458257313713772,7.039162070264487,0.00856644681980138,0.005424748272645945,0.001499176025390625,Integrated Gradients
fc6e44f2-5539-44ca-ad62-99b0fcdb4572,P_00411,BENIGN,0.54422355,0,FP,mass,0.001361846923828125,1,small,0,0.0021930832740031,1.6117156158141004,0.0,0.0051412902734404,0.0041692088671954,Grad-CAM
fc6e44f2-5539-44ca-ad62-99b0fcdb4572,P_00411,BENIGN,0.54422355,0,FP,mass,0.001361846923828125,1,small,0,0.005802528350636561,4.279810035013365,0.013618157543391188,0.00680791014321402,0.004539154979720022,Grad-CAM++
fc6e44f2-5539-44ca-ad62-99b0fcdb4572,P_00411,BENIGN,0.54422355,0,FP,mass,0.001361846923828125,1,small,0,0.0034347292556620884,2.5273572816773178,0.0054107230693556324,0.001361846923828125,0.001361846923828125,Integrated Gradients
fd535c1e-f796-47f9-8244-1df879c00355,P_00699,BENIGN,0.71883965,0,FP,mass,0.000652313232421875,1,small,0,0.0,0.0,0.0,0.0,0.0,Grad-CAM
fd535c1e-f796-47f9-8244-1df879c00355,P_00699,BENIGN,0.71883965,0,FP,mass,0.000652313232421875,1,small,0,0.00015017232203437902,0.2300994515239673,0.0,0.0,0.0,Grad-CAM++
fd535c1e-f796-47f9-8244-1df879c00355,P_00699,BENIGN,0.71883965,0,FP,mass,0.000652313232421875,1,small,0,0.002759125186098476,4.238690752187125,0.003117396593673966,0.0022865853658536584,0.000652313232421875,Integrated Gradients
fd9e2652-207f-42a5-b199-e5c45c3656f8,P_01250,BENIGN,0.7646491,0,FP,mass,0.004638671875,1,medium,1,0.1062769317024106,25.51660653989777,0.0463838877021666,0.0231932708996929,0.0154601164594299,Grad-CAM
fd9e2652-207f-42a5-b199-e5c45c3656f8,P_01250,BENIGN,0.7646491,0,FP,mass,0.004638671875,1,medium,1,0.06693538593966732,15.393280481653576,0.046385657066564945,0.02319327089969292,0.015462278905942041,Grad-CAM++
fd9e2652-207f-42a5-b199-e5c45c3656f8,P_01250,BENIGN,0.7646491,0,FP,mass,0.004638671875,1,medium,1,0.097520143610365,23.1869659487476,0.027724701210145742,0.004638671875,0.004638671875,Integrated Gradients
ff28f26a-1fee-4408-90c0-9d5071b33de9,P_01697,BENIGN,0.14785933,0,TN,mass,0.001834869384765625,1,medium,0,0.0,0.0,0.0,0.0,0.0,Grad-CAM
ff28f26a-1fee-4408-90c0-9d5071b33de9,P_01697,BENIGN,0.14785933,0,TN,mass,0.001834869384765625,1,medium,0,0.00281822938352087,1.5374439216219422,0.0,0.0001701291090905654,0.00611624683697214,Grad-CAM++
ff28f26a-1fee-4408-90c0-9d5071b33de9,P_01697,BENIGN,0.14785933,0,TN,mass,0.001834869384765625,1,medium,0,0.009197232791667457,5.049719031726282,0.009147954940651697,0.001834869384765625,0.001834869384765625,Integrated Gradients
ff4f41e9-b47e-4ba1-b26d-e897d0e080c3,P_00282,BENIGN,0.52212536,0,FP,calcification,0.004917144775390625,1,large,0,0.006854994213393,1.3968204648519944,0.0013835287264253,0.0132795110725468,0.0123869594954023,Grad-CAM
ff4f41e9-b47e-4ba1-b26d-e897d0e080c3,P_00282,BENIGN,0.52212536,0,FP,calcification,0.004917144775390625,1,large,0,0.020450368715428692,4.224944092594402,0.04689403166869671,0.024585630090217248,0.016390524267894155,Grad-CAM++
ff4f41e9-b47e-4ba1-b26d-e897d0e080c3,P_00282,BENIGN,0.52212536,0,FP,calcification,0.004917144775390625,1,large,0,0.047532380724726216,10.09916900357314,0.023976172747580043,0.004917144775390625,0.004917144775390625,Integrated Gradients
