image_id,patient_id,binary_pathology,true_label,predicted_label,predicted_probability,gradcam_probability,probability_difference,outcome,lesion_group,lesion_types,n_roi_masks,union_roi_fraction,roi_size_group,pointing_game_hit,gradcam_peak_x,gradcam_peak_y,energy_inside_roi,inside_mean_activation,outside_mean_activation,inside_outside_ratio,preprocessed_path,iou_top_10_percent,iou_top_20_percent,iou_top_30_percent,heatmap_npy_path
6ab0591c-34da-4eb8-a484-d097ea0a4789,P_00005,MALIGNANT,1,1,0.5071081,0.5071080327033997,6.729660029236584e-08,TP,calcification,calcification,1,0.01102447509765625,large,0,239,143,0.0,0.0,0.047579918056726456,0.0,/Users/gibionmakiwa/MyDocuments/610MtSundanceBayW/University_of_London_Computer_Science_BSc/CM3070_Computer_Science_Final_Project/multimodal-mammography-xai/data/processed/cbis_ddsm/model_input/full_mammograms_v4/test/P_00005_RIGHT_CC_6ab0591c.jpg,0.0,0.0,0.0,/Users/gibionmakiwa/MyDocuments/610MtSundanceBayW/University_of_London_Computer_Science_BSc/CM3070_Computer_Science_Final_Project/multimodal-mammography-xai/results/resnet50v2_finetuned/gradcam_roi_alignment/heatmaps/6ab0591c-34da-4eb8-a484-d097ea0a4789.npy
8970edd3-807a-4f63-b7b5-5070195f86b8,P_00005,MALIGNANT,1,0,0.19423117,0.19423119723796844,2.7237968436288895e-08,FN,calcification,calcification,1,0.008209228515625,large,0,272,0,0.0,0.0,0.07204993069171906,0.0,/Users/gibionmakiwa/MyDocuments/610MtSundanceBayW/University_of_London_Computer_Science_BSc/CM3070_Computer_Science_Final_Project/multimodal-mammography-xai/data/processed/cbis_ddsm/model_input/full_mammograms_v4/test/P_00005_RIGHT_MLO_8970edd3.jpg,0.0,0.0,0.0,/Users/gibionmakiwa/MyDocuments/610MtSundanceBayW/University_of_London_Computer_Science_BSc/CM3070_Computer_Science_Final_Project/multimodal-mammography-xai/results/resnet50v2_finetuned/gradcam_roi_alignment/heatmaps/8970edd3-807a-4f63-b7b5-5070195f86b8.npy
4cfb0584-1104-4c08-aab0-e9a96d532f6c,P_00014,MALIGNANT,1,0,0.450805,0.4508049786090851,2.139091492825429e-08,FN,calcification,calcification,1,0.002811431884765625,medium,0,400,272,0.0,0.0,0.07290760427713394,0.0,/Users/gibionmakiwa/MyDocuments/610MtSundanceBayW/University_of_London_Computer_Science_BSc/CM3070_Computer_Science_Final_Project/multimodal-mammography-xai/data/processed/cbis_ddsm/model_input/full_mammograms_v4/test/P_00014_LEFT_CC_4cfb0584.jpg,0.0,0.0,0.0,/Users/gibionmakiwa/MyDocuments/610MtSundanceBayW/University_of_London_Computer_Science_BSc/CM3070_Computer_Science_Final_Project/multimodal-mammography-xai/results/resnet50v2_finetuned/gradcam_roi_alignment/heatmaps/4cfb0584-1104-4c08-aab0-e9a96d532f6c.npy
3611aaec-343a-4139-b266-8fdee4968c8c,P_00014,MALIGNANT,1,1,0.53293926,0.5329391360282898,1.239717102308191e-07,TP,calcification,calcification,1,0.0016937255859375,medium,0,400,80,0.0006658941283965086,0.0346471332013607,0.08821694552898407,0.3927491375507426,/Users/gibionmakiwa/MyDocuments/610MtSundanceBayW/University_of_London_Computer_Science_BSc/CM3070_Computer_Science_Final_Project/multimodal-mammography-xai/data/processed/cbis_ddsm/model_input/full_mammograms_v4/test/P_00014_LEFT_MLO_3611aaec.jpg,0.0,0.0,0.0,/Users/gibionmakiwa/MyDocuments/610MtSundanceBayW/University_of_London_Computer_Science_BSc/CM3070_Computer_Science_Final_Project/multimodal-mammography-xai/results/resnet50v2_finetuned/gradcam_roi_alignment/heatmaps/3611aaec-343a-4139-b266-8fdee4968c8c.npy
271fa1f1-f4a8-430a-948b-d05b82b35f15,P_00043,MALIGNANT,1,1,0.8119294,0.8119295835494995,1.8354949948840016e-07,TP,calcification,calcification,1,0.018123626708984375,large,0,144,239,0.0,0.0,0.06671354174613953,0.0,/Users/gibionmakiwa/MyDocuments/610MtSundanceBayW/University_of_London_Computer_Science_BSc/CM3070_Computer_Science_Final_Project/multimodal-mammography-xai/data/processed/cbis_ddsm/model_input/full_mammograms_v4/test/P_00043_LEFT_MLO_271fa1f1.jpg,0.0,0.0,0.0,/Users/gibionmakiwa/MyDocuments/610MtSundanceBayW/University_of_London_Computer_Science_BSc/CM3070_Computer_Science_Final_Project/multimodal-mammography-xai/results/resnet50v2_finetuned/gradcam_roi_alignment/heatmaps/271fa1f1-f4a8-430a-948b-d05b82b35f15.npy
c4c621e8-d6fc-4686-882d-238331b7f536,P_00047,MALIGNANT,1,1,0.6578604,0.657860279083252,1.20916748058697e-07,TP,calcification,calcification,3,0.00089263916015625,small,0,367,400,0.0,0.0,0.08375979959964752,0.0,/Users/gibionmakiwa/MyDocuments/610MtSundanceBayW/University_of_London_Computer_Science_BSc/CM3070_Computer_Science_Final_Project/multimodal-mammography-xai/data/processed/cbis_ddsm/model_input/full_mammograms_v4/test/P_00047_LEFT_CC_c4c621e8.jpg,0.0,0.0,0.0,/Users/gibionmakiwa/MyDocuments/610MtSundanceBayW/University_of_London_Computer_Science_BSc/CM3070_Computer_Science_Final_Project/multimodal-mammography-xai/results/resnet50v2_finetuned/gradcam_roi_alignment/heatmaps/c4c621e8-d6fc-4686-882d-238331b7f536.npy
38da94ed-0bbb-44d2-95a7-025b322f1f23,P_00047,MALIGNANT,1,1,0.8563191,0.8563191890716553,8.90716552737203e-08,TP,calcification,calcification,3,0.0010833740234375,small,0,367,79,0.0009692517269375205,0.13751333951950073,0.15372209250926971,0.8945580191450246,/Users/gibionmakiwa/MyDocuments/610MtSundanceBayW/University_of_London_Computer_Science_BSc/CM3070_Computer_Science_Final_Project/multimodal-mammography-xai/data/processed/cbis_ddsm/model_input/full_mammograms_v4/test/P_00047_LEFT_MLO_38da94ed.jpg,0.0,0.00011383687176276396,0.0007607744684088402,/Users/gibionmakiwa/MyDocuments/610MtSundanceBayW/University_of_London_Computer_Science_BSc/CM3070_Computer_Science_Final_Project/multimodal-mammography-xai/results/resnet50v2_finetuned/gradcam_roi_alignment/heatmaps/38da94ed-0bbb-44d2-95a7-025b322f1f23.npy
1ff3a1d1-ec57-490f-b135-b00cdc4d854c,P_00071,BENIGN,0,0,0.11101018,0.11101016402244568,1.5977554321255916e-08,TN,calcification,calcification,1,0.0024871826171875,medium,0,175,240,0.04567230594083184,0.1746833771467209,0.00910092145204544,19.194010862202536,/Users/gibionmakiwa/MyDocuments/610MtSundanceBayW/University_of_London_Computer_Science_BSc/CM3070_Computer_Science_Final_Project/multimodal-mammography-xai/data/processed/cbis_ddsm/model_input/full_mammograms_v4/test/P_00071_RIGHT_CC_1ff3a1d1.jpg,0.01950442074906083,0.00983506762797953,0.0024871826171875,/Users/gibionmakiwa/MyDocuments/610MtSundanceBayW/University_of_London_Computer_Science_BSc/CM3070_Computer_Science_Final_Project/multimodal-mammography-xai/results/resnet50v2_finetuned/gradcam_roi_alignment/heatmaps/1ff3a1d1-ec57-490f-b135-b00cdc4d854c.npy
9cbd4b6f-f40b-4dfa-a0bd-f98f29d970da,P_00071,BENIGN,0,1,0.70605093,0.7060511708259583,2.4082595828645026e-07,FP,calcification,calcification,1,0.00281524658203125,medium,0,431,79,0.0,0.0,0.06616099178791046,0.0,/Users/gibionmakiwa/MyDocuments/610MtSundanceBayW/University_of_London_Computer_Science_BSc/CM3070_Computer_Science_Final_Project/multimodal-mammography-xai/data/processed/cbis_ddsm/model_input/full_mammograms_v4/test/P_00071_RIGHT_MLO_9cbd4b6f.jpg,0.0,0.0,0.0,/Users/gibionmakiwa/MyDocuments/610MtSundanceBayW/University_of_London_Computer_Science_BSc/CM3070_Computer_Science_Final_Project/multimodal-mammography-xai/results/resnet50v2_finetuned/gradcam_roi_alignment/heatmaps/9cbd4b6f-f40b-4dfa-a0bd-f98f29d970da.npy
2310fa87-537b-481f-a107-0dbf43d2387d,P_00088,MALIGNANT,1,1,0.8378818,0.837881863117218,6.31172180076689e-08,TP,calcification,calcification,1,0.0006561279296875,small,0,144,48,0.0004798737492047929,0.057483818382024765,0.07861106842756271,0.731243223370788,/Users/gibionmakiwa/MyDocuments/610MtSundanceBayW/University_of_London_Computer_Science_BSc/CM3070_Computer_Science_Final_Project/multimodal-mammography-xai/data/processed/cbis_ddsm/model_input/full_mammograms_v4/test/P_00088_LEFT_CC_2310fa87.jpg,0.0,0.0,0.0006856185167786087,/Users/gibionmakiwa/MyDocuments/610MtSundanceBayW/University_of_London_Computer_Science_BSc/CM3070_Computer_Science_Final_Project/multimodal-mammography-xai/results/resnet50v2_finetuned/gradcam_roi_alignment/heatmaps/2310fa87-537b-481f-a107-0dbf43d2387d.npy
988f9991-aa6f-4db1-9ad5-228ddab6fa97,P_00088,MALIGNANT,1,0,0.42005396,0.4200538098812103,1.5011878967685632e-07,FN,calcification,calcification,1,0.000667572021484375,small,0,175,48,3.079874380904901e-05,0.0015501485904678702,0.03362134471535683,0.04610607167949206,/Users/gibionmakiwa/MyDocuments/610MtSundanceBayW/University_of_London_Computer_Science_BSc/CM3070_Computer_Science_Final_Project/multimodal-mammography-xai/data/processed/cbis_ddsm/model_input/full_mammograms_v4/test/P_00088_LEFT_MLO_988f9991.jpg,0.0,0.0,0.0,/Users/gibionmakiwa/MyDocuments/610MtSundanceBayW/University_of_London_Computer_Science_BSc/CM3070_Computer_Science_Final_Project/multimodal-mammography-xai/results/resnet50v2_finetuned/gradcam_roi_alignment/heatmaps/988f9991-aa6f-4db1-9ad5-228ddab6fa97.npy
1303e1d5-07d5-4caf-a908-c6110b643286,P_00112,BENIGN,0,1,0.86560327,0.865603506565094,2.3656509395841852e-07,FP,calcification,calcification,4,0.0030059814453125,medium,0,367,79,0.0049474753907102105,0.1296326220035553,0.07860866189002991,1.6490880571663349,/Users/gibionmakiwa/MyDocuments/610MtSundanceBayW/University_of_London_Computer_Science_BSc/CM3070_Computer_Science_Final_Project/multimodal-mammography-xai/data/processed/cbis_ddsm/model_input/full_mammograms_v4/test/P_00112_LEFT_CC_1303e1d5.jpg,0.0,0.012307399657599392,0.009518484159158205,/Users/gibionmakiwa/MyDocuments/610MtSundanceBayW/University_of_London_Computer_Science_BSc/CM3070_Computer_Science_Final_Project/multimodal-mammography-xai/results/resnet50v2_finetuned/gradcam_roi_alignment/heatmaps/1303e1d5-07d5-4caf-a908-c6110b643286.npy
65af4185-7d29-45ff-99e7-f141afa1c4bb,P_00112,BENIGN,0,0,0.35921666,0.35921669006347656,3.006347654155306e-08,TN,calcification,calcification,6,0.00528717041015625,large,0,239,240,0.023039805458538332,0.2457573115825653,0.05538983643054962,4.436865732977023,/Users/gibionmakiwa/MyDocuments/610MtSundanceBayW/University_of_London_Computer_Science_BSc/CM3070_Computer_Science_Final_Project/multimodal-mammography-xai/data/processed/cbis_ddsm/model_input/full_mammograms_v4/test/P_00112_LEFT_MLO_65af4185.jpg,0.015190525231719876,0.021816731857365282,0.014566430020283976,/Users/gibionmakiwa/MyDocuments/610MtSundanceBayW/University_of_London_Computer_Science_BSc/CM3070_Computer_Science_Final_Project/multimodal-mammography-xai/results/resnet50v2_finetuned/gradcam_roi_alignment/heatmaps/65af4185-7d29-45ff-99e7-f141afa1c4bb.npy
fa6a85f2-da51-4377-8962-2ca679286f5f,P_00112,BENIGN,0,1,0.76467836,0.7646785974502563,2.3745025634624994e-07,FP,calcification,calcification,6,0.003997802734375,medium,0,176,239,0.006923082684157659,0.17173612117767334,0.09887945652008057,1.7368228937885397,/Users/gibionmakiwa/MyDocuments/610MtSundanceBayW/University_of_London_Computer_Science_BSc/CM3070_Computer_Science_Final_Project/multimodal-mammography-xai/data/processed/cbis_ddsm/model_input/full_mammograms_v4/test/P_00112_RIGHT_CC_fa6a85f2.jpg,0.013607465516600364,0.011155860608467108,0.007700867454035052,/Users/gibionmakiwa/MyDocuments/610MtSundanceBayW/University_of_London_Computer_Science_BSc/CM3070_Computer_Science_Final_Project/multimodal-mammography-xai/results/resnet50v2_finetuned/gradcam_roi_alignment/heatmaps/fa6a85f2-da51-4377-8962-2ca679286f5f.npy
c2dd4094-0867-423d-8fd5-c7577d786f23,P_00112,BENIGN,0,1,0.84330374,0.8433038592338562,1.1923385623280325e-07,FP,calcification,calcification,7,0.00492095947265625,large,0,207,303,0.013223963723142537,0.2933097779750824,0.10823698341846466,2.709884751150574,/Users/gibionmakiwa/MyDocuments/610MtSundanceBayW/University_of_London_Computer_Science_BSc/CM3070_Computer_Science_Final_Project/multimodal-mammography-xai/data/processed/cbis_ddsm/model_input/full_mammograms_v4/test/P_00112_RIGHT_MLO_c2dd4094.jpg,0.02131372767442724,0.01590453496728318,0.012515042117930204,/Users/gibionmakiwa/MyDocuments/610MtSundanceBayW/University_of_London_Computer_Science_BSc/CM3070_Computer_Science_Final_Project/multimodal-mammography-xai/results/resnet50v2_finetuned/gradcam_roi_alignment/heatmaps/c2dd4094-0867-423d-8fd5-c7577d786f23.npy
53264962-00c8-49aa-b462-e635fadb8da5,P_00136,MALIGNANT,1,1,0.669347,0.6693471074104309,1.0741043088291491e-07,TP,calcification,calcification,1,0.0050048828125,large,0,368,111,0.0,0.0,0.029643993824720383,0.0,/Users/gibionmakiwa/MyDocuments/610MtSundanceBayW/University_of_London_Computer_Science_BSc/CM3070_Computer_Science_Final_Project/multimodal-mammography-xai/data/processed/cbis_ddsm/model_input/full_mammograms_v4/test/P_00136_LEFT_CC_53264962.jpg,0.0,0.0,0.0,/Users/gibionmakiwa/MyDocuments/610MtSundanceBayW/University_of_London_Computer_Science_BSc/CM3070_Computer_Science_Final_Project/multimodal-mammography-xai/results/resnet50v2_finetuned/gradcam_roi_alignment/heatmaps/53264962-00c8-49aa-b462-e635fadb8da5.npy
0026c10a-140b-40a5-8af1-a44930cd296b,P_00136,MALIGNANT,1,1,0.6864877,0.68648761510849,8.489151004376083e-08,TP,calcification,calcification,2,0.0068511962890625,large,0,368,80,0.00015815147793683243,0.0010004910873249173,0.0436338447034359,0.022929239099431082,/Users/gibionmakiwa/MyDocuments/610MtSundanceBayW/University_of_London_Computer_Science_BSc/CM3070_Computer_Science_Final_Project/multimodal-mammography-xai/data/processed/cbis_ddsm/model_input/full_mammograms_v4/test/P_00136_LEFT_MLO_0026c10a.jpg,0.0,0.0,0.0,/Users/gibionmakiwa/MyDocuments/610MtSundanceBayW/University_of_London_Computer_Science_BSc/CM3070_Computer_Science_Final_Project/multimodal-mammography-xai/results/resnet50v2_finetuned/gradcam_roi_alignment/heatmaps/0026c10a-140b-40a5-8af1-a44930cd296b.npy
9644f5fb-9429-4752-84c6-a45305da8b40,P_00183,BENIGN,0,0,0.06554496,0.0655449628829956,2.8829956061349193e-09,TN,calcification,calcification,1,0.0035858154296875,medium,0,368,79,0.0,0.0,0.03908215090632439,0.0,/Users/gibionmakiwa/MyDocuments/610MtSundanceBayW/University_of_London_Computer_Science_BSc/CM3070_Computer_Science_Final_Project/multimodal-mammography-xai/data/processed/cbis_ddsm/model_input/full_mammograms_v4/test/P_00183_RIGHT_MLO_9644f5fb.jpg,0.0,0.0,0.0,/Users/gibionmakiwa/MyDocuments/610MtSundanceBayW/University_of_London_Computer_Science_BSc/CM3070_Computer_Science_Final_Project/multimodal-mammography-xai/results/resnet50v2_finetuned/gradcam_roi_alignment/heatmaps/9644f5fb-9429-4752-84c6-a45305da8b40.npy
479ad26f-4902-4bcb-89bd-20446cc91e33,P_00201,MALIGNANT,1,0,0.080422245,0.0804222971200943,5.212009429600428e-08,FN,calcification,calcification,1,0.024932861328125,large,0,367,0,0.0097526913911036,0.01832164265215397,0.04756869375705719,0.38516169676866185,/Users/gibionmakiwa/MyDocuments/610MtSundanceBayW/University_of_London_Computer_Science_BSc/CM3070_Computer_Science_Final_Project/multimodal-mammography-xai/data/processed/cbis_ddsm/model_input/full_mammograms_v4/test/P_00201_LEFT_MLO_479ad26f.jpg,0.0,0.011666809642275029,0.02187005134603388,/Users/gibionmakiwa/MyDocuments/610MtSundanceBayW/University_of_London_Computer_Science_BSc/CM3070_Computer_Science_Final_Project/multimodal-mammography-xai/results/resnet50v2_finetuned/gradcam_roi_alignment/heatmaps/479ad26f-4902-4bcb-89bd-20446cc91e33.npy
d9aa5ece-6df8-4595-a335-eb89e4d52921,P_00208,BENIGN,0,0,0.2384427,0.23844251036643982,1.8963356018808497e-07,TN,calcification,calcification,2,0.014095306396484375,large,1,208,336,0.08181974733278084,0.20989413559436798,0.033675163984298706,6.232904266277366,/Users/gibionmakiwa/MyDocuments/610MtSundanceBayW/University_of_London_Computer_Science_BSc/CM3070_Computer_Science_Final_Project/multimodal-mammography-xai/data/processed/cbis_ddsm/model_input/full_mammograms_v4/test/P_00208_RIGHT_CC_d9aa5ece.jpg,0.058086882694212534,0.033857716538334005,0.0246649327376582,/Users/gibionmakiwa/MyDocuments/610MtSundanceBayW/University_of_London_Computer_Science_BSc/CM3070_Computer_Science_Final_Project/multimodal-mammography-xai/results/resnet50v2_finetuned/gradcam_roi_alignment/heatmaps/d9aa5ece-6df8-4595-a335-eb89e4d52921.npy
cc7da04a-3c87-46f7-bbbc-75d1c1cef6e6,P_00208,BENIGN,0,0,0.045419723,0.04541972279548645,2.0451355192685483e-10,TN,calcification,calcification,2,0.0093231201171875,large,0,304,496,0.0,0.0,0.041028596460819244,0.0,/Users/gibionmakiwa/MyDocuments/610MtSundanceBayW/University_of_London_Computer_Science_BSc/CM3070_Computer_Science_Final_Project/multimodal-mammography-xai/data/processed/cbis_ddsm/model_input/full_mammograms_v4/test/P_00208_RIGHT_MLO_cc7da04a.jpg,0.0,0.0,0.0,/Users/gibionmakiwa/MyDocuments/610MtSundanceBayW/University_of_London_Computer_Science_BSc/CM3070_Computer_Science_Final_Project/multimodal-mammography-xai/results/resnet50v2_finetuned/gradcam_roi_alignment/heatmaps/cc7da04a-3c87-46f7-bbbc-75d1c1cef6e6.npy
6edea915-254e-4f75-b1a2-2d96f66ab47b,P_00220,BENIGN,0,0,0.31776175,0.31776168942451477,6.057548523896727e-08,TN,calcification,calcification,1,0.00814056396484375,large,0,335,79,0.0,0.0,0.10056321322917938,0.0,/Users/gibionmakiwa/MyDocuments/610MtSundanceBayW/University_of_London_Computer_Science_BSc/CM3070_Computer_Science_Final_Project/multimodal-mammography-xai/data/processed/cbis_ddsm/model_input/full_mammograms_v4/test/P_00220_LEFT_CC_6edea915.jpg,0.0,0.0,0.0,/Users/gibionmakiwa/MyDocuments/610MtSundanceBayW/University_of_London_Computer_Science_BSc/CM3070_Computer_Science_Final_Project/multimodal-mammography-xai/results/resnet50v2_finetuned/gradcam_roi_alignment/heatmaps/6edea915-254e-4f75-b1a2-2d96f66ab47b.npy
3ba676d3-5faa-4073-b246-f09fa020d2b8,P_00220,BENIGN,0,0,0.23359182,0.23359182476997375,4.769973749318979e-09,TN,calcification,calcification,1,0.00714874267578125,large,0,144,0,0.0004285029379519036,0.004135101102292538,0.06945311278104782,0.05953801552348505,/Users/gibionmakiwa/MyDocuments/610MtSundanceBayW/University_of_London_Computer_Science_BSc/CM3070_Computer_Science_Final_Project/multimodal-mammography-xai/data/processed/cbis_ddsm/model_input/full_mammograms_v4/test/P_00220_LEFT_MLO_3ba676d3.jpg,0.0,0.0,0.0,/Users/gibionmakiwa/MyDocuments/610MtSundanceBayW/University_of_London_Computer_Science_BSc/CM3070_Computer_Science_Final_Project/multimodal-mammography-xai/results/resnet50v2_finetuned/gradcam_roi_alignment/heatmaps/3ba676d3-5faa-4073-b246-f09fa020d2b8.npy
24bd986d-a86d-4717-87f9-8c7fbae3d048,P_00232,MALIGNANT,1,0,0.26720044,0.2672005295753479,8.957534791687038e-08,FN,calcification,calcification,1,0.001270294189453125,small,0,400,496,1.9130807174887234e-05,0.001106609241105616,0.07357138395309448,0.015041297733343697,/Users/gibionmakiwa/MyDocuments/610MtSundanceBayW/University_of_London_Computer_Science_BSc/CM3070_Computer_Science_Final_Project/multimodal-mammography-xai/data/processed/cbis_ddsm/model_input/full_mammograms_v4/test/P_00232_RIGHT_CC_24bd986d.jpg,0.0,0.0,0.0,/Users/gibionmakiwa/MyDocuments/610MtSundanceBayW/University_of_London_Computer_Science_BSc/CM3070_Computer_Science_Final_Project/multimodal-mammography-xai/results/resnet50v2_finetuned/gradcam_roi_alignment/heatmaps/24bd986d-a86d-4717-87f9-8c7fbae3d048.npy
a20f3828-a179-4c85-9c52-26213f69833c,P_00232,MALIGNANT,1,1,0.64374876,0.6437486410140991,1.1898590090986261e-07,TP,calcification,calcification,1,0.000957489013671875,small,0,304,47,0.001348870337841147,0.12151575833559036,0.08622357994318008,1.4093098932167778,/Users/gibionmakiwa/MyDocuments/610MtSundanceBayW/University_of_London_Computer_Science_BSc/CM3070_Computer_Science_Final_Project/multimodal-mammography-xai/data/processed/cbis_ddsm/model_input/full_mammograms_v4/test/P_00232_RIGHT_MLO_a20f3828.jpg,0.0020824656393169513,0.003638511067931573,0.002668903461949062,/Users/gibionmakiwa/MyDocuments/610MtSundanceBayW/University_of_London_Computer_Science_BSc/CM3070_Computer_Science_Final_Project/multimodal-mammography-xai/results/resnet50v2_finetuned/gradcam_roi_alignment/heatmaps/a20f3828-a179-4c85-9c52-26213f69833c.npy
94bdae4d-278f-4857-a83a-cb1f90a49c1b,P_00260,BENIGN,0,1,0.5681865,0.5681867003440857,2.0034408565461348e-07,FP,calcification,calcification,1,0.001216888427734375,small,0,207,175,0.0014792809711715038,0.038474809378385544,0.03164190053939819,1.2159445723253506,/Users/gibionmakiwa/MyDocuments/610MtSundanceBayW/University_of_London_Computer_Science_BSc/CM3070_Computer_Science_Final_Project/multimodal-mammography-xai/data/processed/cbis_ddsm/model_input/full_mammograms_v4/test/P_00260_RIGHT_CC_94bdae4d.jpg,0.009703565584687393,0.006083954761314439,0.004056305074831835,/Users/gibionmakiwa/MyDocuments/610MtSundanceBayW/University_of_London_Computer_Science_BSc/CM3070_Computer_Science_Final_Project/multimodal-mammography-xai/results/resnet50v2_finetuned/gradcam_roi_alignment/heatmaps/94bdae4d-278f-4857-a83a-cb1f90a49c1b.npy
a8dfe328-98b3-49c9-b3fa-a172a9335012,P_00260,BENIGN,0,0,0.3873554,0.3873554468154907,4.6815490706286766e-08,TN,calcification,calcification,1,0.002933502197265625,medium,0,271,367,0.00023933251586273619,0.00402434729039669,0.04945976659655571,0.08136606283573344,/Users/gibionmakiwa/MyDocuments/610MtSundanceBayW/University_of_London_Computer_Science_BSc/CM3070_Computer_Science_Final_Project/multimodal-mammography-xai/data/processed/cbis_ddsm/model_input/full_mammograms_v4/test/P_00260_RIGHT_MLO_a8dfe328.jpg,0.0,0.0,0.0,/Users/gibionmakiwa/MyDocuments/610MtSundanceBayW/University_of_London_Computer_Science_BSc/CM3070_Computer_Science_Final_Project/multimodal-mammography-xai/results/resnet50v2_finetuned/gradcam_roi_alignment/heatmaps/a8dfe328-98b3-49c9-b3fa-a172a9335012.npy
987b9c7a-2a3a-4968-b57f-3ce6dfebff8e,P_00269,BENIGN,0,0,0.3304446,0.3304447531700134,1.5317001345049874e-07,TN,calcification,calcification,1,0.001544952392578125,medium,0,335,112,3.180751013217937e-05,0.0014148232294246554,0.06882485747337341,0.02055686093361552,/Users/gibionmakiwa/MyDocuments/610MtSundanceBayW/University_of_London_Computer_Science_BSc/CM3070_Computer_Science_Final_Project/multimodal-mammography-xai/data/processed/cbis_ddsm/model_input/full_mammograms_v4/test/P_00269_LEFT_CC_987b9c7a.jpg,0.0,0.0,0.0,/Users/gibionmakiwa/MyDocuments/610MtSundanceBayW/University_of_London_Computer_Science_BSc/CM3070_Computer_Science_Final_Project/multimodal-mammography-xai/results/resnet50v2_finetuned/gradcam_roi_alignment/heatmaps/987b9c7a-2a3a-4968-b57f-3ce6dfebff8e.npy
9db8c33b-b64c-4e12-8910-f8f4d4ffd6c1,P_00269,BENIGN,0,0,0.2994298,0.29942986369132996,6.369132993233606e-08,TN,calcification,calcification,1,0.0013885498046875,medium,0,175,431,5.699303560059623e-06,0.0003609324339777231,0.08805755525827408,0.004098823683338317,/Users/gibionmakiwa/MyDocuments/610MtSundanceBayW/University_of_London_Computer_Science_BSc/CM3070_Computer_Science_Final_Project/multimodal-mammography-xai/data/processed/cbis_ddsm/model_input/full_mammograms_v4/test/P_00269_LEFT_MLO_9db8c33b.jpg,0.0,0.0,0.0,/Users/gibionmakiwa/MyDocuments/610MtSundanceBayW/University_of_London_Computer_Science_BSc/CM3070_Computer_Science_Final_Project/multimodal-mammography-xai/results/resnet50v2_finetuned/gradcam_roi_alignment/heatmaps/9db8c33b-b64c-4e12-8910-f8f4d4ffd6c1.npy
18986dee-6565-439b-b654-3a6a933ade25,P_00276,BENIGN,0,0,0.38347232,0.3834723234176636,3.4176635965721402e-09,TN,calcification,calcification,1,0.001155853271484375,small,0,335,239,0.00401318452333618,0.3009072244167328,0.08641756325960159,3.4820142832846783,/Users/gibionmakiwa/MyDocuments/610MtSundanceBayW/University_of_London_Computer_Science_BSc/CM3070_Computer_Science_Final_Project/multimodal-mammography-xai/data/processed/cbis_ddsm/model_input/full_mammograms_v4/test/P_00276_RIGHT_CC_18986dee.jpg,0.009363580998781974,0.005778583007533136,0.0038528540365957557,/Users/gibionmakiwa/MyDocuments/610MtSundanceBayW/University_of_London_Computer_Science_BSc/CM3070_Computer_Science_Final_Project/multimodal-mammography-xai/results/resnet50v2_finetuned/gradcam_roi_alignment/heatmaps/18986dee-6565-439b-b654-3a6a933ade25.npy
be17af6b-73a0-4fb1-b185-f8276331afbd,P_00276,BENIGN,0,0,0.22931771,0.22931770980358124,1.9641877013754083e-10,TN,calcification,calcification,1,0.0013275146484375,small,0,143,48,0.006650402797217209,0.1919795125722885,0.03811757639050484,5.036507574364965,/Users/gibionmakiwa/MyDocuments/610MtSundanceBayW/University_of_London_Computer_Science_BSc/CM3070_Computer_Science_Final_Project/multimodal-mammography-xai/data/processed/cbis_ddsm/model_input/full_mammograms_v4/test/P_00276_RIGHT_MLO_be17af6b.jpg,0.013274842647339309,0.006637547921951592,0.004425060081634729,/Users/gibionmakiwa/MyDocuments/610MtSundanceBayW/University_of_London_Computer_Science_BSc/CM3070_Computer_Science_Final_Project/multimodal-mammography-xai/results/resnet50v2_finetuned/gradcam_roi_alignment/heatmaps/be17af6b-73a0-4fb1-b185-f8276331afbd.npy
583ddcea-8b81-4574-9906-f0e65d54bd74,P_00282,BENIGN,0,1,0.5499062,0.5499057769775391,4.2302246094916285e-07,FP,calcification,calcification,1,0.006122589111328125,large,0,431,336,5.7457229996190345e-06,0.00010252615174977109,0.1099233403801918,0.0009327058481675092,/Users/gibionmakiwa/MyDocuments/610MtSundanceBayW/University_of_London_Computer_Science_BSc/CM3070_Computer_Science_Final_Project/multimodal-mammography-xai/data/processed/cbis_ddsm/model_input/full_mammograms_v4/test/P_00282_LEFT_CC_583ddcea.jpg,0.0,0.0,0.0,/Users/gibionmakiwa/MyDocuments/610MtSundanceBayW/University_of_London_Computer_Science_BSc/CM3070_Computer_Science_Final_Project/multimodal-mammography-xai/results/resnet50v2_finetuned/gradcam_roi_alignment/heatmaps/583ddcea-8b81-4574-9906-f0e65d54bd74.npy
ff4f41e9-b47e-4ba1-b26d-e897d0e080c3,P_00282,BENIGN,0,1,0.52212536,0.5221251845359802,1.7546401975820913e-07,FP,calcification,calcification,1,0.004917144775390625,large,0,432,304,0.006854994213393064,0.12158763408660889,0.08704598993062973,1.3968204648519944,/Users/gibionmakiwa/MyDocuments/610MtSundanceBayW/University_of_London_Computer_Science_BSc/CM3070_Computer_Science_Final_Project/multimodal-mammography-xai/data/processed/cbis_ddsm/model_input/full_mammograms_v4/test/P_00282_LEFT_MLO_ff4f41e9.jpg,0.0013835287264253988,0.013279511072546874,0.012386959495402387,/Users/gibionmakiwa/MyDocuments/610MtSundanceBayW/University_of_London_Computer_Science_BSc/CM3070_Computer_Science_Final_Project/multimodal-mammography-xai/results/resnet50v2_finetuned/gradcam_roi_alignment/heatmaps/ff4f41e9-b47e-4ba1-b26d-e897d0e080c3.npy
a0eddc41-b63b-4e18-bf3a-84df1584b74f,P_00307,MALIGNANT,1,1,0.6447755,0.6447756886482239,1.8864822393105385e-07,TP,calcification,calcification,1,0.003997802734375,medium,0,239,272,0.01567450326163442,0.43477773666381836,0.10959060490131378,3.9672898729086903,/Users/gibionmakiwa/MyDocuments/610MtSundanceBayW/University_of_London_Computer_Science_BSc/CM3070_Computer_Science_Final_Project/multimodal-mammography-xai/data/processed/cbis_ddsm/model_input/full_mammograms_v4/test/P_00307_LEFT_CC_a0eddc41.jpg,0.038630043049259016,0.019988937420130082,0.013325873556787549,/Users/gibionmakiwa/MyDocuments/610MtSundanceBayW/University_of_London_Computer_Science_BSc/CM3070_Computer_Science_Final_Project/multimodal-mammography-xai/results/resnet50v2_finetuned/gradcam_roi_alignment/heatmaps/a0eddc41-b63b-4e18-bf3a-84df1584b74f.npy
3cdb6e70-2bb2-4d11-a0bc-2010b43a181b,P_00307,MALIGNANT,1,0,0.32024062,0.3202406167984009,3.20159909694695e-09,FN,calcification,calcification,1,0.004451751708984375,medium,0,399,47,0.0035689251304464385,0.02822970040142536,0.035243961960077286,0.8009795386684179,/Users/gibionmakiwa/MyDocuments/610MtSundanceBayW/University_of_London_Computer_Science_BSc/CM3070_Computer_Science_Final_Project/multimodal-mammography-xai/data/processed/cbis_ddsm/model_input/full_mammograms_v4/test/P_00307_LEFT_MLO_3cdb6e70.jpg,0.002232142857142857,0.0075942704612955375,0.007727467865350135,/Users/gibionmakiwa/MyDocuments/610MtSundanceBayW/University_of_London_Computer_Science_BSc/CM3070_Computer_Science_Final_Project/multimodal-mammography-xai/results/resnet50v2_finetuned/gradcam_roi_alignment/heatmaps/3cdb6e70-2bb2-4d11-a0bc-2010b43a181b.npy
7b1f89f2-47e0-48b3-8d00-4806a2be723e,P_00308,BENIGN,0,1,0.7359254,0.7359254956245422,9.562454228451145e-08,FP,calcification,calcification,1,0.002422332763671875,medium,0,207,143,0.0036148100770195942,0.1646055430173874,0.11017252504825592,1.4940705770752178,/Users/gibionmakiwa/MyDocuments/610MtSundanceBayW/University_of_London_Computer_Science_BSc/CM3070_Computer_Science_Final_Project/multimodal-mammography-xai/data/processed/cbis_ddsm/model_input/full_mammograms_v4/test/P_00308_LEFT_CC_7b1f89f2.jpg,0.0,0.005095179467752628,0.006002157223526426,/Users/gibionmakiwa/MyDocuments/610MtSundanceBayW/University_of_London_Computer_Science_BSc/CM3070_Computer_Science_Final_Project/multimodal-mammography-xai/results/resnet50v2_finetuned/gradcam_roi_alignment/heatmaps/7b1f89f2-47e0-48b3-8d00-4806a2be723e.npy
14b2159c-be37-4294-ba76-f12991377a99,P_00308,BENIGN,0,0,0.22546373,0.2254633754491806,3.5455081939805844e-07,TN,calcification,calcification,1,0.002361297607421875,medium,0,400,79,0.0001376152321893432,0.0031373347155749798,0.05395255982875824,0.05814986617936208,/Users/gibionmakiwa/MyDocuments/610MtSundanceBayW/University_of_London_Computer_Science_BSc/CM3070_Computer_Science_Final_Project/multimodal-mammography-xai/data/processed/cbis_ddsm/model_input/full_mammograms_v4/test/P_00308_LEFT_MLO_14b2159c.jpg,0.0,0.0,0.0,/Users/gibionmakiwa/MyDocuments/610MtSundanceBayW/University_of_London_Computer_Science_BSc/CM3070_Computer_Science_Final_Project/multimodal-mammography-xai/results/resnet50v2_finetuned/gradcam_roi_alignment/heatmaps/14b2159c-be37-4294-ba76-f12991377a99.npy
e212b36c-93c4-4136-b817-b481aa0476d3,P_00392,MALIGNANT,1,1,0.6952498,0.6952498555183411,5.55183410355653e-08,TP,calcification,calcification,1,0.002811431884765625,medium,0,336,112,0.0036274960867781468,0.07356452196836472,0.0569683276116848,1.2913229532833668,/Users/gibionmakiwa/MyDocuments/610MtSundanceBayW/University_of_London_Computer_Science_BSc/CM3070_Computer_Science_Final_Project/multimodal-mammography-xai/data/processed/cbis_ddsm/model_input/full_mammograms_v4/test/P_00392_LEFT_CC_e212b36c.jpg,0.006234832928878104,0.00865110984632897,0.006976508194225988,/Users/gibionmakiwa/MyDocuments/610MtSundanceBayW/University_of_London_Computer_Science_BSc/CM3070_Computer_Science_Final_Project/multimodal-mammography-xai/results/resnet50v2_finetuned/gradcam_roi_alignment/heatmaps/e212b36c-93c4-4136-b817-b481aa0476d3.npy
662393fe-edeb-4e84-aa5c-fa33758a80a2,P_00392,MALIGNANT,1,0,0.32926923,0.32926908135414124,1.4864585878848757e-07,FN,calcification,calcification,1,0.001194000244140625,small,0,144,0,0.001328494621215505,0.06003931164741516,0.05395377427339554,1.1127914835997958,/Users/gibionmakiwa/MyDocuments/610MtSundanceBayW/University_of_London_Computer_Science_BSc/CM3070_Computer_Science_Final_Project/multimodal-mammography-xai/data/processed/cbis_ddsm/model_input/full_mammograms_v4/test/P_00392_LEFT_MLO_662393fe.jpg,0.0,0.0007399958256645732,0.0028068838508922334,/Users/gibionmakiwa/MyDocuments/610MtSundanceBayW/University_of_London_Computer_Science_BSc/CM3070_Computer_Science_Final_Project/multimodal-mammography-xai/results/resnet50v2_finetuned/gradcam_roi_alignment/heatmaps/662393fe-edeb-4e84-aa5c-fa33758a80a2.npy
98129de0-bd23-4cb3-a356-aa14484412d8,P_00425,BENIGN,0,0,0.05170524,0.051705267280340195,2.728034019516823e-08,TN,calcification,calcification,1,0.00278472900390625,medium,0,208,175,0.001519634235893255,0.025717701762914658,0.04718745872378349,0.5450112595243403,/Users/gibionmakiwa/MyDocuments/610MtSundanceBayW/University_of_London_Computer_Science_BSc/CM3070_Computer_Science_Final_Project/multimodal-mammography-xai/data/processed/cbis_ddsm/model_input/full_mammograms_v4/test/P_00425_RIGHT_CC_98129de0.jpg,0.0,0.0017525345795801454,0.0028047655746610907,/Users/gibionmakiwa/MyDocuments/610MtSundanceBayW/University_of_London_Computer_Science_BSc/CM3070_Computer_Science_Final_Project/multimodal-mammography-xai/results/resnet50v2_finetuned/gradcam_roi_alignment/heatmaps/98129de0-bd23-4cb3-a356-aa14484412d8.npy
93eeaaa6-453f-4b3d-861c-6492e5d1c938,P_00425,BENIGN,0,0,0.032495435,0.032495465129613876,3.0129613873275396e-08,TN,calcification,calcification,1,0.003452301025390625,medium,0,80,208,0.0,0.0,0.04879568889737129,0.0,/Users/gibionmakiwa/MyDocuments/610MtSundanceBayW/University_of_London_Computer_Science_BSc/CM3070_Computer_Science_Final_Project/multimodal-mammography-xai/data/processed/cbis_ddsm/model_input/full_mammograms_v4/test/P_00425_RIGHT_MLO_93eeaaa6.jpg,0.0,0.0,0.0,/Users/gibionmakiwa/MyDocuments/610MtSundanceBayW/University_of_London_Computer_Science_BSc/CM3070_Computer_Science_Final_Project/multimodal-mammography-xai/results/resnet50v2_finetuned/gradcam_roi_alignment/heatmaps/93eeaaa6-453f-4b3d-861c-6492e5d1c938.npy
3bcea6d4-c7b5-4607-9e87-2be8c873f276,P_00471,BENIGN,0,1,0.6200688,0.6200686693191528,1.3068084714351613e-07,FP,calcification,calcification,3,0.001773834228515625,medium,0,272,48,0.0010876020109171027,0.03809158131480217,0.062168512493371964,0.6127149204625744,/Users/gibionmakiwa/MyDocuments/610MtSundanceBayW/University_of_London_Computer_Science_BSc/CM3070_Computer_Science_Final_Project/multimodal-mammography-xai/data/processed/cbis_ddsm/model_input/full_mammograms_v4/test/P_00471_LEFT_CC_3bcea6d4.jpg,0.0,0.0024638010764915473,0.0025345972524965783,/Users/gibionmakiwa/MyDocuments/610MtSundanceBayW/University_of_London_Computer_Science_BSc/CM3070_Computer_Science_Final_Project/multimodal-mammography-xai/results/resnet50v2_finetuned/gradcam_roi_alignment/heatmaps/3bcea6d4-c7b5-4607-9e87-2be8c873f276.npy
5846e77d-dfdc-44e1-9173-76aa44716b0e,P_00471,BENIGN,0,1,0.8480379,0.8480377793312073,1.2066879273575637e-07,FP,calcification,calcification,3,0.00862884521484375,large,0,207,176,0.004495082249915404,0.05764864385128021,0.11112486571073532,0.5187735282723112,/Users/gibionmakiwa/MyDocuments/610MtSundanceBayW/University_of_London_Computer_Science_BSc/CM3070_Computer_Science_Final_Project/multimodal-mammography-xai/data/processed/cbis_ddsm/model_input/full_mammograms_v4/test/P_00471_LEFT_MLO_5846e77d.jpg,0.0016531832571227577,0.003909835162818018,0.004656649695765553,/Users/gibionmakiwa/MyDocuments/610MtSundanceBayW/University_of_London_Computer_Science_BSc/CM3070_Computer_Science_Final_Project/multimodal-mammography-xai/results/resnet50v2_finetuned/gradcam_roi_alignment/heatmaps/5846e77d-dfdc-44e1-9173-76aa44716b0e.npy
a1faf574-ea50-4095-98d1-85dffacfcab4,P_00484,MALIGNANT,1,0,0.18461502,0.1846151053905487,8.539054871525842e-08,FN,calcification,calcification,1,0.022464752197265625,large,0,175,47,0.000306243805351909,0.0006468240753747523,0.04852382466197014,0.013330028013669979,/Users/gibionmakiwa/MyDocuments/610MtSundanceBayW/University_of_London_Computer_Science_BSc/CM3070_Computer_Science_Final_Project/multimodal-mammography-xai/data/processed/cbis_ddsm/model_input/full_mammograms_v4/test/P_00484_LEFT_CC_a1faf574.jpg,0.0,0.0,0.0,/Users/gibionmakiwa/MyDocuments/610MtSundanceBayW/University_of_London_Computer_Science_BSc/CM3070_Computer_Science_Final_Project/multimodal-mammography-xai/results/resnet50v2_finetuned/gradcam_roi_alignment/heatmaps/a1faf574-ea50-4095-98d1-85dffacfcab4.npy
3a9ce543-a55a-4b3e-b04b-3b944e607b74,P_00484,MALIGNANT,1,0,0.28160706,0.281607061624527,1.6245269574000076e-09,FN,calcification,calcification,1,0.02674102783203125,large,0,335,47,0.0071348134219250845,0.024236245080828667,0.09266649186611176,0.26154267823604865,/Users/gibionmakiwa/MyDocuments/610MtSundanceBayW/University_of_London_Computer_Science_BSc/CM3070_Computer_Science_Final_Project/multimodal-mammography-xai/data/processed/cbis_ddsm/model_input/full_mammograms_v4/test/P_00484_LEFT_MLO_3a9ce543.jpg,0.0,0.009939851157100622,0.013189178958823738,/Users/gibionmakiwa/MyDocuments/610MtSundanceBayW/University_of_London_Computer_Science_BSc/CM3070_Computer_Science_Final_Project/multimodal-mammography-xai/results/resnet50v2_finetuned/gradcam_roi_alignment/heatmaps/3a9ce543-a55a-4b3e-b04b-3b944e607b74.npy
5ed360cf-44ca-48ba-95f2-96c97a365eb1,P_00486,BENIGN,0,0,0.3159402,0.3159400224685669,1.7753143310983432e-07,TN,calcification,calcification,1,0.039394378662109375,large,0,399,0,0.07490845287294666,0.04383021220564842,0.022198142483830452,1.9744982037390346,/Users/gibionmakiwa/MyDocuments/610MtSundanceBayW/University_of_London_Computer_Science_BSc/CM3070_Computer_Science_Final_Project/multimodal-mammography-xai/data/processed/cbis_ddsm/model_input/full_mammograms_v4/test/P_00486_RIGHT_CC_5ed360cf.jpg,0.10655365521416679,0.10429534216685143,0.08366524159267244,/Users/gibionmakiwa/MyDocuments/610MtSundanceBayW/University_of_London_Computer_Science_BSc/CM3070_Computer_Science_Final_Project/multimodal-mammography-xai/results/resnet50v2_finetuned/gradcam_roi_alignment/heatmaps/5ed360cf-44ca-48ba-95f2-96c97a365eb1.npy
b231d176-ad94-4337-a5f3-458faefe776c,P_00486,BENIGN,0,1,0.76775134,0.7677513957023621,5.5702362056209154e-08,FP,calcification,calcification,1,0.030414581298828125,large,0,400,79,7.78117564753145e-05,0.0001026670215651393,0.04138544574379921,0.002480751262006385,/Users/gibionmakiwa/MyDocuments/610MtSundanceBayW/University_of_London_Computer_Science_BSc/CM3070_Computer_Science_Final_Project/multimodal-mammography-xai/data/processed/cbis_ddsm/model_input/full_mammograms_v4/test/P_00486_RIGHT_MLO_b231d176.jpg,0.0,0.0,0.0,/Users/gibionmakiwa/MyDocuments/610MtSundanceBayW/University_of_London_Computer_Science_BSc/CM3070_Computer_Science_Final_Project/multimodal-mammography-xai/results/resnet50v2_finetuned/gradcam_roi_alignment/heatmaps/b231d176-ad94-4337-a5f3-458faefe776c.npy
3b4aca2f-db27-41a3-8032-36c082de547e,P_00491,BENIGN,0,0,0.38616678,0.386167049407959,2.6940795899710324e-07,TN,calcification,calcification,1,0.00250244140625,medium,0,143,111,4.664765095808002e-09,1.0282418827500805e-07,0.05529903620481491,1.8594206470428255e-06,/Users/gibionmakiwa/MyDocuments/610MtSundanceBayW/University_of_London_Computer_Science_BSc/CM3070_Computer_Science_Final_Project/multimodal-mammography-xai/data/processed/cbis_ddsm/model_input/full_mammograms_v4/test/P_00491_LEFT_MLO_3b4aca2f.jpg,0.0,0.0,0.0,/Users/gibionmakiwa/MyDocuments/610MtSundanceBayW/University_of_London_Computer_Science_BSc/CM3070_Computer_Science_Final_Project/multimodal-mammography-xai/results/resnet50v2_finetuned/gradcam_roi_alignment/heatmaps/3b4aca2f-db27-41a3-8032-36c082de547e.npy
11cc6dc6-aba5-483c-b97d-1eb69c752977,P_00503,BENIGN,0,0,0.33487514,0.3348751664161682,2.6416168197318513e-08,TN,calcification,calcification,1,0.002262115478515625,medium,0,144,496,0.0,0.0,0.09205751121044159,0.0,/Users/gibionmakiwa/MyDocuments/610MtSundanceBayW/University_of_London_Computer_Science_BSc/CM3070_Computer_Science_Final_Project/multimodal-mammography-xai/data/processed/cbis_ddsm/model_input/full_mammograms_v4/test/P_00503_RIGHT_CC_11cc6dc6.jpg,0.0,0.0,0.0,/Users/gibionmakiwa/MyDocuments/610MtSundanceBayW/University_of_London_Computer_Science_BSc/CM3070_Computer_Science_Final_Project/multimodal-mammography-xai/results/resnet50v2_finetuned/gradcam_roi_alignment/heatmaps/11cc6dc6-aba5-483c-b97d-1eb69c752977.npy
4e359560-c8a9-43c5-a34b-7d62e08d1ec3,P_00503,BENIGN,0,1,0.8213129,0.8213129043579102,4.357910143859556e-09,FP,calcification,calcification,1,0.0018768310546875,medium,0,399,112,0.0,0.0,0.05350751802325249,0.0,/Users/gibionmakiwa/MyDocuments/610MtSundanceBayW/University_of_London_Computer_Science_BSc/CM3070_Computer_Science_Final_Project/multimodal-mammography-xai/data/processed/cbis_ddsm/model_input/full_mammograms_v4/test/P_00503_RIGHT_MLO_4e359560.jpg,0.0,0.0,0.0,/Users/gibionmakiwa/MyDocuments/610MtSundanceBayW/University_of_London_Computer_Science_BSc/CM3070_Computer_Science_Final_Project/multimodal-mammography-xai/results/resnet50v2_finetuned/gradcam_roi_alignment/heatmaps/4e359560-c8a9-43c5-a34b-7d62e08d1ec3.npy
2a96024c-42f9-4913-b040-80c62d6d0db7,P_00510,BENIGN,0,0,0.17588985,0.17588987946510315,2.946510316292894e-08,TN,calcification,calcification,4,0.00363922119140625,medium,0,368,143,0.004255642723087997,0.06615439802408218,0.05653706565499306,1.170106470093661,/Users/gibionmakiwa/MyDocuments/610MtSundanceBayW/University_of_London_Computer_Science_BSc/CM3070_Computer_Science_Final_Project/multimodal-mammography-xai/data/processed/cbis_ddsm/model_input/full_mammograms_v4/test/P_00510_LEFT_CC_2a96024c.jpg,0.005849468734959831,0.008634697502172845,0.007008843287830674,/Users/gibionmakiwa/MyDocuments/610MtSundanceBayW/University_of_London_Computer_Science_BSc/CM3070_Computer_Science_Final_Project/multimodal-mammography-xai/results/resnet50v2_finetuned/gradcam_roi_alignment/heatmaps/2a96024c-42f9-4913-b040-80c62d6d0db7.npy
b71531c4-d0d8-4a55-9f94-64fb634690aa,P_00510,BENIGN,0,0,0.14784397,0.14784400165081024,3.1650810250472006e-08,TN,calcification,calcification,2,0.00157928466796875,medium,0,240,335,1.2547256939760306e-07,5.718902230000822e-06,0.07209592312574387,7.932350663977645e-05,/Users/gibionmakiwa/MyDocuments/610MtSundanceBayW/University_of_London_Computer_Science_BSc/CM3070_Computer_Science_Final_Project/multimodal-mammography-xai/data/processed/cbis_ddsm/model_input/full_mammograms_v4/test/P_00510_LEFT_MLO_b71531c4.jpg,0.0,0.0,0.0,/Users/gibionmakiwa/MyDocuments/610MtSundanceBayW/University_of_London_Computer_Science_BSc/CM3070_Computer_Science_Final_Project/multimodal-mammography-xai/results/resnet50v2_finetuned/gradcam_roi_alignment/heatmaps/b71531c4-d0d8-4a55-9f94-64fb634690aa.npy
2c9ccb77-87cd-4120-8c0a-60591ddc6faa,P_00510,BENIGN,0,0,0.21274887,0.21274881064891815,5.935108185473048e-08,TN,calcification,calcification,3,0.0054779052734375,large,0,431,111,1.9517726209833933e-05,0.00023029287694953382,0.06498944759368896,0.0035435420678429736,/Users/gibionmakiwa/MyDocuments/610MtSundanceBayW/University_of_London_Computer_Science_BSc/CM3070_Computer_Science_Final_Project/multimodal-mammography-xai/data/processed/cbis_ddsm/model_input/full_mammograms_v4/test/P_00510_RIGHT_CC_2c9ccb77.jpg,0.0,0.0,0.0,/Users/gibionmakiwa/MyDocuments/610MtSundanceBayW/University_of_London_Computer_Science_BSc/CM3070_Computer_Science_Final_Project/multimodal-mammography-xai/results/resnet50v2_finetuned/gradcam_roi_alignment/heatmaps/2c9ccb77-87cd-4120-8c0a-60591ddc6faa.npy
69b7e3f4-221d-4ef5-a508-ea85b7667bc0,P_00510,BENIGN,0,0,0.033870444,0.033870454877614975,1.0877614975424166e-08,TN,calcification,calcification,3,0.005615234375,large,0,335,496,0.0009491575553656319,0.006510019768029451,0.038694117218256,0.16824309620189612,/Users/gibionmakiwa/MyDocuments/610MtSundanceBayW/University_of_London_Computer_Science_BSc/CM3070_Computer_Science_Final_Project/multimodal-mammography-xai/data/processed/cbis_ddsm/model_input/full_mammograms_v4/test/P_00510_RIGHT_MLO_69b7e3f4.jpg,0.0005420641803989592,0.0015980674533122735,0.0016252844247743356,/Users/gibionmakiwa/MyDocuments/610MtSundanceBayW/University_of_London_Computer_Science_BSc/CM3070_Computer_Science_Final_Project/multimodal-mammography-xai/results/resnet50v2_finetuned/gradcam_roi_alignment/heatmaps/69b7e3f4-221d-4ef5-a508-ea85b7667bc0.npy
3eac41cc-a2c8-439c-922c-8183ede7a369,P_00534,MALIGNANT,1,1,0.7383969,0.7383973002433777,4.0024337766286777e-07,TP,calcification,calcification,1,0.0282745361328125,large,1,207,304,0.18962309907773262,0.4825485050678253,0.060005176812410355,8.041779897734173,/Users/gibionmakiwa/MyDocuments/610MtSundanceBayW/University_of_London_Computer_Science_BSc/CM3070_Computer_Science_Final_Project/multimodal-mammography-xai/data/processed/cbis_ddsm/model_input/full_mammograms_v4/test/P_00534_RIGHT_CC_3eac41cc.jpg,0.22400174716994867,0.1267157462672516,0.08861480075901328,/Users/gibionmakiwa/MyDocuments/610MtSundanceBayW/University_of_London_Computer_Science_BSc/CM3070_Computer_Science_Final_Project/multimodal-mammography-xai/results/resnet50v2_finetuned/gradcam_roi_alignment/heatmaps/3eac41cc-a2c8-439c-922c-8183ede7a369.npy
c1a0738b-0b37-45aa-8a89-a5a45e19ed13,P_00534,MALIGNANT,1,1,0.91683173,0.9168316125869751,1.1741302485823724e-07,TP,calcification,calcification,1,0.027118682861328125,large,0,207,336,0.1599149808880536,0.2601349353790283,0.038092684000730515,6.828998111134897,/Users/gibionmakiwa/MyDocuments/610MtSundanceBayW/University_of_London_Computer_Science_BSc/CM3070_Computer_Science_Final_Project/multimodal-mammography-xai/data/processed/cbis_ddsm/model_input/full_mammograms_v4/test/P_00534_RIGHT_MLO_c1a0738b.jpg,0.1920188800686548,0.11814750126767705,0.0818803461936363,/Users/gibionmakiwa/MyDocuments/610MtSundanceBayW/University_of_London_Computer_Science_BSc/CM3070_Computer_Science_Final_Project/multimodal-mammography-xai/results/resnet50v2_finetuned/gradcam_roi_alignment/heatmaps/c1a0738b-0b37-45aa-8a89-a5a45e19ed13.npy
b8c884cb-0c6f-4d72-89fe-2b7ed08868d6,P_00538,BENIGN,0,1,0.56629115,0.566291093826294,5.617370602006844e-08,FP,calcification,calcification,2,0.0003509521484375,small,0,367,144,0.0,0.0,0.03811269998550415,0.0,/Users/gibionmakiwa/MyDocuments/610MtSundanceBayW/University_of_London_Computer_Science_BSc/CM3070_Computer_Science_Final_Project/multimodal-mammography-xai/data/processed/cbis_ddsm/model_input/full_mammograms_v4/test/P_00538_RIGHT_CC_b8c884cb.jpg,0.0,0.0,0.0,/Users/gibionmakiwa/MyDocuments/610MtSundanceBayW/University_of_London_Computer_Science_BSc/CM3070_Computer_Science_Final_Project/multimodal-mammography-xai/results/resnet50v2_finetuned/gradcam_roi_alignment/heatmaps/b8c884cb-0c6f-4d72-89fe-2b7ed08868d6.npy
8aab97f4-9ca9-4123-a882-892fe8959bf5,P_00538,BENIGN,0,1,0.5167336,0.5167333483695984,2.51630401626457e-07,FP,calcification,calcification,2,0.000606536865234375,small,0,368,80,2.83327246227442e-05,0.002757054753601551,0.05905619636178017,0.046685266857673643,/Users/gibionmakiwa/MyDocuments/610MtSundanceBayW/University_of_London_Computer_Science_BSc/CM3070_Computer_Science_Final_Project/multimodal-mammography-xai/data/processed/cbis_ddsm/model_input/full_mammograms_v4/test/P_00538_RIGHT_MLO_8aab97f4.jpg,0.0,0.0,0.0,/Users/gibionmakiwa/MyDocuments/610MtSundanceBayW/University_of_London_Computer_Science_BSc/CM3070_Computer_Science_Final_Project/multimodal-mammography-xai/results/resnet50v2_finetuned/gradcam_roi_alignment/heatmaps/8aab97f4-9ca9-4123-a882-892fe8959bf5.npy
eb46d48b-9fa3-46b0-bd1c-345bf45da435,P_00546,MALIGNANT,1,0,0.43649867,0.4364984631538391,2.06846160866192e-07,FN,calcification,calcification,1,0.01174163818359375,large,0,367,112,8.18786750830254e-05,0.0005722048226743937,0.08302395045757294,0.006892044411285377,/Users/gibionmakiwa/MyDocuments/610MtSundanceBayW/University_of_London_Computer_Science_BSc/CM3070_Computer_Science_Final_Project/multimodal-mammography-xai/data/processed/cbis_ddsm/model_input/full_mammograms_v4/test/P_00546_RIGHT_MLO_eb46d48b.jpg,0.0,0.0,0.0,/Users/gibionmakiwa/MyDocuments/610MtSundanceBayW/University_of_London_Computer_Science_BSc/CM3070_Computer_Science_Final_Project/multimodal-mammography-xai/results/resnet50v2_finetuned/gradcam_roi_alignment/heatmaps/eb46d48b-9fa3-46b0-bd1c-345bf45da435.npy
6346db0d-788e-4eb2-8a25-9583c52a6745,P_00635,BENIGN,0,0,0.110020585,0.11002056300640106,2.1993598942060544e-08,TN,calcification,calcification,1,0.000278472900390625,small,0,240,464,5.118654457300284e-05,0.007846430875360966,0.04269704967737198,0.18376981774975276,/Users/gibionmakiwa/MyDocuments/610MtSundanceBayW/University_of_London_Computer_Science_BSc/CM3070_Computer_Science_Final_Project/multimodal-mammography-xai/data/processed/cbis_ddsm/model_input/full_mammograms_v4/test/P_00635_LEFT_CC_6346db0d.jpg,0.0,0.0,0.0007373693712019121,/Users/gibionmakiwa/MyDocuments/610MtSundanceBayW/University_of_London_Computer_Science_BSc/CM3070_Computer_Science_Final_Project/multimodal-mammography-xai/results/resnet50v2_finetuned/gradcam_roi_alignment/heatmaps/6346db0d-788e-4eb2-8a25-9583c52a6745.npy
a1a73296-63f8-4cb3-a1fe-3683a9555294,P_00635,BENIGN,0,0,0.27525914,0.2752588987350464,2.412649536265299e-07,TN,calcification,calcification,1,0.0008087158203125,small,0,367,496,0.003027342418816271,0.3028164505958557,0.0807139202952385,3.7517247578974553,/Users/gibionmakiwa/MyDocuments/610MtSundanceBayW/University_of_London_Computer_Science_BSc/CM3070_Computer_Science_Final_Project/multimodal-mammography-xai/data/processed/cbis_ddsm/model_input/full_mammograms_v4/test/P_00635_LEFT_MLO_a1a73296.jpg,0.005019965772960639,0.0040435636765912,0.0026957262566280533,/Users/gibionmakiwa/MyDocuments/610MtSundanceBayW/University_of_London_Computer_Science_BSc/CM3070_Computer_Science_Final_Project/multimodal-mammography-xai/results/resnet50v2_finetuned/gradcam_roi_alignment/heatmaps/a1a73296-63f8-4cb3-a1fe-3683a9555294.npy
b5fa3bde-c577-4415-9e6d-3f8400963b06,P_00635,BENIGN,0,0,0.21295841,0.21295851469039917,1.0469039918303835e-07,TN,calcification,calcification,2,0.001354217529296875,small,0,144,0,0.0028495157415392275,0.09718747437000275,0.04611867666244507,2.107333955135013,/Users/gibionmakiwa/MyDocuments/610MtSundanceBayW/University_of_London_Computer_Science_BSc/CM3070_Computer_Science_Final_Project/multimodal-mammography-xai/data/processed/cbis_ddsm/model_input/full_mammograms_v4/test/P_00635_RIGHT_CC_b5fa3bde.jpg,0.005829800121138704,0.003154274421874703,0.0021053432597308713,/Users/gibionmakiwa/MyDocuments/610MtSundanceBayW/University_of_London_Computer_Science_BSc/CM3070_Computer_Science_Final_Project/multimodal-mammography-xai/results/resnet50v2_finetuned/gradcam_roi_alignment/heatmaps/b5fa3bde-c577-4415-9e6d-3f8400963b06.npy
e743dde7-55a0-4263-a901-0b3f9bf2b3e3,P_00635,BENIGN,0,0,0.3210193,0.32101917266845703,1.2733154297617233e-07,TN,calcification,calcification,2,0.0024261474609375,medium,0,271,143,0.0,0.0,0.07699999213218689,0.0,/Users/gibionmakiwa/MyDocuments/610MtSundanceBayW/University_of_London_Computer_Science_BSc/CM3070_Computer_Science_Final_Project/multimodal-mammography-xai/data/processed/cbis_ddsm/model_input/full_mammograms_v4/test/P_00635_RIGHT_MLO_e743dde7.jpg,0.0,0.0,0.0,/Users/gibionmakiwa/MyDocuments/610MtSundanceBayW/University_of_London_Computer_Science_BSc/CM3070_Computer_Science_Final_Project/multimodal-mammography-xai/results/resnet50v2_finetuned/gradcam_roi_alignment/heatmaps/e743dde7-55a0-4263-a901-0b3f9bf2b3e3.npy
7e7e6bcb-eb27-4db9-873e-7cf0b4218780,P_00680,BENIGN,0,0,0.11421764,0.11421763896942139,1.0305786085629265e-09,TN,calcification,calcification,1,0.05682373046875,large,1,175,335,0.3494639392508393,0.16175006330013275,0.01814054325222969,8.916490089972957,/Users/gibionmakiwa/MyDocuments/610MtSundanceBayW/University_of_London_Computer_Science_BSc/CM3070_Computer_Science_Final_Project/multimodal-mammography-xai/data/processed/cbis_ddsm/model_input/full_mammograms_v4/test/P_00680_LEFT_CC_7e7e6bcb.jpg,0.15691571689883213,0.10493837291362361,0.08181155816669944,/Users/gibionmakiwa/MyDocuments/610MtSundanceBayW/University_of_London_Computer_Science_BSc/CM3070_Computer_Science_Final_Project/multimodal-mammography-xai/results/resnet50v2_finetuned/gradcam_roi_alignment/heatmaps/7e7e6bcb-eb27-4db9-873e-7cf0b4218780.npy
e4b248c9-a34e-4683-b1e4-c5351b5ffa30,P_00680,BENIGN,0,0,0.08240829,0.08240821957588196,7.042411803714899e-08,TN,calcification,calcification,1,0.08068084716796875,large,0,272,176,0.04765305971911412,0.012751921080052853,0.022365789860486984,0.5701526956154742,/Users/gibionmakiwa/MyDocuments/610MtSundanceBayW/University_of_London_Computer_Science_BSc/CM3070_Computer_Science_Final_Project/multimodal-mammography-xai/data/processed/cbis_ddsm/model_input/full_mammograms_v4/test/P_00680_LEFT_MLO_e4b248c9.jpg,0.05609935561550982,0.09324992942365125,0.08068084716796875,/Users/gibionmakiwa/MyDocuments/610MtSundanceBayW/University_of_London_Computer_Science_BSc/CM3070_Computer_Science_Final_Project/multimodal-mammography-xai/results/resnet50v2_finetuned/gradcam_roi_alignment/heatmaps/e4b248c9-a34e-4683-b1e4-c5351b5ffa30.npy
967bc58a-0520-4ff2-98be-27fa68b72db4,P_00680,BENIGN,0,1,0.6248888,0.6248884797096252,3.2029037477787625e-07,FP,calcification,calcification,1,0.0615081787109375,large,0,239,176,0.2346244089744573,0.1671430617570877,0.035734862089157104,4.6773096414077635,/Users/gibionmakiwa/MyDocuments/610MtSundanceBayW/University_of_London_Computer_Science_BSc/CM3070_Computer_Science_Final_Project/multimodal-mammography-xai/data/processed/cbis_ddsm/model_input/full_mammograms_v4/test/P_00680_RIGHT_CC_967bc58a.jpg,0.2338336004662684,0.2013632142419092,0.1509230021860578,/Users/gibionmakiwa/MyDocuments/610MtSundanceBayW/University_of_London_Computer_Science_BSc/CM3070_Computer_Science_Final_Project/multimodal-mammography-xai/results/resnet50v2_finetuned/gradcam_roi_alignment/heatmaps/967bc58a-0520-4ff2-98be-27fa68b72db4.npy
c65664a6-8712-471d-b1c4-e12455f03c77,P_00680,BENIGN,0,1,0.5612675,0.5612671971321106,3.02867889434566e-07,FP,calcification,calcification,1,0.048126220703125,large,0,240,240,0.2017069475018342,0.24628227949142456,0.049280717968940735,4.9975373668717795,/Users/gibionmakiwa/MyDocuments/610MtSundanceBayW/University_of_London_Computer_Science_BSc/CM3070_Computer_Science_Final_Project/multimodal-mammography-xai/data/processed/cbis_ddsm/model_input/full_mammograms_v4/test/P_00680_RIGHT_MLO_c65664a6.jpg,0.22037147616204156,0.17181307198962312,0.12865287344949977,/Users/gibionmakiwa/MyDocuments/610MtSundanceBayW/University_of_London_Computer_Science_BSc/CM3070_Computer_Science_Final_Project/multimodal-mammography-xai/results/resnet50v2_finetuned/gradcam_roi_alignment/heatmaps/c65664a6-8712-471d-b1c4-e12455f03c77.npy
7d56d0aa-1ca2-42e3-8294-4a7c7df0bf12,P_00693,MALIGNANT,1,1,0.771555,0.771554708480835,2.915191650298965e-07,TP,calcification,calcification,1,0.10896682739257812,large,1,208,143,0.36965517560198397,0.25150007009506226,0.052446916699409485,4.795325215841369,/Users/gibionmakiwa/MyDocuments/610MtSundanceBayW/University_of_London_Computer_Science_BSc/CM3070_Computer_Science_Final_Project/multimodal-mammography-xai/data/processed/cbis_ddsm/model_input/full_mammograms_v4/test/P_00693_LEFT_CC_7d56d0aa.jpg,0.408552107171325,0.2924093251847006,0.2194922194922195,/Users/gibionmakiwa/MyDocuments/610MtSundanceBayW/University_of_London_Computer_Science_BSc/CM3070_Computer_Science_Final_Project/multimodal-mammography-xai/results/resnet50v2_finetuned/gradcam_roi_alignment/heatmaps/7d56d0aa-1ca2-42e3-8294-4a7c7df0bf12.npy
2a1de420-9169-4574-926c-109eb7b2d5d1,P_00693,MALIGNANT,1,1,0.5802405,0.5802403688430786,1.3115692143461644e-07,TP,calcification,calcification,1,0.07790756225585938,large,0,240,47,0.002931244343137963,0.0019928826950490475,0.05727432668209076,0.034795386738581055,/Users/gibionmakiwa/MyDocuments/610MtSundanceBayW/University_of_London_Computer_Science_BSc/CM3070_Computer_Science_Final_Project/multimodal-mammography-xai/data/processed/cbis_ddsm/model_input/full_mammograms_v4/test/P_00693_LEFT_MLO_2a1de420.jpg,0.0,0.0,0.00017163048965169106,/Users/gibionmakiwa/MyDocuments/610MtSundanceBayW/University_of_London_Computer_Science_BSc/CM3070_Computer_Science_Final_Project/multimodal-mammography-xai/results/resnet50v2_finetuned/gradcam_roi_alignment/heatmaps/2a1de420-9169-4574-926c-109eb7b2d5d1.npy
97763bcb-f3da-4b36-ba0b-270495cc0a41,P_00792,BENIGN,0,1,0.57524484,0.5752448439598083,3.9598083700909115e-09,FP,calcification,calcification,1,0.002918243408203125,medium,0,399,48,0.0001302183195489245,0.001239508856087923,0.02785554900765419,0.04449771967409913,/Users/gibionmakiwa/MyDocuments/610MtSundanceBayW/University_of_London_Computer_Science_BSc/CM3070_Computer_Science_Final_Project/multimodal-mammography-xai/data/processed/cbis_ddsm/model_input/full_mammograms_v4/test/P_00792_LEFT_CC_97763bcb.jpg,0.0,0.0,0.0,/Users/gibionmakiwa/MyDocuments/610MtSundanceBayW/University_of_London_Computer_Science_BSc/CM3070_Computer_Science_Final_Project/multimodal-mammography-xai/results/resnet50v2_finetuned/gradcam_roi_alignment/heatmaps/97763bcb-f3da-4b36-ba0b-270495cc0a41.npy
f436b4e1-d1c5-4abc-bb1c-e4472028ca0b,P_00792,BENIGN,0,0,0.3754092,0.3754088282585144,3.71741485594157e-07,TN,calcification,calcification,1,0.004238128662109375,medium,0,399,79,0.0,0.0,0.02834276109933853,0.0,/Users/gibionmakiwa/MyDocuments/610MtSundanceBayW/University_of_London_Computer_Science_BSc/CM3070_Computer_Science_Final_Project/multimodal-mammography-xai/data/processed/cbis_ddsm/model_input/full_mammograms_v4/test/P_00792_LEFT_MLO_f436b4e1.jpg,0.0,0.0,0.0,/Users/gibionmakiwa/MyDocuments/610MtSundanceBayW/University_of_London_Computer_Science_BSc/CM3070_Computer_Science_Final_Project/multimodal-mammography-xai/results/resnet50v2_finetuned/gradcam_roi_alignment/heatmaps/f436b4e1-d1c5-4abc-bb1c-e4472028ca0b.npy
722b3ce1-2587-465b-bb1e-5440ca2366d5,P_00855,MALIGNANT,1,1,0.58039016,0.5803898572921753,3.027078246953252e-07,TP,calcification,calcification,1,0.00167083740234375,medium,0,175,47,0.003427481812379764,0.1176171824336052,0.057235442101955414,2.0549707936977555,/Users/gibionmakiwa/MyDocuments/610MtSundanceBayW/University_of_London_Computer_Science_BSc/CM3070_Computer_Science_Final_Project/multimodal-mammography-xai/data/processed/cbis_ddsm/model_input/full_mammograms_v4/test/P_00855_RIGHT_CC_722b3ce1.jpg,0.0046741301971427495,0.0083344458642458,0.005569472171712676,/Users/gibionmakiwa/MyDocuments/610MtSundanceBayW/University_of_London_Computer_Science_BSc/CM3070_Computer_Science_Final_Project/multimodal-mammography-xai/results/resnet50v2_finetuned/gradcam_roi_alignment/heatmaps/722b3ce1-2587-465b-bb1e-5440ca2366d5.npy
49724a88-c5a1-46a6-a060-abbc4891b61d,P_00862,MALIGNANT,1,0,0.4704176,0.4704180061817169,4.0618171692763383e-07,FN,calcification,calcification,1,0.00058746337890625,small,0,175,47,0.0,0.0,0.08604744076728821,0.0,/Users/gibionmakiwa/MyDocuments/610MtSundanceBayW/University_of_London_Computer_Science_BSc/CM3070_Computer_Science_Final_Project/multimodal-mammography-xai/data/processed/cbis_ddsm/model_input/full_mammograms_v4/test/P_00862_LEFT_CC_49724a88.jpg,0.0,0.0,0.0,/Users/gibionmakiwa/MyDocuments/610MtSundanceBayW/University_of_London_Computer_Science_BSc/CM3070_Computer_Science_Final_Project/multimodal-mammography-xai/results/resnet50v2_finetuned/gradcam_roi_alignment/heatmaps/49724a88-c5a1-46a6-a060-abbc4891b61d.npy
cacc8818-8f75-42ea-bb46-86bf3a0eef79,P_00862,MALIGNANT,1,0,0.2928294,0.2928295135498047,1.1354980467004339e-07,FN,calcification,calcification,1,0.000354766845703125,small,0,175,80,1.7289733118725205e-05,0.004208858124911785,0.0863904356956482,0.048719023163041754,/Users/gibionmakiwa/MyDocuments/610MtSundanceBayW/University_of_London_Computer_Science_BSc/CM3070_Computer_Science_Final_Project/multimodal-mammography-xai/data/processed/cbis_ddsm/model_input/full_mammograms_v4/test/P_00862_LEFT_MLO_cacc8818.jpg,0.0,0.0,0.0,/Users/gibionmakiwa/MyDocuments/610MtSundanceBayW/University_of_London_Computer_Science_BSc/CM3070_Computer_Science_Final_Project/multimodal-mammography-xai/results/resnet50v2_finetuned/gradcam_roi_alignment/heatmaps/cacc8818-8f75-42ea-bb46-86bf3a0eef79.npy
5a47c47e-6f72-4af3-8e9c-38016ee4d440,P_00880,MALIGNANT,1,0,0.4680449,0.46804481744766235,8.255233763243552e-08,FN,calcification,calcification,1,0.00066375732421875,small,0,176,47,0.0,0.0,0.08332900702953339,0.0,/Users/gibionmakiwa/MyDocuments/610MtSundanceBayW/University_of_London_Computer_Science_BSc/CM3070_Computer_Science_Final_Project/multimodal-mammography-xai/data/processed/cbis_ddsm/model_input/full_mammograms_v4/test/P_00880_RIGHT_CC_5a47c47e.jpg,0.0,0.0,0.0,/Users/gibionmakiwa/MyDocuments/610MtSundanceBayW/University_of_London_Computer_Science_BSc/CM3070_Computer_Science_Final_Project/multimodal-mammography-xai/results/resnet50v2_finetuned/gradcam_roi_alignment/heatmaps/5a47c47e-6f72-4af3-8e9c-38016ee4d440.npy
7e312056-cc11-473d-bb54-31ea918c5ac4,P_00912,BENIGN,0,1,0.70948243,0.7094824910163879,6.101638794220321e-08,FP,calcification,calcification,1,0.000762939453125,small,0,143,175,0.0003744609548259506,0.03169059008359909,0.06459259241819382,0.49062259294684796,/Users/gibionmakiwa/MyDocuments/610MtSundanceBayW/University_of_London_Computer_Science_BSc/CM3070_Computer_Science_Final_Project/multimodal-mammography-xai/data/processed/cbis_ddsm/model_input/full_mammograms_v4/test/P_00912_LEFT_CC_7e312056.jpg,0.0,0.00032312020071466584,0.001613394989582804,/Users/gibionmakiwa/MyDocuments/610MtSundanceBayW/University_of_London_Computer_Science_BSc/CM3070_Computer_Science_Final_Project/multimodal-mammography-xai/results/resnet50v2_finetuned/gradcam_roi_alignment/heatmaps/7e312056-cc11-473d-bb54-31ea918c5ac4.npy
8a7c94ef-b0d8-4f42-93c2-a319381b8d3a,P_00912,BENIGN,0,0,0.33127856,0.33127808570861816,4.7429138183563424e-07,TN,calcification,calcification,1,0.00067138671875,small,0,367,400,0.0,0.0,0.06124645099043846,0.0,/Users/gibionmakiwa/MyDocuments/610MtSundanceBayW/University_of_London_Computer_Science_BSc/CM3070_Computer_Science_Final_Project/multimodal-mammography-xai/data/processed/cbis_ddsm/model_input/full_mammograms_v4/test/P_00912_LEFT_MLO_8a7c94ef.jpg,0.0,0.0,0.0,/Users/gibionmakiwa/MyDocuments/610MtSundanceBayW/University_of_London_Computer_Science_BSc/CM3070_Computer_Science_Final_Project/multimodal-mammography-xai/results/resnet50v2_finetuned/gradcam_roi_alignment/heatmaps/8a7c94ef-b0d8-4f42-93c2-a319381b8d3a.npy
26cd2a8a-f712-46cc-a473-80df457f350f,P_00926,BENIGN,0,0,0.19561778,0.1956178992986679,1.1929866791660082e-07,TN,calcification,calcification,1,0.00223541259765625,medium,0,176,176,7.244057324923304e-05,0.0009333245106972754,0.028863489627838135,0.03233580552363466,/Users/gibionmakiwa/MyDocuments/610MtSundanceBayW/University_of_London_Computer_Science_BSc/CM3070_Computer_Science_Final_Project/multimodal-mammography-xai/data/processed/cbis_ddsm/model_input/full_mammograms_v4/test/P_00926_LEFT_CC_26cd2a8a.jpg,0.0,0.0,0.0004672071116498725,/Users/gibionmakiwa/MyDocuments/610MtSundanceBayW/University_of_London_Computer_Science_BSc/CM3070_Computer_Science_Final_Project/multimodal-mammography-xai/results/resnet50v2_finetuned/gradcam_roi_alignment/heatmaps/26cd2a8a-f712-46cc-a473-80df457f350f.npy
14067339-c113-4066-aaf4-944b9c4ef100,P_00926,BENIGN,0,0,0.18192093,0.18192097544670105,4.544670104134063e-08,TN,calcification,calcification,1,0.003002166748046875,medium,0,208,47,0.00025898364610123356,0.002484915778040886,0.028884664177894592,0.08602886647558548,/Users/gibionmakiwa/MyDocuments/610MtSundanceBayW/University_of_London_Computer_Science_BSc/CM3070_Computer_Science_Final_Project/multimodal-mammography-xai/data/processed/cbis_ddsm/model_input/full_mammograms_v4/test/P_00926_LEFT_MLO_14067339.jpg,0.0,0.0,0.004501998077798573,/Users/gibionmakiwa/MyDocuments/610MtSundanceBayW/University_of_London_Computer_Science_BSc/CM3070_Computer_Science_Final_Project/multimodal-mammography-xai/results/resnet50v2_finetuned/gradcam_roi_alignment/heatmaps/14067339-c113-4066-aaf4-944b9c4ef100.npy
bbef24ec-eae0-428a-89f2-1f93fc591c6b,P_00933,MALIGNANT,1,1,0.7086514,0.7086509466171265,4.533828735775458e-07,TP,calcification,calcification,1,0.001033782958984375,small,0,303,271,0.0016189739184827188,0.15886639058589935,0.10138343274593353,1.566985557829377,/Users/gibionmakiwa/MyDocuments/610MtSundanceBayW/University_of_London_Computer_Science_BSc/CM3070_Computer_Science_Final_Project/multimodal-mammography-xai/data/processed/cbis_ddsm/model_input/full_mammograms_v4/test/P_00933_LEFT_CC_bbef24ec.jpg,0.0016261392428998222,0.002110707562417996,0.0020570906135717187,/Users/gibionmakiwa/MyDocuments/610MtSundanceBayW/University_of_London_Computer_Science_BSc/CM3070_Computer_Science_Final_Project/multimodal-mammography-xai/results/resnet50v2_finetuned/gradcam_roi_alignment/heatmaps/bbef24ec-eae0-428a-89f2-1f93fc591c6b.npy
a088674c-0788-4468-96c8-97b9c1fe4aef,P_00933,MALIGNANT,1,1,0.53461546,0.5346150994300842,3.6056991581379094e-07,TP,calcification,calcification,1,0.00128173828125,small,0,144,464,0.0,0.0,0.120289646089077,0.0,/Users/gibionmakiwa/MyDocuments/610MtSundanceBayW/University_of_London_Computer_Science_BSc/CM3070_Computer_Science_Final_Project/multimodal-mammography-xai/data/processed/cbis_ddsm/model_input/full_mammograms_v4/test/P_00933_LEFT_MLO_a088674c.jpg,0.0,0.0,0.0,/Users/gibionmakiwa/MyDocuments/610MtSundanceBayW/University_of_London_Computer_Science_BSc/CM3070_Computer_Science_Final_Project/multimodal-mammography-xai/results/resnet50v2_finetuned/gradcam_roi_alignment/heatmaps/a088674c-0788-4468-96c8-97b9c1fe4aef.npy
91b5907b-a0a3-48c6-a088-249c096856d2,P_00953,BENIGN,0,0,0.06900883,0.06900881975889206,1.024110793390598e-08,TN,calcification,calcification,1,0.003940582275390625,medium,0,111,496,0.0,0.0,0.04167794808745384,0.0,/Users/gibionmakiwa/MyDocuments/610MtSundanceBayW/University_of_London_Computer_Science_BSc/CM3070_Computer_Science_Final_Project/multimodal-mammography-xai/data/processed/cbis_ddsm/model_input/full_mammograms_v4/test/P_00953_LEFT_CC_91b5907b.jpg,0.0,0.0,0.0,/Users/gibionmakiwa/MyDocuments/610MtSundanceBayW/University_of_London_Computer_Science_BSc/CM3070_Computer_Science_Final_Project/multimodal-mammography-xai/results/resnet50v2_finetuned/gradcam_roi_alignment/heatmaps/91b5907b-a0a3-48c6-a088-249c096856d2.npy
9eddf69f-9dd7-4137-acd5-a3c282b43544,P_00953,BENIGN,0,0,0.14233728,0.14233724772930145,3.227069855782361e-08,TN,calcification,calcification,1,0.004032135009765625,medium,0,271,79,0.007181598435394121,0.10850855708122253,0.060729868710041046,1.7867408825119517,/Users/gibionmakiwa/MyDocuments/610MtSundanceBayW/University_of_London_Computer_Science_BSc/CM3070_Computer_Science_Final_Project/multimodal-mammography-xai/data/processed/cbis_ddsm/model_input/full_mammograms_v4/test/P_00953_LEFT_MLO_9eddf69f.jpg,0.011797877865993915,0.013875725063502294,0.010190630703711215,/Users/gibionmakiwa/MyDocuments/610MtSundanceBayW/University_of_London_Computer_Science_BSc/CM3070_Computer_Science_Final_Project/multimodal-mammography-xai/results/resnet50v2_finetuned/gradcam_roi_alignment/heatmaps/9eddf69f-9dd7-4137-acd5-a3c282b43544.npy
c0460e2f-d9ae-4df4-aeb6-1da1528d7076,P_00967,MALIGNANT,1,0,0.49264285,0.49264276027679443,8.972320558742197e-08,FN,calcification,calcification,1,0.01110076904296875,large,1,176,239,0.10756209069680207,0.4894234538078308,0.04558318853378296,10.736926533251186,/Users/gibionmakiwa/MyDocuments/610MtSundanceBayW/University_of_London_Computer_Science_BSc/CM3070_Computer_Science_Final_Project/multimodal-mammography-xai/data/processed/cbis_ddsm/model_input/full_mammograms_v4/test/P_00967_RIGHT_CC_c0460e2f.jpg,0.10263496630574695,0.05508102955195424,0.03700265757918696,/Users/gibionmakiwa/MyDocuments/610MtSundanceBayW/University_of_London_Computer_Science_BSc/CM3070_Computer_Science_Final_Project/multimodal-mammography-xai/results/resnet50v2_finetuned/gradcam_roi_alignment/heatmaps/c0460e2f-d9ae-4df4-aeb6-1da1528d7076.npy
409e6bdc-dbb0-4e60-a0bb-96d133b455c8,P_00967,MALIGNANT,1,1,0.5015022,0.501502513885498,3.138854980377914e-07,TP,calcification,calcification,1,0.01497650146484375,large,0,239,80,0.06697203351292703,0.23009280860424042,0.0487380214035511,4.721011538177876,/Users/gibionmakiwa/MyDocuments/610MtSundanceBayW/University_of_London_Computer_Science_BSc/CM3070_Computer_Science_Final_Project/multimodal-mammography-xai/data/processed/cbis_ddsm/model_input/full_mammograms_v4/test/P_00967_RIGHT_MLO_409e6bdc.jpg,0.08800490921560841,0.06320158475615507,0.04577290861883351,/Users/gibionmakiwa/MyDocuments/610MtSundanceBayW/University_of_London_Computer_Science_BSc/CM3070_Computer_Science_Final_Project/multimodal-mammography-xai/results/resnet50v2_finetuned/gradcam_roi_alignment/heatmaps/409e6bdc-dbb0-4e60-a0bb-96d133b455c8.npy
439208f4-216a-4ffe-9eb9-61ed7e4e87c8,P_00993,MALIGNANT,1,1,0.9432852,0.9432851672172546,3.2782745407189395e-08,TP,calcification,calcification,1,0.00060272216796875,small,0,399,80,0.00016185114765369303,0.026420414447784424,0.09843115508556366,0.26841513482866775,/Users/gibionmakiwa/MyDocuments/610MtSundanceBayW/University_of_London_Computer_Science_BSc/CM3070_Computer_Science_Final_Project/multimodal-mammography-xai/data/processed/cbis_ddsm/model_input/full_mammograms_v4/test/P_00993_RIGHT_CC_439208f4.jpg,0.0,0.0,0.0,/Users/gibionmakiwa/MyDocuments/610MtSundanceBayW/University_of_London_Computer_Science_BSc/CM3070_Computer_Science_Final_Project/multimodal-mammography-xai/results/resnet50v2_finetuned/gradcam_roi_alignment/heatmaps/439208f4-216a-4ffe-9eb9-61ed7e4e87c8.npy
978baeae-f2a1-4931-b371-3a981040a7b4,P_00993,MALIGNANT,1,1,0.98252195,0.9825219511985779,1.1985779035939004e-09,TP,calcification,calcification,1,0.000423431396484375,small,0,271,272,4.116796526342359e-06,0.0008730592089705169,0.08983580768108368,0.0097183866246965,/Users/gibionmakiwa/MyDocuments/610MtSundanceBayW/University_of_London_Computer_Science_BSc/CM3070_Computer_Science_Final_Project/multimodal-mammography-xai/data/processed/cbis_ddsm/model_input/full_mammograms_v4/test/P_00993_RIGHT_MLO_978baeae.jpg,0.0,0.0,0.0,/Users/gibionmakiwa/MyDocuments/610MtSundanceBayW/University_of_London_Computer_Science_BSc/CM3070_Computer_Science_Final_Project/multimodal-mammography-xai/results/resnet50v2_finetuned/gradcam_roi_alignment/heatmaps/978baeae-f2a1-4931-b371-3a981040a7b4.npy
1f78bd8b-fe42-424c-bac7-02144b18c966,P_01049,BENIGN,0,0,0.29648978,0.2964896857738495,9.422615049325955e-08,TN,calcification,calcification,1,0.0002899169921875,small,0,368,47,0.0006470189048087792,0.06636406481266022,0.02972586452960968,2.2325353202495544,/Users/gibionmakiwa/MyDocuments/610MtSundanceBayW/University_of_London_Computer_Science_BSc/CM3070_Computer_Science_Final_Project/multimodal-mammography-xai/data/processed/cbis_ddsm/model_input/full_mammograms_v4/test/P_01049_LEFT_CC_1f78bd8b.jpg,0.001790885535741503,0.001354083228439562,0.0009027565863086156,/Users/gibionmakiwa/MyDocuments/610MtSundanceBayW/University_of_London_Computer_Science_BSc/CM3070_Computer_Science_Final_Project/multimodal-mammography-xai/results/resnet50v2_finetuned/gradcam_roi_alignment/heatmaps/1f78bd8b-fe42-424c-bac7-02144b18c966.npy
1ef86b48-a7a7-4f49-ac92-64d7eb38c4f1,P_01049,BENIGN,0,0,0.11594916,0.11594905704259872,1.0295740127119757e-07,TN,calcification,calcification,1,0.00028228759765625,small,0,367,47,0.0,0.0,0.03300394117832184,0.0,/Users/gibionmakiwa/MyDocuments/610MtSundanceBayW/University_of_London_Computer_Science_BSc/CM3070_Computer_Science_Final_Project/multimodal-mammography-xai/data/processed/cbis_ddsm/model_input/full_mammograms_v4/test/P_01049_LEFT_MLO_1ef86b48.jpg,0.0,0.0,0.0,/Users/gibionmakiwa/MyDocuments/610MtSundanceBayW/University_of_London_Computer_Science_BSc/CM3070_Computer_Science_Final_Project/multimodal-mammography-xai/results/resnet50v2_finetuned/gradcam_roi_alignment/heatmaps/1ef86b48-a7a7-4f49-ac92-64d7eb38c4f1.npy
48097a61-1efa-4141-9a6d-6d00b6c872b5,P_01053,BENIGN,0,0,0.44121727,0.44121673703193665,5.329680633492373e-07,TN,calcification,calcification,1,0.002216339111328125,medium,0,399,79,0.00477482136982051,0.11826083809137344,0.05475263297557831,2.1599110410820193,/Users/gibionmakiwa/MyDocuments/610MtSundanceBayW/University_of_London_Computer_Science_BSc/CM3070_Computer_Science_Final_Project/multimodal-mammography-xai/data/processed/cbis_ddsm/model_input/full_mammograms_v4/test/P_01053_LEFT_CC_48097a61.jpg,0.0032948929159802307,0.011081653283488146,0.0073878158259476365,/Users/gibionmakiwa/MyDocuments/610MtSundanceBayW/University_of_London_Computer_Science_BSc/CM3070_Computer_Science_Final_Project/multimodal-mammography-xai/results/resnet50v2_finetuned/gradcam_roi_alignment/heatmaps/48097a61-1efa-4141-9a6d-6d00b6c872b5.npy
555a8715-81a0-4c29-bee6-a463f8bb9754,P_01053,BENIGN,0,0,0.36414075,0.3641408383846283,8.838462828286708e-08,TN,calcification,calcification,1,0.000873565673828125,small,0,463,496,0.0,0.0,0.09719336777925491,0.0,/Users/gibionmakiwa/MyDocuments/610MtSundanceBayW/University_of_London_Computer_Science_BSc/CM3070_Computer_Science_Final_Project/multimodal-mammography-xai/data/processed/cbis_ddsm/model_input/full_mammograms_v4/test/P_01053_LEFT_MLO_555a8715.jpg,0.0,0.0,0.0,/Users/gibionmakiwa/MyDocuments/610MtSundanceBayW/University_of_London_Computer_Science_BSc/CM3070_Computer_Science_Final_Project/multimodal-mammography-xai/results/resnet50v2_finetuned/gradcam_roi_alignment/heatmaps/555a8715-81a0-4c29-bee6-a463f8bb9754.npy
9565c7cf-9552-4cec-b351-00656d488299,P_01056,BENIGN,0,0,0.18362746,0.1836274266242981,3.3375701896654064e-08,TN,calcification,calcification,1,0.000667572021484375,small,0,144,496,0.0,0.0,0.07590660452842712,0.0,/Users/gibionmakiwa/MyDocuments/610MtSundanceBayW/University_of_London_Computer_Science_BSc/CM3070_Computer_Science_Final_Project/multimodal-mammography-xai/data/processed/cbis_ddsm/model_input/full_mammograms_v4/test/P_01056_RIGHT_CC_9565c7cf.jpg,0.0,0.0,0.0,/Users/gibionmakiwa/MyDocuments/610MtSundanceBayW/University_of_London_Computer_Science_BSc/CM3070_Computer_Science_Final_Project/multimodal-mammography-xai/results/resnet50v2_finetuned/gradcam_roi_alignment/heatmaps/9565c7cf-9552-4cec-b351-00656d488299.npy
d82a15cd-285c-4dd2-9a95-f70dfd2a1bf9,P_01056,BENIGN,0,0,0.17661735,0.1766173541545868,4.154586785709569e-09,TN,calcification,calcification,1,0.00090789794921875,small,0,143,47,0.00014833726704191358,0.009706951677799225,0.059456538408994675,0.16326127125688888,/Users/gibionmakiwa/MyDocuments/610MtSundanceBayW/University_of_London_Computer_Science_BSc/CM3070_Computer_Science_Final_Project/multimodal-mammography-xai/data/processed/cbis_ddsm/model_input/full_mammograms_v4/test/P_01056_RIGHT_MLO_d82a15cd.jpg,0.0,0.0,0.0,/Users/gibionmakiwa/MyDocuments/610MtSundanceBayW/University_of_London_Computer_Science_BSc/CM3070_Computer_Science_Final_Project/multimodal-mammography-xai/results/resnet50v2_finetuned/gradcam_roi_alignment/heatmaps/d82a15cd-285c-4dd2-9a95-f70dfd2a1bf9.npy
da8b7a0f-ed6e-4131-8da3-03fcdba0b4f4,P_01063,BENIGN,0,0,0.45333856,0.45333847403526306,8.596473694000295e-08,TN,calcification,calcification,1,0.0002899169921875,small,0,175,80,0.00034973700052402893,0.07534236460924149,0.062451861798763275,1.2064068287979397,/Users/gibionmakiwa/MyDocuments/610MtSundanceBayW/University_of_London_Computer_Science_BSc/CM3070_Computer_Science_Final_Project/multimodal-mammography-xai/data/processed/cbis_ddsm/model_input/full_mammograms_v4/test/P_01063_RIGHT_MLO_da8b7a0f.jpg,0.0,0.0014495794312308075,0.0009663801434311581,/Users/gibionmakiwa/MyDocuments/610MtSundanceBayW/University_of_London_Computer_Science_BSc/CM3070_Computer_Science_Final_Project/multimodal-mammography-xai/results/resnet50v2_finetuned/gradcam_roi_alignment/heatmaps/da8b7a0f-ed6e-4131-8da3-03fcdba0b4f4.npy
93157302-0d3c-4588-8870-9d00cc2fc555,P_01065,MALIGNANT,1,0,0.17639188,0.1763918399810791,4.001892089933179e-08,FN,calcification,calcification,1,0.048229217529296875,large,0,239,48,0.0003194415179143601,0.0005013111513108015,0.07949778437614441,0.006305975596490691,/Users/gibionmakiwa/MyDocuments/610MtSundanceBayW/University_of_London_Computer_Science_BSc/CM3070_Computer_Science_Final_Project/multimodal-mammography-xai/data/processed/cbis_ddsm/model_input/full_mammograms_v4/test/P_01065_LEFT_CC_93157302.jpg,0.0,0.0,0.0,/Users/gibionmakiwa/MyDocuments/610MtSundanceBayW/University_of_London_Computer_Science_BSc/CM3070_Computer_Science_Final_Project/multimodal-mammography-xai/results/resnet50v2_finetuned/gradcam_roi_alignment/heatmaps/93157302-0d3c-4588-8870-9d00cc2fc555.npy
acf3492b-fd62-4ca5-930b-a680647b5609,P_01065,MALIGNANT,1,0,0.30202425,0.30202439427375793,1.442737579404607e-07,FN,calcification,calcification,1,0.02927398681640625,large,0,304,47,9.978053404898189e-05,0.00037100553163327277,0.11211829632520676,0.0033090540144010564,/Users/gibionmakiwa/MyDocuments/610MtSundanceBayW/University_of_London_Computer_Science_BSc/CM3070_Computer_Science_Final_Project/multimodal-mammography-xai/data/processed/cbis_ddsm/model_input/full_mammograms_v4/test/P_01065_LEFT_MLO_acf3492b.jpg,0.0,0.0,0.0,/Users/gibionmakiwa/MyDocuments/610MtSundanceBayW/University_of_London_Computer_Science_BSc/CM3070_Computer_Science_Final_Project/multimodal-mammography-xai/results/resnet50v2_finetuned/gradcam_roi_alignment/heatmaps/acf3492b-fd62-4ca5-930b-a680647b5609.npy
d5a93f8c-d490-43cb-90b6-b54e2f396e09,P_01066,BENIGN,0,0,0.3617798,0.36177974939346313,5.060653684996197e-08,TN,calcification,calcification,1,0.0007476806640625,small,0,112,48,5.242840754408513e-05,0.002438625320792198,0.03480139374732971,0.07007261369390343,/Users/gibionmakiwa/MyDocuments/610MtSundanceBayW/University_of_London_Computer_Science_BSc/CM3070_Computer_Science_Final_Project/multimodal-mammography-xai/data/processed/cbis_ddsm/model_input/full_mammograms_v4/test/P_01066_RIGHT_CC_d5a93f8c.jpg,0.0,0.0,0.0,/Users/gibionmakiwa/MyDocuments/610MtSundanceBayW/University_of_London_Computer_Science_BSc/CM3070_Computer_Science_Final_Project/multimodal-mammography-xai/results/resnet50v2_finetuned/gradcam_roi_alignment/heatmaps/d5a93f8c-d490-43cb-90b6-b54e2f396e09.npy
c6f068de-73d5-4a45-8fc6-1706e05636a5,P_01066,BENIGN,0,0,0.279529,0.27952897548675537,2.4513244656354516e-08,TN,calcification,calcification,1,0.0003662109375,small,0,399,400,0.0,0.0,0.071527861058712,0.0,/Users/gibionmakiwa/MyDocuments/610MtSundanceBayW/University_of_London_Computer_Science_BSc/CM3070_Computer_Science_Final_Project/multimodal-mammography-xai/data/processed/cbis_ddsm/model_input/full_mammograms_v4/test/P_01066_RIGHT_MLO_c6f068de.jpg,0.0,0.0,0.0,/Users/gibionmakiwa/MyDocuments/610MtSundanceBayW/University_of_London_Computer_Science_BSc/CM3070_Computer_Science_Final_Project/multimodal-mammography-xai/results/resnet50v2_finetuned/gradcam_roi_alignment/heatmaps/c6f068de-73d5-4a45-8fc6-1706e05636a5.npy
3e17e084-ce4c-49e7-b8a9-823b7252ba9d,P_01143,MALIGNANT,1,0,0.24065,0.24064990878105164,9.121894836705557e-08,FN,calcification,calcification,1,0.009307861328125,large,0,240,79,0.0054387216954141105,0.03322887793183327,0.057090189307928085,0.5820417223034425,/Users/gibionmakiwa/MyDocuments/610MtSundanceBayW/University_of_London_Computer_Science_BSc/CM3070_Computer_Science_Final_Project/multimodal-mammography-xai/data/processed/cbis_ddsm/model_input/full_mammograms_v4/test/P_01143_RIGHT_CC_3e17e084.jpg,0.0075952037694715,0.007639615815473895,0.006267219340266574,/Users/gibionmakiwa/MyDocuments/610MtSundanceBayW/University_of_London_Computer_Science_BSc/CM3070_Computer_Science_Final_Project/multimodal-mammography-xai/results/resnet50v2_finetuned/gradcam_roi_alignment/heatmaps/3e17e084-ce4c-49e7-b8a9-823b7252ba9d.npy
3522a212-495e-45b1-84f4-ed4dfbb7056a,P_01186,BENIGN,0,0,0.34785146,0.3478512167930603,2.432069396984815e-07,TN,calcification,calcification,1,0.0025787353515625,medium,0,368,0,0.007792206854705593,0.1254810243844986,0.04130933806300163,3.0375939168327037,/Users/gibionmakiwa/MyDocuments/610MtSundanceBayW/University_of_London_Computer_Science_BSc/CM3070_Computer_Science_Final_Project/multimodal-mammography-xai/data/processed/cbis_ddsm/model_input/full_mammograms_v4/test/P_01186_LEFT_CC_3522a212.jpg,0.02018285974429986,0.012893627572526656,0.008595806365474358,/Users/gibionmakiwa/MyDocuments/610MtSundanceBayW/University_of_London_Computer_Science_BSc/CM3070_Computer_Science_Final_Project/multimodal-mammography-xai/results/resnet50v2_finetuned/gradcam_roi_alignment/heatmaps/3522a212-495e-45b1-84f4-ed4dfbb7056a.npy
dc4b898c-dac8-4759-ba19-076feb6de777,P_01186,BENIGN,0,0,0.49982378,0.49982383847236633,5.847236633771402e-08,TN,calcification,calcification,1,0.002445220947265625,medium,0,400,48,0.00017477773589718277,0.0032939231023192406,0.046188388019800186,0.0713149458205325,/Users/gibionmakiwa/MyDocuments/610MtSundanceBayW/University_of_London_Computer_Science_BSc/CM3070_Computer_Science_Final_Project/multimodal-mammography-xai/data/processed/cbis_ddsm/model_input/full_mammograms_v4/test/P_01186_LEFT_MLO_dc4b898c.jpg,0.0,0.0,0.0,/Users/gibionmakiwa/MyDocuments/610MtSundanceBayW/University_of_London_Computer_Science_BSc/CM3070_Computer_Science_Final_Project/multimodal-mammography-xai/results/resnet50v2_finetuned/gradcam_roi_alignment/heatmaps/dc4b898c-dac8-4759-ba19-076feb6de777.npy
f148bb2a-1274-400d-9013-c2431c4fa676,P_01250,MALIGNANT,1,1,0.78739744,0.7873973846435547,5.535644531651229e-08,TP,calcification,calcification,1,0.060619354248046875,large,0,239,112,0.029167968697366594,0.04443242773413658,0.09543498605489731,0.46557792812793336,/Users/gibionmakiwa/MyDocuments/610MtSundanceBayW/University_of_London_Computer_Science_BSc/CM3070_Computer_Science_Final_Project/multimodal-mammography-xai/data/processed/cbis_ddsm/model_input/full_mammograms_v4/test/P_01250_LEFT_CC_f148bb2a.jpg,0.02740160554376205,0.030277442702050662,0.025136635724819986,/Users/gibionmakiwa/MyDocuments/610MtSundanceBayW/University_of_London_Computer_Science_BSc/CM3070_Computer_Science_Final_Project/multimodal-mammography-xai/results/resnet50v2_finetuned/gradcam_roi_alignment/heatmaps/f148bb2a-1274-400d-9013-c2431c4fa676.npy
ea8853cd-39fd-42cd-8b6c-142f2df2d902,P_01250,MALIGNANT,1,1,0.88769865,0.8876985907554626,5.924453738703761e-08,TP,calcification,calcification,1,0.06633377075195312,large,1,239,144,0.26203947204513306,0.3189648687839508,0.06381935626268387,4.997932249453475,/Users/gibionmakiwa/MyDocuments/610MtSundanceBayW/University_of_London_Computer_Science_BSc/CM3070_Computer_Science_Final_Project/multimodal-mammography-xai/data/processed/cbis_ddsm/model_input/full_mammograms_v4/test/P_01250_LEFT_MLO_ea8853cd.jpg,0.27818490942135193,0.19048999215739762,0.13922368795672393,/Users/gibionmakiwa/MyDocuments/610MtSundanceBayW/University_of_London_Computer_Science_BSc/CM3070_Computer_Science_Final_Project/multimodal-mammography-xai/results/resnet50v2_finetuned/gradcam_roi_alignment/heatmaps/ea8853cd-39fd-42cd-8b6c-142f2df2d902.npy
fa01275d-e65f-4664-9e06-140bfcc7fce6,P_01284,MALIGNANT,1,0,0.13718255,0.13718253374099731,1.6259002671992207e-08,FN,calcification,calcification,2,0.012115478515625,large,0,399,80,0.0,0.0,0.039019931107759476,0.0,/Users/gibionmakiwa/MyDocuments/610MtSundanceBayW/University_of_London_Computer_Science_BSc/CM3070_Computer_Science_Final_Project/multimodal-mammography-xai/data/processed/cbis_ddsm/model_input/full_mammograms_v4/test/P_01284_RIGHT_MLO_fa01275d.jpg,0.0,0.0,0.0,/Users/gibionmakiwa/MyDocuments/610MtSundanceBayW/University_of_London_Computer_Science_BSc/CM3070_Computer_Science_Final_Project/multimodal-mammography-xai/results/resnet50v2_finetuned/gradcam_roi_alignment/heatmaps/fa01275d-e65f-4664-9e06-140bfcc7fce6.npy
db921a13-3b46-448d-9bd6-3dcfeb5e8da0,P_01288,BENIGN,0,0,0.2836536,0.28365358710289,1.289710999108351e-08,TN,calcification,calcification,1,0.00093841552734375,small,0,144,79,2.31328279834194e-05,0.0012134654680266976,0.049271028488874435,0.024628372066902996,/Users/gibionmakiwa/MyDocuments/610MtSundanceBayW/University_of_London_Computer_Science_BSc/CM3070_Computer_Science_Final_Project/multimodal-mammography-xai/data/processed/cbis_ddsm/model_input/full_mammograms_v4/test/P_01288_RIGHT_MLO_db921a13.jpg,0.0,0.0,0.0,/Users/gibionmakiwa/MyDocuments/610MtSundanceBayW/University_of_London_Computer_Science_BSc/CM3070_Computer_Science_Final_Project/multimodal-mammography-xai/results/resnet50v2_finetuned/gradcam_roi_alignment/heatmaps/db921a13-3b46-448d-9bd6-3dcfeb5e8da0.npy
8b0fb77d-feae-4833-8c0d-afcb9d0bde98,P_01292,BENIGN,0,0,0.42287642,0.42287635803222656,6.196777341260784e-08,TN,calcification,calcification,3,0.00146484375,medium,0,144,47,0.0011475408993080738,0.035514846444129944,0.04534934088587761,0.7831390251539353,/Users/gibionmakiwa/MyDocuments/610MtSundanceBayW/University_of_London_Computer_Science_BSc/CM3070_Computer_Science_Final_Project/multimodal-mammography-xai/data/processed/cbis_ddsm/model_input/full_mammograms_v4/test/P_01292_RIGHT_CC_8b0fb77d.jpg,0.0,0.0005304537273846737,0.0008230973787514246,/Users/gibionmakiwa/MyDocuments/610MtSundanceBayW/University_of_London_Computer_Science_BSc/CM3070_Computer_Science_Final_Project/multimodal-mammography-xai/results/resnet50v2_finetuned/gradcam_roi_alignment/heatmaps/8b0fb77d-feae-4833-8c0d-afcb9d0bde98.npy
ab2d709d-0d11-4a34-b5cd-ca77231b370f,P_01292,BENIGN,0,1,0.53476286,0.5347630977630615,2.3776306157241578e-07,FP,calcification,calcification,3,0.001094818115234375,small,0,144,47,0.0005391064250960484,0.0187624990940094,0.03812411054968834,0.4921424762980606,/Users/gibionmakiwa/MyDocuments/610MtSundanceBayW/University_of_London_Computer_Science_BSc/CM3070_Computer_Science_Final_Project/multimodal-mammography-xai/data/processed/cbis_ddsm/model_input/full_mammograms_v4/test/P_01292_RIGHT_MLO_ab2d709d.jpg,0.0,5.6907638902061955e-05,0.0009003411151548967,/Users/gibionmakiwa/MyDocuments/610MtSundanceBayW/University_of_London_Computer_Science_BSc/CM3070_Computer_Science_Final_Project/multimodal-mammography-xai/results/resnet50v2_finetuned/gradcam_roi_alignment/heatmaps/ab2d709d-0d11-4a34-b5cd-ca77231b370f.npy
72ef9b96-d3fc-4932-8029-5b142920e954,P_01345,MALIGNANT,1,0,0.31702656,0.31702637672424316,1.832757568487331e-07,FN,calcification,calcification,1,0.00203704833984375,medium,0,336,144,0.0003039600639116315,0.01492722611874342,0.1002114936709404,0.14895721121757857,/Users/gibionmakiwa/MyDocuments/610MtSundanceBayW/University_of_London_Computer_Science_BSc/CM3070_Computer_Science_Final_Project/multimodal-mammography-xai/data/processed/cbis_ddsm/model_input/full_mammograms_v4/test/P_01345_LEFT_CC_72ef9b96.jpg,0.0,0.0,0.0,/Users/gibionmakiwa/MyDocuments/610MtSundanceBayW/University_of_London_Computer_Science_BSc/CM3070_Computer_Science_Final_Project/multimodal-mammography-xai/results/resnet50v2_finetuned/gradcam_roi_alignment/heatmaps/72ef9b96-d3fc-4932-8029-5b142920e954.npy
12d98e2e-1d58-44a7-855c-8d7385eb02fd,P_01362,BENIGN,0,0,0.24076836,0.24076823890209198,1.2109790800685083e-07,TN,calcification,calcification,1,0.00106048583984375,small,0,144,47,0.0012117759200384625,0.057483308017253876,0.05029890686273575,1.1428339137823607,/Users/gibionmakiwa/MyDocuments/610MtSundanceBayW/University_of_London_Computer_Science_BSc/CM3070_Computer_Science_Final_Project/multimodal-mammography-xai/data/processed/cbis_ddsm/model_input/full_mammograms_v4/test/P_01362_RIGHT_CC_12d98e2e.jpg,0.0011714911949210188,0.00235817659699903,0.0019421172886519421,/Users/gibionmakiwa/MyDocuments/610MtSundanceBayW/University_of_London_Computer_Science_BSc/CM3070_Computer_Science_Final_Project/multimodal-mammography-xai/results/resnet50v2_finetuned/gradcam_roi_alignment/heatmaps/12d98e2e-1d58-44a7-855c-8d7385eb02fd.npy
bc9be185-409b-465c-83f4-39d89840e50b,P_01362,BENIGN,0,1,0.632381,0.6323813796043396,3.796043396286919e-07,FP,calcification,calcification,1,0.00087738037109375,small,0,303,240,0.0012319130955779016,0.05001780018210411,0.03561052307486534,1.404578810346642,/Users/gibionmakiwa/MyDocuments/610MtSundanceBayW/University_of_London_Computer_Science_BSc/CM3070_Computer_Science_Final_Project/multimodal-mammography-xai/data/processed/cbis_ddsm/model_input/full_mammograms_v4/test/P_01362_RIGHT_MLO_bc9be185.jpg,0.0026920451960263897,0.003391703664183228,0.002516682554814109,/Users/gibionmakiwa/MyDocuments/610MtSundanceBayW/University_of_London_Computer_Science_BSc/CM3070_Computer_Science_Final_Project/multimodal-mammography-xai/results/resnet50v2_finetuned/gradcam_roi_alignment/heatmaps/bc9be185-409b-465c-83f4-39d89840e50b.npy
4c5e12c0-e627-4269-96a8-7059adcc98ba,P_01365,MALIGNANT,1,1,0.8121698,0.8121694922447205,3.077552795938132e-07,TP,calcification,calcification,1,0.006023406982421875,large,0,304,303,0.025007340669661385,0.2211616188287735,0.05225280672311783,4.232530085424592,/Users/gibionmakiwa/MyDocuments/610MtSundanceBayW/University_of_London_Computer_Science_BSc/CM3070_Computer_Science_Final_Project/multimodal-mammography-xai/data/processed/cbis_ddsm/model_input/full_mammograms_v4/test/P_01365_LEFT_CC_4c5e12c0.jpg,0.051886613934829504,0.030116920025176908,0.020078074335923096,/Users/gibionmakiwa/MyDocuments/610MtSundanceBayW/University_of_London_Computer_Science_BSc/CM3070_Computer_Science_Final_Project/multimodal-mammography-xai/results/resnet50v2_finetuned/gradcam_roi_alignment/heatmaps/4c5e12c0-e627-4269-96a8-7059adcc98ba.npy
7b2166db-d1a1-43ba-85e7-48f421bbf0fe,P_01365,MALIGNANT,1,1,0.55285305,0.5528532862663269,2.3626632694728755e-07,TP,calcification,calcification,1,0.00525665283203125,large,0,304,304,0.001211771587309603,0.012643563561141491,0.0550706721842289,0.22958792336809558,/Users/gibionmakiwa/MyDocuments/610MtSundanceBayW/University_of_London_Computer_Science_BSc/CM3070_Computer_Science_Final_Project/multimodal-mammography-xai/data/processed/cbis_ddsm/model_input/full_mammograms_v4/test/P_01365_LEFT_MLO_7b2166db.jpg,0.0006890549067962574,0.0026273618305817465,0.002367471690550155,/Users/gibionmakiwa/MyDocuments/610MtSundanceBayW/University_of_London_Computer_Science_BSc/CM3070_Computer_Science_Final_Project/multimodal-mammography-xai/results/resnet50v2_finetuned/gradcam_roi_alignment/heatmaps/7b2166db-d1a1-43ba-85e7-48f421bbf0fe.npy
8c181f2b-dd84-42d9-837b-41f703978993,P_01369,BENIGN,0,0,0.18896258,0.18896275758743286,1.7758743287021872e-07,TN,calcification,calcification,1,0.000576019287109375,small,0,175,111,0.0006292915238337804,0.07969234138727188,0.07294213026762009,1.0925418570785796,/Users/gibionmakiwa/MyDocuments/610MtSundanceBayW/University_of_London_Computer_Science_BSc/CM3070_Computer_Science_Final_Project/multimodal-mammography-xai/data/processed/cbis_ddsm/model_input/full_mammograms_v4/test/P_01369_RIGHT_MLO_8c181f2b.jpg,0.0,0.0013902908183670748,0.0015252815415512113,/Users/gibionmakiwa/MyDocuments/610MtSundanceBayW/University_of_London_Computer_Science_BSc/CM3070_Computer_Science_Final_Project/multimodal-mammography-xai/results/resnet50v2_finetuned/gradcam_roi_alignment/heatmaps/8c181f2b-dd84-42d9-837b-41f703978993.npy
5e552de1-b5c5-4b78-a086-4136f27d6d9f,P_01385,BENIGN,0,0,0.31032702,0.3103269636631012,5.633689881268111e-08,TN,calcification,calcification,1,0.001201629638671875,small,0,303,175,0.01155440826942492,0.6688874959945679,0.0688415989279747,9.716325728156487,/Users/gibionmakiwa/MyDocuments/610MtSundanceBayW/University_of_London_Computer_Science_BSc/CM3070_Computer_Science_Final_Project/multimodal-mammography-xai/data/processed/cbis_ddsm/model_input/full_mammograms_v4/test/P_01385_RIGHT_CC_5e552de1.jpg,0.012016021361815754,0.00600812527418032,0.004005442315272815,/Users/gibionmakiwa/MyDocuments/610MtSundanceBayW/University_of_London_Computer_Science_BSc/CM3070_Computer_Science_Final_Project/multimodal-mammography-xai/results/resnet50v2_finetuned/gradcam_roi_alignment/heatmaps/5e552de1-b5c5-4b78-a086-4136f27d6d9f.npy
b15de486-7bc8-4639-a917-8819f13d10f8,P_01385,BENIGN,0,0,0.46935254,0.4693520963191986,4.43680801376356e-07,TN,calcification,calcification,1,0.001499176025390625,medium,0,175,143,0.0,0.0,0.062464017421007156,0.0,/Users/gibionmakiwa/MyDocuments/610MtSundanceBayW/University_of_London_Computer_Science_BSc/CM3070_Computer_Science_Final_Project/multimodal-mammography-xai/data/processed/cbis_ddsm/model_input/full_mammograms_v4/test/P_01385_RIGHT_MLO_b15de486.jpg,0.0,0.0,0.0,/Users/gibionmakiwa/MyDocuments/610MtSundanceBayW/University_of_London_Computer_Science_BSc/CM3070_Computer_Science_Final_Project/multimodal-mammography-xai/results/resnet50v2_finetuned/gradcam_roi_alignment/heatmaps/b15de486-7bc8-4639-a917-8819f13d10f8.npy
f9e2b12b-6011-486d-9c27-565320fbe315,P_01387,BENIGN,0,1,0.6933607,0.6933605074882507,1.9251174931955717e-07,FP,calcification,calcification,1,0.00396728515625,medium,0,143,111,1.3143044600224699e-05,0.00016015883011277765,0.048536550253629684,0.0032997564985211445,/Users/gibionmakiwa/MyDocuments/610MtSundanceBayW/University_of_London_Computer_Science_BSc/CM3070_Computer_Science_Final_Project/multimodal-mammography-xai/data/processed/cbis_ddsm/model_input/full_mammograms_v4/test/P_01387_LEFT_CC_f9e2b12b.jpg,0.0,0.0,0.0,/Users/gibionmakiwa/MyDocuments/610MtSundanceBayW/University_of_London_Computer_Science_BSc/CM3070_Computer_Science_Final_Project/multimodal-mammography-xai/results/resnet50v2_finetuned/gradcam_roi_alignment/heatmaps/f9e2b12b-6011-486d-9c27-565320fbe315.npy
63a5c634-1fb6-410a-87e5-c91f65b68b5a,P_01387,BENIGN,0,0,0.31703147,0.31703171133995056,2.413399505796221e-07,TN,calcification,calcification,1,0.002956390380859375,medium,0,336,367,0.00022999709453974467,0.0075843664817512035,0.0977562889456749,0.07758442743383714,/Users/gibionmakiwa/MyDocuments/610MtSundanceBayW/University_of_London_Computer_Science_BSc/CM3070_Computer_Science_Final_Project/multimodal-mammography-xai/data/processed/cbis_ddsm/model_input/full_mammograms_v4/test/P_01387_LEFT_MLO_63a5c634.jpg,0.0,0.0,0.0,/Users/gibionmakiwa/MyDocuments/610MtSundanceBayW/University_of_London_Computer_Science_BSc/CM3070_Computer_Science_Final_Project/multimodal-mammography-xai/results/resnet50v2_finetuned/gradcam_roi_alignment/heatmaps/63a5c634-1fb6-410a-87e5-c91f65b68b5a.npy
00ed72af-5564-4328-a084-ca4efde462d8,P_01401,BENIGN,0,0,0.2041321,0.20413236320018768,2.632001876723411e-07,TN,calcification,calcification,1,0.00240325927734375,medium,0,112,496,0.016696804318353593,0.22881914675235748,0.03246326372027397,7.04855427471738,/Users/gibionmakiwa/MyDocuments/610MtSundanceBayW/University_of_London_Computer_Science_BSc/CM3070_Computer_Science_Final_Project/multimodal-mammography-xai/data/processed/cbis_ddsm/model_input/full_mammograms_v4/test/P_01401_LEFT_CC_00ed72af.jpg,0.021926986181430585,0.012015104703055269,0.00801088463054563,/Users/gibionmakiwa/MyDocuments/610MtSundanceBayW/University_of_London_Computer_Science_BSc/CM3070_Computer_Science_Final_Project/multimodal-mammography-xai/results/resnet50v2_finetuned/gradcam_roi_alignment/heatmaps/00ed72af-5564-4328-a084-ca4efde462d8.npy
10f81c3d-da36-4f9c-a198-4d4d3e09591f,P_01401,BENIGN,0,0,0.0679328,0.06793282181024551,2.1810245512399185e-08,TN,calcification,calcification,1,0.001888275146484375,medium,0,175,47,0.0,0.0,0.02472488209605217,0.0,/Users/gibionmakiwa/MyDocuments/610MtSundanceBayW/University_of_London_Computer_Science_BSc/CM3070_Computer_Science_Final_Project/multimodal-mammography-xai/data/processed/cbis_ddsm/model_input/full_mammograms_v4/test/P_01401_LEFT_MLO_10f81c3d.jpg,0.0,0.001888275146484375,0.001888275146484375,/Users/gibionmakiwa/MyDocuments/610MtSundanceBayW/University_of_London_Computer_Science_BSc/CM3070_Computer_Science_Final_Project/multimodal-mammography-xai/results/resnet50v2_finetuned/gradcam_roi_alignment/heatmaps/10f81c3d-da36-4f9c-a198-4d4d3e09591f.npy
a248ac61-924b-4df5-a529-02a8b2863195,P_01409,BENIGN,0,0,0.39138097,0.3913813829421997,4.129421997123295e-07,TN,calcification,calcification,2,0.00144195556640625,medium,0,368,79,0.0018533662338198135,0.05361918359994888,0.041699595749378204,1.2858438979545608,/Users/gibionmakiwa/MyDocuments/610MtSundanceBayW/University_of_London_Computer_Science_BSc/CM3070_Computer_Science_Final_Project/multimodal-mammography-xai/data/processed/cbis_ddsm/model_input/full_mammograms_v4/test/P_01409_LEFT_CC_a248ac61.jpg,0.0,0.004489167031252972,0.0029954940661293394,/Users/gibionmakiwa/MyDocuments/610MtSundanceBayW/University_of_London_Computer_Science_BSc/CM3070_Computer_Science_Final_Project/multimodal-mammography-xai/results/resnet50v2_finetuned/gradcam_roi_alignment/heatmaps/a248ac61-924b-4df5-a529-02a8b2863195.npy
6275e55d-842f-4330-8331-279dfc2040fa,P_01409,BENIGN,0,0,0.16453207,0.16453200578689575,6.421310425053228e-08,TN,calcification,calcification,2,0.001560211181640625,medium,0,368,79,0.0,0.0,0.025447165593504906,0.0,/Users/gibionmakiwa/MyDocuments/610MtSundanceBayW/University_of_London_Computer_Science_BSc/CM3070_Computer_Science_Final_Project/multimodal-mammography-xai/data/processed/cbis_ddsm/model_input/full_mammograms_v4/test/P_01409_LEFT_MLO_6275e55d.jpg,0.0,0.0,0.0,/Users/gibionmakiwa/MyDocuments/610MtSundanceBayW/University_of_London_Computer_Science_BSc/CM3070_Computer_Science_Final_Project/multimodal-mammography-xai/results/resnet50v2_finetuned/gradcam_roi_alignment/heatmaps/6275e55d-842f-4330-8331-279dfc2040fa.npy
2ca202fb-6ccc-451a-95c3-4e5ee60e7763,P_01409,BENIGN,0,0,0.40733728,0.4073376953601837,4.153601836920373e-07,TN,calcification,calcification,1,0.009693145751953125,large,0,175,0,0.02100480016265524,0.08422242105007172,0.03842240944504738,2.1920124309331572,/Users/gibionmakiwa/MyDocuments/610MtSundanceBayW/University_of_London_Computer_Science_BSc/CM3070_Computer_Science_Final_Project/multimodal-mammography-xai/data/processed/cbis_ddsm/model_input/full_mammograms_v4/test/P_01409_RIGHT_CC_2ca202fb.jpg,0.03097662412161193,0.021462417541577627,0.016502641925224753,/Users/gibionmakiwa/MyDocuments/610MtSundanceBayW/University_of_London_Computer_Science_BSc/CM3070_Computer_Science_Final_Project/multimodal-mammography-xai/results/resnet50v2_finetuned/gradcam_roi_alignment/heatmaps/2ca202fb-6ccc-451a-95c3-4e5ee60e7763.npy
637cce60-9522-4b55-9e5b-bb1fa4c932d6,P_01409,BENIGN,0,1,0.51808757,0.5180875658988953,4.101104789100418e-09,FP,calcification,calcification,1,0.00930023193359375,large,0,368,111,0.0,0.0,0.035319168120622635,0.0,/Users/gibionmakiwa/MyDocuments/610MtSundanceBayW/University_of_London_Computer_Science_BSc/CM3070_Computer_Science_Final_Project/multimodal-mammography-xai/data/processed/cbis_ddsm/model_input/full_mammograms_v4/test/P_01409_RIGHT_MLO_637cce60.jpg,0.0,0.0,0.0,/Users/gibionmakiwa/MyDocuments/610MtSundanceBayW/University_of_London_Computer_Science_BSc/CM3070_Computer_Science_Final_Project/multimodal-mammography-xai/results/resnet50v2_finetuned/gradcam_roi_alignment/heatmaps/637cce60-9522-4b55-9e5b-bb1fa4c932d6.npy
6335e100-0e58-459b-9a7b-83e284170a00,P_01455,MALIGNANT,1,1,0.6800202,0.680020272731781,7.273178104227895e-08,TP,calcification,calcification,1,0.01446533203125,large,0,239,175,0.18816279707231412,0.5133788585662842,0.032510947436094284,15.790948623257744,/Users/gibionmakiwa/MyDocuments/610MtSundanceBayW/University_of_London_Computer_Science_BSc/CM3070_Computer_Science_Final_Project/multimodal-mammography-xai/data/processed/cbis_ddsm/model_input/full_mammograms_v4/test/P_01455_RIGHT_CC_6335e100.jpg,0.1446500095365249,0.07232638425298976,0.048212991570355114,/Users/gibionmakiwa/MyDocuments/610MtSundanceBayW/University_of_London_Computer_Science_BSc/CM3070_Computer_Science_Final_Project/multimodal-mammography-xai/results/resnet50v2_finetuned/gradcam_roi_alignment/heatmaps/6335e100-0e58-459b-9a7b-83e284170a00.npy
ad3bf4f4-1515-44d8-af64-b898229c2f08,P_01455,MALIGNANT,1,1,0.71947634,0.7194766402244568,3.002244567396062e-07,TP,calcification,calcification,1,0.011028289794921875,large,0,399,48,0.052553257990162215,0.19708625972270966,0.039621952921152115,4.974166981956754,/Users/gibionmakiwa/MyDocuments/610MtSundanceBayW/University_of_London_Computer_Science_BSc/CM3070_Computer_Science_Final_Project/multimodal-mammography-xai/data/processed/cbis_ddsm/model_input/full_mammograms_v4/test/P_01455_RIGHT_MLO_ad3bf4f4.jpg,0.0954316248965154,0.05295214892078115,0.03676105947128162,/Users/gibionmakiwa/MyDocuments/610MtSundanceBayW/University_of_London_Computer_Science_BSc/CM3070_Computer_Science_Final_Project/multimodal-mammography-xai/results/resnet50v2_finetuned/gradcam_roi_alignment/heatmaps/ad3bf4f4-1515-44d8-af64-b898229c2f08.npy
23700b6d-4964-4c47-bbb7-da28c84b6a96,P_01524,MALIGNANT,1,1,0.8077572,0.8077573180198669,1.1801986699033762e-07,TP,calcification,calcification,1,0.010570526123046875,large,1,303,208,0.07606548184673202,0.5802362561225891,0.07529571652412415,7.706098113505633,/Users/gibionmakiwa/MyDocuments/610MtSundanceBayW/University_of_London_Computer_Science_BSc/CM3070_Computer_Science_Final_Project/multimodal-mammography-xai/data/processed/cbis_ddsm/model_input/full_mammograms_v4/test/P_01524_LEFT_CC_23700b6d.jpg,0.09820413730393271,0.05285242899921799,0.03523517668451102,/Users/gibionmakiwa/MyDocuments/610MtSundanceBayW/University_of_London_Computer_Science_BSc/CM3070_Computer_Science_Final_Project/multimodal-mammography-xai/results/resnet50v2_finetuned/gradcam_roi_alignment/heatmaps/23700b6d-4964-4c47-bbb7-da28c84b6a96.npy
6c4d6b66-d3fa-4c6e-b6bc-f20daa075ced,P_01524,MALIGNANT,1,0,0.2271962,0.22719596326351166,2.3673648832933658e-07,FN,calcification,calcification,1,0.00904083251953125,large,0,272,303,0.01226663595718101,0.11300505697727203,0.08301656693220139,1.361234841922739,/Users/gibionmakiwa/MyDocuments/610MtSundanceBayW/University_of_London_Computer_Science_BSc/CM3070_Computer_Science_Final_Project/multimodal-mammography-xai/data/processed/cbis_ddsm/model_input/full_mammograms_v4/test/P_01524_LEFT_MLO_6c4d6b66.jpg,0.020346243084062108,0.014683553679220827,0.010994359307143214,/Users/gibionmakiwa/MyDocuments/610MtSundanceBayW/University_of_London_Computer_Science_BSc/CM3070_Computer_Science_Final_Project/multimodal-mammography-xai/results/resnet50v2_finetuned/gradcam_roi_alignment/heatmaps/6c4d6b66-d3fa-4c6e-b6bc-f20daa075ced.npy
da8cfc1c-264b-46cb-bf92-bea04d5bbafa,P_01537,MALIGNANT,1,1,0.5720087,0.5720088481903076,1.4819030758062013e-07,TP,calcification,calcification,1,0.044826507568359375,large,0,207,47,0.21961316071081594,0.29549723863601685,0.04927852004766464,5.996470234607186,/Users/gibionmakiwa/MyDocuments/610MtSundanceBayW/University_of_London_Computer_Science_BSc/CM3070_Computer_Science_Final_Project/multimodal-mammography-xai/data/processed/cbis_ddsm/model_input/full_mammograms_v4/test/P_01537_RIGHT_CC_da8cfc1c.jpg,0.28389300328024075,0.18373971743701353,0.12746479751555895,/Users/gibionmakiwa/MyDocuments/610MtSundanceBayW/University_of_London_Computer_Science_BSc/CM3070_Computer_Science_Final_Project/multimodal-mammography-xai/results/resnet50v2_finetuned/gradcam_roi_alignment/heatmaps/da8cfc1c-264b-46cb-bf92-bea04d5bbafa.npy
fa971372-e1d0-4634-9c00-7560568760cd,P_01577,BENIGN,0,0,0.4399978,0.4399978220462799,2.2046279912757427e-08,TN,calcification,calcification,1,0.00018310546875,small,0,207,239,0.00017720969537733577,0.06399355083703995,0.06612300127744675,0.967795470906917,/Users/gibionmakiwa/MyDocuments/610MtSundanceBayW/University_of_London_Computer_Science_BSc/CM3070_Computer_Science_Final_Project/multimodal-mammography-xai/data/processed/cbis_ddsm/model_input/full_mammograms_v4/test/P_01577_RIGHT_CC_fa971372.jpg,0.0,0.0002859212382295757,0.0005467399043840911,/Users/gibionmakiwa/MyDocuments/610MtSundanceBayW/University_of_London_Computer_Science_BSc/CM3070_Computer_Science_Final_Project/multimodal-mammography-xai/results/resnet50v2_finetuned/gradcam_roi_alignment/heatmaps/fa971372-e1d0-4634-9c00-7560568760cd.npy
0dcb1379-baff-4506-8628-33175b9d5f7e,P_01577,BENIGN,0,0,0.08378661,0.0837864801287651,1.2987123489127672e-07,TN,calcification,calcification,1,0.000164031982421875,small,0,303,47,0.0,0.0,0.04550972953438759,0.0,/Users/gibionmakiwa/MyDocuments/610MtSundanceBayW/University_of_London_Computer_Science_BSc/CM3070_Computer_Science_Final_Project/multimodal-mammography-xai/data/processed/cbis_ddsm/model_input/full_mammograms_v4/test/P_01577_RIGHT_MLO_0dcb1379.jpg,0.0,0.0,0.0,/Users/gibionmakiwa/MyDocuments/610MtSundanceBayW/University_of_London_Computer_Science_BSc/CM3070_Computer_Science_Final_Project/multimodal-mammography-xai/results/resnet50v2_finetuned/gradcam_roi_alignment/heatmaps/0dcb1379-baff-4506-8628-33175b9d5f7e.npy
52912602-7889-4593-8c38-6f713776ea6b,P_01596,MALIGNANT,1,1,0.5173641,0.5173639059066772,1.9409332274733515e-07,TP,calcification,calcification,1,0.00878143310546875,large,0,143,111,0.00038880353623655685,0.0019444557838141918,0.04428890347480774,0.04390389447960222,/Users/gibionmakiwa/MyDocuments/610MtSundanceBayW/University_of_London_Computer_Science_BSc/CM3070_Computer_Science_Final_Project/multimodal-mammography-xai/data/processed/cbis_ddsm/model_input/full_mammograms_v4/test/P_01596_LEFT_CC_52912602.jpg,0.0,0.0,0.0,/Users/gibionmakiwa/MyDocuments/610MtSundanceBayW/University_of_London_Computer_Science_BSc/CM3070_Computer_Science_Final_Project/multimodal-mammography-xai/results/resnet50v2_finetuned/gradcam_roi_alignment/heatmaps/52912602-7889-4593-8c38-6f713776ea6b.npy
b1a397c3-8bbe-422e-9d6b-c3efa2c43134,P_01596,MALIGNANT,1,1,0.73984355,0.7398434281349182,1.218650818035627e-07,TP,calcification,calcification,1,0.007961273193359375,large,0,144,111,0.00020382119560609008,0.0011961838463321328,0.04708840325474739,0.02540293383556591,/Users/gibionmakiwa/MyDocuments/610MtSundanceBayW/University_of_London_Computer_Science_BSc/CM3070_Computer_Science_Final_Project/multimodal-mammography-xai/data/processed/cbis_ddsm/model_input/full_mammograms_v4/test/P_01596_LEFT_MLO_b1a397c3.jpg,0.0,0.0,0.0,/Users/gibionmakiwa/MyDocuments/610MtSundanceBayW/University_of_London_Computer_Science_BSc/CM3070_Computer_Science_Final_Project/multimodal-mammography-xai/results/resnet50v2_finetuned/gradcam_roi_alignment/heatmaps/b1a397c3-8bbe-422e-9d6b-c3efa2c43134.npy
9fc14b61-b517-490f-8edf-ca741f17f204,P_01625,MALIGNANT,1,0,0.3038751,0.3038751780986786,7.809867857977437e-08,FN,calcification,calcification,1,0.0334625244140625,large,0,431,79,0.001526806535577279,0.001976375002413988,0.0447467640042305,0.04416798856219524,/Users/gibionmakiwa/MyDocuments/610MtSundanceBayW/University_of_London_Computer_Science_BSc/CM3070_Computer_Science_Final_Project/multimodal-mammography-xai/data/processed/cbis_ddsm/model_input/full_mammograms_v4/test/P_01625_RIGHT_CC_9fc14b61.jpg,0.0,0.002736179834190779,0.0032938152020474446,/Users/gibionmakiwa/MyDocuments/610MtSundanceBayW/University_of_London_Computer_Science_BSc/CM3070_Computer_Science_Final_Project/multimodal-mammography-xai/results/resnet50v2_finetuned/gradcam_roi_alignment/heatmaps/9fc14b61-b517-490f-8edf-ca741f17f204.npy
241eb37b-2e99-42a4-aae3-6db22c436670,P_01625,MALIGNANT,1,1,0.5501681,0.5501678586006165,2.4139938359368784e-07,TP,calcification,calcification,1,0.028850555419921875,large,0,431,79,0.00414948780244435,0.007939096540212631,0.05660292133688927,0.14025945923119643,/Users/gibionmakiwa/MyDocuments/610MtSundanceBayW/University_of_London_Computer_Science_BSc/CM3070_Computer_Science_Final_Project/multimodal-mammography-xai/data/processed/cbis_ddsm/model_input/full_mammograms_v4/test/P_01625_RIGHT_MLO_241eb37b.jpg,0.003565274229009448,0.006356713964643924,0.005869106098969698,/Users/gibionmakiwa/MyDocuments/610MtSundanceBayW/University_of_London_Computer_Science_BSc/CM3070_Computer_Science_Final_Project/multimodal-mammography-xai/results/resnet50v2_finetuned/gradcam_roi_alignment/heatmaps/241eb37b-2e99-42a4-aae3-6db22c436670.npy
7980e192-db55-4e3b-a43b-f89312f7dc59,P_01628,BENIGN,0,0,0.16356668,0.1635667383670807,5.836708069639762e-08,TN,calcification,calcification,3,0.00150299072265625,medium,0,175,303,0.020567762290091753,0.2143220454454422,0.015362564474344254,13.950919867198266,/Users/gibionmakiwa/MyDocuments/610MtSundanceBayW/University_of_London_Computer_Science_BSc/CM3070_Computer_Science_Final_Project/multimodal-mammography-xai/data/processed/cbis_ddsm/model_input/full_mammograms_v4/test/P_01628_LEFT_CC_7980e192.jpg,0.008527895694360218,0.004277729191224001,0.0028548589699668838,/Users/gibionmakiwa/MyDocuments/610MtSundanceBayW/University_of_London_Computer_Science_BSc/CM3070_Computer_Science_Final_Project/multimodal-mammography-xai/results/resnet50v2_finetuned/gradcam_roi_alignment/heatmaps/7980e192-db55-4e3b-a43b-f89312f7dc59.npy
aad1a826-e308-4577-9bb3-3c4090a5cadd,P_01628,BENIGN,0,0,0.11668993,0.11669009923934937,1.692393493679667e-07,TN,calcification,calcification,3,0.00199127197265625,medium,0,240,144,0.0,0.0,0.04061899334192276,0.0,/Users/gibionmakiwa/MyDocuments/610MtSundanceBayW/University_of_London_Computer_Science_BSc/CM3070_Computer_Science_Final_Project/multimodal-mammography-xai/data/processed/cbis_ddsm/model_input/full_mammograms_v4/test/P_01628_LEFT_MLO_aad1a826.jpg,0.0,0.0,0.0,/Users/gibionmakiwa/MyDocuments/610MtSundanceBayW/University_of_London_Computer_Science_BSc/CM3070_Computer_Science_Final_Project/multimodal-mammography-xai/results/resnet50v2_finetuned/gradcam_roi_alignment/heatmaps/aad1a826-e308-4577-9bb3-3c4090a5cadd.npy
6c46c8ad-3a1c-4cd4-a49c-147af3299a52,P_01628,BENIGN,0,0,0.3429085,0.3429088592529297,3.5925292968252975e-07,TN,calcification,calcification,2,0.000946044921875,small,0,240,144,2.1656482466646714e-06,0.00012896557745989412,0.05639073625206947,0.0022869989498527205,/Users/gibionmakiwa/MyDocuments/610MtSundanceBayW/University_of_London_Computer_Science_BSc/CM3070_Computer_Science_Final_Project/multimodal-mammography-xai/data/processed/cbis_ddsm/model_input/full_mammograms_v4/test/P_01628_RIGHT_CC_6c46c8ad.jpg,0.0,0.0,0.0,/Users/gibionmakiwa/MyDocuments/610MtSundanceBayW/University_of_London_Computer_Science_BSc/CM3070_Computer_Science_Final_Project/multimodal-mammography-xai/results/resnet50v2_finetuned/gradcam_roi_alignment/heatmaps/6c46c8ad-3a1c-4cd4-a49c-147af3299a52.npy
eea80aeb-0373-41bf-bbbf-387d6e50978e,P_01628,BENIGN,0,0,0.30997047,0.30997055768966675,8.768966675010148e-08,TN,calcification,calcification,2,0.001495361328125,medium,0,176,79,1.9709775026098777e-07,5.91068283029017e-06,0.044910915195941925,0.00013160901950922733,/Users/gibionmakiwa/MyDocuments/610MtSundanceBayW/University_of_London_Computer_Science_BSc/CM3070_Computer_Science_Final_Project/multimodal-mammography-xai/data/processed/cbis_ddsm/model_input/full_mammograms_v4/test/P_01628_RIGHT_MLO_eea80aeb.jpg,0.0,0.0,0.0,/Users/gibionmakiwa/MyDocuments/610MtSundanceBayW/University_of_London_Computer_Science_BSc/CM3070_Computer_Science_Final_Project/multimodal-mammography-xai/results/resnet50v2_finetuned/gradcam_roi_alignment/heatmaps/eea80aeb-0373-41bf-bbbf-387d6e50978e.npy
6b2c645d-67e9-49dc-af5a-0c8d46b94209,P_01639,BENIGN,0,1,0.85173666,0.8517367243766785,6.437667843250949e-08,FP,calcification,calcification,1,0.000919342041015625,small,0,239,144,0.0018132962082392733,0.2661324143409729,0.1348085105419159,1.974151287108181,/Users/gibionmakiwa/MyDocuments/610MtSundanceBayW/University_of_London_Computer_Science_BSc/CM3070_Computer_Science_Final_Project/multimodal-mammography-xai/data/processed/cbis_ddsm/model_input/full_mammograms_v4/test/P_01639_RIGHT_CC_6b2c645d.jpg,0.002842955157120655,0.004596692670087166,0.0030644812634309476,/Users/gibionmakiwa/MyDocuments/610MtSundanceBayW/University_of_London_Computer_Science_BSc/CM3070_Computer_Science_Final_Project/multimodal-mammography-xai/results/resnet50v2_finetuned/gradcam_roi_alignment/heatmaps/6b2c645d-67e9-49dc-af5a-0c8d46b94209.npy
6edd652b-89c7-4d19-95e6-9725b51bead1,P_01639,BENIGN,0,1,0.8085678,0.8085677623748779,3.7625122017992396e-08,FP,calcification,calcification,1,0.00152587890625,medium,0,399,144,8.115431156506715e-05,0.0024487250484526157,0.04610801860690117,0.05310843084030935,/Users/gibionmakiwa/MyDocuments/610MtSundanceBayW/University_of_London_Computer_Science_BSc/CM3070_Computer_Science_Final_Project/multimodal-mammography-xai/data/processed/cbis_ddsm/model_input/full_mammograms_v4/test/P_01639_RIGHT_MLO_6edd652b.jpg,0.0,0.0,0.0,/Users/gibionmakiwa/MyDocuments/610MtSundanceBayW/University_of_London_Computer_Science_BSc/CM3070_Computer_Science_Final_Project/multimodal-mammography-xai/results/resnet50v2_finetuned/gradcam_roi_alignment/heatmaps/6edd652b-89c7-4d19-95e6-9725b51bead1.npy
32fb41ed-8628-4c5c-889b-e07ab23d7273,P_01660,BENIGN,0,1,0.78602546,0.7860254645347595,4.534759567853541e-09,FP,calcification,calcification,1,0.00322723388671875,medium,0,144,175,0.0033750509369722815,0.06323406100273132,0.06045563519001007,1.0459579217786656,/Users/gibionmakiwa/MyDocuments/610MtSundanceBayW/University_of_London_Computer_Science_BSc/CM3070_Computer_Science_Final_Project/multimodal-mammography-xai/data/processed/cbis_ddsm/model_input/full_mammograms_v4/test/P_01660_RIGHT_CC_32fb41ed.jpg,0.0,0.011678693505507026,0.010280326327293058,/Users/gibionmakiwa/MyDocuments/610MtSundanceBayW/University_of_London_Computer_Science_BSc/CM3070_Computer_Science_Final_Project/multimodal-mammography-xai/results/resnet50v2_finetuned/gradcam_roi_alignment/heatmaps/32fb41ed-8628-4c5c-889b-e07ab23d7273.npy
7a816379-c6c5-4d5a-ad5d-5bdaf41caaad,P_01660,BENIGN,0,1,0.6765249,0.6765245795249939,3.2047500608811674e-07,FP,calcification,calcification,1,0.002288818359375,medium,0,144,112,0.0014705537108747643,0.02187022753059864,0.03406746685504913,0.6419679280520963,/Users/gibionmakiwa/MyDocuments/610MtSundanceBayW/University_of_London_Computer_Science_BSc/CM3070_Computer_Science_Final_Project/multimodal-mammography-xai/data/processed/cbis_ddsm/model_input/full_mammograms_v4/test/P_01660_RIGHT_MLO_7a816379.jpg,0.0,0.0065102683824925026,0.005008940006847665,/Users/gibionmakiwa/MyDocuments/610MtSundanceBayW/University_of_London_Computer_Science_BSc/CM3070_Computer_Science_Final_Project/multimodal-mammography-xai/results/resnet50v2_finetuned/gradcam_roi_alignment/heatmaps/7a816379-c6c5-4d5a-ad5d-5bdaf41caaad.npy
8fd18238-4124-41aa-a849-c5d01ee72e34,P_01678,BENIGN,0,1,0.51955867,0.5195586085319519,6.14680480959251e-08,FP,calcification,calcification,1,0.003108978271484375,medium,0,399,143,0.0,0.0,0.05548957362771034,0.0,/Users/gibionmakiwa/MyDocuments/610MtSundanceBayW/University_of_London_Computer_Science_BSc/CM3070_Computer_Science_Final_Project/multimodal-mammography-xai/data/processed/cbis_ddsm/model_input/full_mammograms_v4/test/P_01678_RIGHT_CC_8fd18238.jpg,0.0,0.0,0.0,/Users/gibionmakiwa/MyDocuments/610MtSundanceBayW/University_of_London_Computer_Science_BSc/CM3070_Computer_Science_Final_Project/multimodal-mammography-xai/results/resnet50v2_finetuned/gradcam_roi_alignment/heatmaps/8fd18238-4124-41aa-a849-c5d01ee72e34.npy
f47a4568-dbc2-4fac-8722-219cc7dfb273,P_01678,BENIGN,0,0,0.3979782,0.39797770977020264,4.902297973674585e-07,TN,calcification,calcification,1,0.003509521484375,medium,0,431,112,9.171870669092051e-06,0.00019806534692179412,0.07605386525392532,0.002604276853224143,/Users/gibionmakiwa/MyDocuments/610MtSundanceBayW/University_of_London_Computer_Science_BSc/CM3070_Computer_Science_Final_Project/multimodal-mammography-xai/data/processed/cbis_ddsm/model_input/full_mammograms_v4/test/P_01678_RIGHT_MLO_f47a4568.jpg,0.0,0.0,0.0,/Users/gibionmakiwa/MyDocuments/610MtSundanceBayW/University_of_London_Computer_Science_BSc/CM3070_Computer_Science_Final_Project/multimodal-mammography-xai/results/resnet50v2_finetuned/gradcam_roi_alignment/heatmaps/f47a4568-dbc2-4fac-8722-219cc7dfb273.npy
db6f9f83-79ac-450c-a6a7-131956f48082,P_01741,BENIGN,0,1,0.65152204,0.6515219807624817,5.9237518335031325e-08,FP,calcification,calcification,1,0.001621246337890625,medium,0,400,48,0.0013220540161109537,0.05432923138141632,0.06664437055587769,0.8152109889574894,/Users/gibionmakiwa/MyDocuments/610MtSundanceBayW/University_of_London_Computer_Science_BSc/CM3070_Computer_Science_Final_Project/multimodal-mammography-xai/data/processed/cbis_ddsm/model_input/full_mammograms_v4/test/P_01741_RIGHT_CC_db6f9f83.jpg,0.0001501726986033939,0.0016297756215888418,0.0018372104809690334,/Users/gibionmakiwa/MyDocuments/610MtSundanceBayW/University_of_London_Computer_Science_BSc/CM3070_Computer_Science_Final_Project/multimodal-mammography-xai/results/resnet50v2_finetuned/gradcam_roi_alignment/heatmaps/db6f9f83-79ac-450c-a6a7-131956f48082.npy
ebe834b3-f6c4-4fe1-9eea-84ae9e826177,P_01741,BENIGN,0,1,0.60141575,0.6014158129692078,6.296920773696257e-08,FP,calcification,calcification,1,0.002101898193359375,medium,0,400,79,0.0022614285653150047,0.07035955786705017,0.06538565456867218,1.0760700886224701,/Users/gibionmakiwa/MyDocuments/610MtSundanceBayW/University_of_London_Computer_Science_BSc/CM3070_Computer_Science_Final_Project/multimodal-mammography-xai/data/processed/cbis_ddsm/model_input/full_mammograms_v4/test/P_01741_RIGHT_MLO_ebe834b3.jpg,0.0,0.001417635384179189,0.002214657234336046,/Users/gibionmakiwa/MyDocuments/610MtSundanceBayW/University_of_London_Computer_Science_BSc/CM3070_Computer_Science_Final_Project/multimodal-mammography-xai/results/resnet50v2_finetuned/gradcam_roi_alignment/heatmaps/ebe834b3-f6c4-4fe1-9eea-84ae9e826177.npy
1ba1c13d-7d16-4f6c-92ad-7974b6d7d6bf,P_01766,BENIGN,0,0,0.107845806,0.10784564912319183,1.5687680816889316e-07,TN,calcification,calcification,1,0.00409698486328125,medium,0,207,239,0.012535769823424584,0.15786504745483398,0.05115683376789093,3.085902800632111,/Users/gibionmakiwa/MyDocuments/610MtSundanceBayW/University_of_London_Computer_Science_BSc/CM3070_Computer_Science_Final_Project/multimodal-mammography-xai/data/processed/cbis_ddsm/model_input/full_mammograms_v4/test/P_01766_LEFT_CC_1ba1c13d.jpg,0.01514024254147757,0.011360414343231953,0.008475969992536086,/Users/gibionmakiwa/MyDocuments/610MtSundanceBayW/University_of_London_Computer_Science_BSc/CM3070_Computer_Science_Final_Project/multimodal-mammography-xai/results/resnet50v2_finetuned/gradcam_roi_alignment/heatmaps/1ba1c13d-7d16-4f6c-92ad-7974b6d7d6bf.npy
38b4af7a-5b2d-4e1f-b577-1eb03dbb6382,P_01766,BENIGN,0,0,0.13320386,0.13320372998714447,1.3001285553704278e-07,TN,calcification,calcification,1,0.005626678466796875,large,0,367,272,0.0,0.0,0.042138662189245224,0.0,/Users/gibionmakiwa/MyDocuments/610MtSundanceBayW/University_of_London_Computer_Science_BSc/CM3070_Computer_Science_Final_Project/multimodal-mammography-xai/data/processed/cbis_ddsm/model_input/full_mammograms_v4/test/P_01766_LEFT_MLO_38b4af7a.jpg,0.0,0.0,0.0,/Users/gibionmakiwa/MyDocuments/610MtSundanceBayW/University_of_London_Computer_Science_BSc/CM3070_Computer_Science_Final_Project/multimodal-mammography-xai/results/resnet50v2_finetuned/gradcam_roi_alignment/heatmaps/38b4af7a-5b2d-4e1f-b577-1eb03dbb6382.npy
b6d2be5c-6b70-4a74-a9e4-be918c931de4,P_01769,BENIGN,0,0,0.3747968,0.3747970163822174,2.163822174217067e-07,TN,calcification,calcification,1,0.0002899169921875,small,0,207,175,0.0007256747724411958,0.10950303077697754,0.043728891760110855,2.504134025082361,/Users/gibionmakiwa/MyDocuments/610MtSundanceBayW/University_of_London_Computer_Science_BSc/CM3070_Computer_Science_Final_Project/multimodal-mammography-xai/data/processed/cbis_ddsm/model_input/full_mammograms_v4/test/P_01769_LEFT_CC_b6d2be5c.jpg,0.0004566383804558773,0.0014495794312308075,0.0009663924316213776,/Users/gibionmakiwa/MyDocuments/610MtSundanceBayW/University_of_London_Computer_Science_BSc/CM3070_Computer_Science_Final_Project/multimodal-mammography-xai/results/resnet50v2_finetuned/gradcam_roi_alignment/heatmaps/b6d2be5c-6b70-4a74-a9e4-be918c931de4.npy
6cf2e84f-6e16-49d1-be12-9cba6d8ff090,P_01769,BENIGN,0,1,0.8500211,0.8500211238861084,2.3886108424520103e-08,FP,calcification,calcification,1,0.00042724609375,small,0,368,112,0.0008803716439669551,0.09448450803756714,0.045832742005586624,2.0615063225103802,/Users/gibionmakiwa/MyDocuments/610MtSundanceBayW/University_of_London_Computer_Science_BSc/CM3070_Computer_Science_Final_Project/multimodal-mammography-xai/data/processed/cbis_ddsm/model_input/full_mammograms_v4/test/P_01769_LEFT_MLO_6cf2e84f.jpg,0.003239082387013185,0.0021362223197085584,0.0014241572676525565,/Users/gibionmakiwa/MyDocuments/610MtSundanceBayW/University_of_London_Computer_Science_BSc/CM3070_Computer_Science_Final_Project/multimodal-mammography-xai/results/resnet50v2_finetuned/gradcam_roi_alignment/heatmaps/6cf2e84f-6e16-49d1-be12-9cba6d8ff090.npy
8cf571ac-2cdd-4183-ae7c-05e750dba1e9,P_01769,BENIGN,0,1,0.53681356,0.5368134379386902,1.220613098373846e-07,FP,calcification,calcification,5,0.000797271728515625,small,0,431,79,0.0026361408756299027,0.32264599204063416,0.09740114212036133,3.3125480039695168,/Users/gibionmakiwa/MyDocuments/610MtSundanceBayW/University_of_London_Computer_Science_BSc/CM3070_Computer_Science_Final_Project/multimodal-mammography-xai/data/processed/cbis_ddsm/model_input/full_mammograms_v4/test/P_01769_RIGHT_CC_8cf571ac.jpg,0.004676450460041061,0.0028769028521348143,0.0020459513038174146,/Users/gibionmakiwa/MyDocuments/610MtSundanceBayW/University_of_London_Computer_Science_BSc/CM3070_Computer_Science_Final_Project/multimodal-mammography-xai/results/resnet50v2_finetuned/gradcam_roi_alignment/heatmaps/8cf571ac-2cdd-4183-ae7c-05e750dba1e9.npy
a402d6b3-5441-457c-a474-6a30be12c5a4,P_01769,BENIGN,0,1,0.68259555,0.6825956702232361,1.2022323603311236e-07,FP,calcification,calcification,4,0.00164794921875,medium,0,239,240,0.006157281543040567,0.19065053761005402,0.05079568177461624,3.753281645537632,/Users/gibionmakiwa/MyDocuments/610MtSundanceBayW/University_of_London_Computer_Science_BSc/CM3070_Computer_Science_Final_Project/multimodal-mammography-xai/data/processed/cbis_ddsm/model_input/full_mammograms_v4/test/P_01769_RIGHT_MLO_a402d6b3.jpg,0.008401135288552507,0.004522737206164605,0.0030188870707916335,/Users/gibionmakiwa/MyDocuments/610MtSundanceBayW/University_of_London_Computer_Science_BSc/CM3070_Computer_Science_Final_Project/multimodal-mammography-xai/results/resnet50v2_finetuned/gradcam_roi_alignment/heatmaps/a402d6b3-5441-457c-a474-6a30be12c5a4.npy
956d19c3-b740-404d-87e6-6cb4744c3058,P_01839,MALIGNANT,1,1,0.7634451,0.7634451389312744,3.893127442644584e-08,TP,calcification,calcification,1,0.025020599365234375,large,0,175,47,0.05854017147687817,0.22297018766403198,0.0920230820775032,2.4229808261196353,/Users/gibionmakiwa/MyDocuments/610MtSundanceBayW/University_of_London_Computer_Science_BSc/CM3070_Computer_Science_Final_Project/multimodal-mammography-xai/data/processed/cbis_ddsm/model_input/full_mammograms_v4/test/P_01839_LEFT_CC_956d19c3.jpg,0.12002049880423642,0.07904220096218925,0.06112536428624804,/Users/gibionmakiwa/MyDocuments/610MtSundanceBayW/University_of_London_Computer_Science_BSc/CM3070_Computer_Science_Final_Project/multimodal-mammography-xai/results/resnet50v2_finetuned/gradcam_roi_alignment/heatmaps/956d19c3-b740-404d-87e6-6cb4744c3058.npy
d57fe51a-a7b8-4513-b6db-ee4ef61a46bb,P_01839,MALIGNANT,1,1,0.67498237,0.6749825477600098,1.7776000971192474e-07,TP,calcification,calcification,1,0.014179229736328125,large,0,303,368,0.0040884403862250455,0.023838533088564873,0.08352132141590118,0.2854184994951647,/Users/gibionmakiwa/MyDocuments/610MtSundanceBayW/University_of_London_Computer_Science_BSc/CM3070_Computer_Science_Final_Project/multimodal-mammography-xai/data/processed/cbis_ddsm/model_input/full_mammograms_v4/test/P_01839_LEFT_MLO_d57fe51a.jpg,0.004126270589419303,0.004778181427727769,0.003704786974748952,/Users/gibionmakiwa/MyDocuments/610MtSundanceBayW/University_of_London_Computer_Science_BSc/CM3070_Computer_Science_Final_Project/multimodal-mammography-xai/results/resnet50v2_finetuned/gradcam_roi_alignment/heatmaps/d57fe51a-a7b8-4513-b6db-ee4ef61a46bb.npy
024d90c3-f4f4-400b-a96b-4d841a0e94b2,P_01847,MALIGNANT,1,1,0.73745954,0.7374595403671265,3.671264403593e-10,TP,calcification,calcification,1,0.004329681396484375,medium,0,303,207,0.018419144772896655,0.3740847408771515,0.08668960630893707,4.315219709175089,/Users/gibionmakiwa/MyDocuments/610MtSundanceBayW/University_of_London_Computer_Science_BSc/CM3070_Computer_Science_Final_Project/multimodal-mammography-xai/data/processed/cbis_ddsm/model_input/full_mammograms_v4/test/P_01847_LEFT_CC_024d90c3.jpg,0.037084786895191874,0.02164832440061798,0.014432308024871889,/Users/gibionmakiwa/MyDocuments/610MtSundanceBayW/University_of_London_Computer_Science_BSc/CM3070_Computer_Science_Final_Project/multimodal-mammography-xai/results/resnet50v2_finetuned/gradcam_roi_alignment/heatmaps/024d90c3-f4f4-400b-a96b-4d841a0e94b2.npy
9adda682-3619-4474-899d-722cdc31d709,P_01847,MALIGNANT,1,0,0.35944095,0.3594411611557007,2.111557007022924e-07,FN,calcification,calcification,1,0.0033111572265625,medium,0,239,79,2.6667181410284915e-06,6.455682159867138e-05,0.08042372018098831,0.0008027086216144228,/Users/gibionmakiwa/MyDocuments/610MtSundanceBayW/University_of_London_Computer_Science_BSc/CM3070_Computer_Science_Final_Project/multimodal-mammography-xai/data/processed/cbis_ddsm/model_input/full_mammograms_v4/test/P_01847_LEFT_MLO_9adda682.jpg,0.0,0.0,0.0,/Users/gibionmakiwa/MyDocuments/610MtSundanceBayW/University_of_London_Computer_Science_BSc/CM3070_Computer_Science_Final_Project/multimodal-mammography-xai/results/resnet50v2_finetuned/gradcam_roi_alignment/heatmaps/9adda682-3619-4474-899d-722cdc31d709.npy
6c6aafc3-ae0d-4290-bdf3-8c13b83df01c,P_01884,BENIGN,0,0,0.35802364,0.3580235540866852,8.591331479568254e-08,TN,calcification,calcification,1,0.000415802001953125,small,0,144,79,7.2201529583950794e-09,7.27963538338372e-07,0.041940201073884964,1.7357173931622275e-05,/Users/gibionmakiwa/MyDocuments/610MtSundanceBayW/University_of_London_Computer_Science_BSc/CM3070_Computer_Science_Final_Project/multimodal-mammography-xai/data/processed/cbis_ddsm/model_input/full_mammograms_v4/test/P_01884_RIGHT_CC_6c6aafc3.jpg,0.0,0.0,0.0,/Users/gibionmakiwa/MyDocuments/610MtSundanceBayW/University_of_London_Computer_Science_BSc/CM3070_Computer_Science_Final_Project/multimodal-mammography-xai/results/resnet50v2_finetuned/gradcam_roi_alignment/heatmaps/6c6aafc3-ae0d-4290-bdf3-8c13b83df01c.npy
f71c137d-5f4c-446d-9845-69c526ab5de1,P_01884,BENIGN,0,0,0.27343646,0.2734362483024597,2.116975402755017e-07,TN,calcification,calcification,1,0.000453948974609375,small,0,144,48,0.0,0.0,0.04899415001273155,0.0,/Users/gibionmakiwa/MyDocuments/610MtSundanceBayW/University_of_London_Computer_Science_BSc/CM3070_Computer_Science_Final_Project/multimodal-mammography-xai/data/processed/cbis_ddsm/model_input/full_mammograms_v4/test/P_01884_RIGHT_MLO_f71c137d.jpg,0.0,0.0,0.0,/Users/gibionmakiwa/MyDocuments/610MtSundanceBayW/University_of_London_Computer_Science_BSc/CM3070_Computer_Science_Final_Project/multimodal-mammography-xai/results/resnet50v2_finetuned/gradcam_roi_alignment/heatmaps/f71c137d-5f4c-446d-9845-69c526ab5de1.npy
a431a884-40b8-4f17-b05d-d64050a0e98b,P_02105,MALIGNANT,1,0,0.33031648,0.3303164541721344,2.5827865623995194e-08,FN,calcification,calcification,1,0.06182861328125,large,0,272,80,0.0005788199058577179,0.0008339584455825388,0.09489795565605164,0.00878794861214559,/Users/gibionmakiwa/MyDocuments/610MtSundanceBayW/University_of_London_Computer_Science_BSc/CM3070_Computer_Science_Final_Project/multimodal-mammography-xai/data/processed/cbis_ddsm/model_input/full_mammograms_v4/test/P_02105_LEFT_CC_a431a884.jpg,0.0,0.0,0.0,/Users/gibionmakiwa/MyDocuments/610MtSundanceBayW/University_of_London_Computer_Science_BSc/CM3070_Computer_Science_Final_Project/multimodal-mammography-xai/results/resnet50v2_finetuned/gradcam_roi_alignment/heatmaps/a431a884-40b8-4f17-b05d-d64050a0e98b.npy
63b005f3-fef9-4377-be86-a43a3303fa5c,P_02105,MALIGNANT,1,0,0.26944733,0.26944708824157715,2.4175842283646887e-07,FN,calcification,calcification,1,0.0773162841796875,large,0,304,47,0.00022241220845682207,0.00014750093396287411,0.05555940791964531,0.0026548322406149457,/Users/gibionmakiwa/MyDocuments/610MtSundanceBayW/University_of_London_Computer_Science_BSc/CM3070_Computer_Science_Final_Project/multimodal-mammography-xai/data/processed/cbis_ddsm/model_input/full_mammograms_v4/test/P_02105_LEFT_MLO_63b005f3.jpg,0.0,0.0,0.0,/Users/gibionmakiwa/MyDocuments/610MtSundanceBayW/University_of_London_Computer_Science_BSc/CM3070_Computer_Science_Final_Project/multimodal-mammography-xai/results/resnet50v2_finetuned/gradcam_roi_alignment/heatmaps/63b005f3-fef9-4377-be86-a43a3303fa5c.npy
8f24614c-4b87-4c10-8660-fdbc93c1367e,P_02154,MALIGNANT,1,1,0.5162716,0.5162719488143921,3.488143920371556e-07,TP,calcification,calcification,1,0.002307891845703125,medium,0,271,143,0.00038731167252308626,0.008629239164292812,0.05151841789484024,0.16749810731621845,/Users/gibionmakiwa/MyDocuments/610MtSundanceBayW/University_of_London_Computer_Science_BSc/CM3070_Computer_Science_Final_Project/multimodal-mammography-xai/data/processed/cbis_ddsm/model_input/full_mammograms_v4/test/P_02154_LEFT_CC_8f24614c.jpg,0.0,0.0,0.0,/Users/gibionmakiwa/MyDocuments/610MtSundanceBayW/University_of_London_Computer_Science_BSc/CM3070_Computer_Science_Final_Project/multimodal-mammography-xai/results/resnet50v2_finetuned/gradcam_roi_alignment/heatmaps/8f24614c-4b87-4c10-8660-fdbc93c1367e.npy
6f78a778-bfd6-4f1e-8230-22f697458e0e,P_02154,MALIGNANT,1,1,0.80052686,0.8005267381668091,1.2183319086922495e-07,TP,calcification,calcification,1,0.00336456298828125,medium,0,240,271,0.0001184309432137673,0.0024267996195703745,0.06916871666908264,0.03508521461123148,/Users/gibionmakiwa/MyDocuments/610MtSundanceBayW/University_of_London_Computer_Science_BSc/CM3070_Computer_Science_Final_Project/multimodal-mammography-xai/data/processed/cbis_ddsm/model_input/full_mammograms_v4/test/P_02154_LEFT_MLO_6f78a778.jpg,0.0,0.0,0.0,/Users/gibionmakiwa/MyDocuments/610MtSundanceBayW/University_of_London_Computer_Science_BSc/CM3070_Computer_Science_Final_Project/multimodal-mammography-xai/results/resnet50v2_finetuned/gradcam_roi_alignment/heatmaps/6f78a778-bfd6-4f1e-8230-22f697458e0e.npy
54cbff75-6c37-4436-b9ed-c3c5fab129d6,P_02318,BENIGN,0,1,0.7240232,0.7240233421325684,1.4213256838147004e-07,FP,calcification,calcification,1,0.0047607421875,medium,0,143,464,0.0,0.0,0.10153445601463318,0.0,/Users/gibionmakiwa/MyDocuments/610MtSundanceBayW/University_of_London_Computer_Science_BSc/CM3070_Computer_Science_Final_Project/multimodal-mammography-xai/data/processed/cbis_ddsm/model_input/full_mammograms_v4/test/P_02318_RIGHT_CC_54cbff75.jpg,0.0,0.0,0.0,/Users/gibionmakiwa/MyDocuments/610MtSundanceBayW/University_of_London_Computer_Science_BSc/CM3070_Computer_Science_Final_Project/multimodal-mammography-xai/results/resnet50v2_finetuned/gradcam_roi_alignment/heatmaps/54cbff75-6c37-4436-b9ed-c3c5fab129d6.npy
e57a65ad-947a-486a-bafb-26f2fd450f0b,P_02318,BENIGN,0,0,0.26383117,0.2638310492038727,1.207961273230751e-07,TN,calcification,calcification,1,0.007518768310546875,large,0,143,463,0.01057782082398669,0.09797825664281845,0.06942877173423767,1.4112051831452788,/Users/gibionmakiwa/MyDocuments/610MtSundanceBayW/University_of_London_Computer_Science_BSc/CM3070_Computer_Science_Final_Project/multimodal-mammography-xai/data/processed/cbis_ddsm/model_input/full_mammograms_v4/test/P_02318_RIGHT_MLO_e57a65ad.jpg,0.009454910106725879,0.016233584278268667,0.01640315707189147,/Users/gibionmakiwa/MyDocuments/610MtSundanceBayW/University_of_London_Computer_Science_BSc/CM3070_Computer_Science_Final_Project/multimodal-mammography-xai/results/resnet50v2_finetuned/gradcam_roi_alignment/heatmaps/e57a65ad-947a-486a-bafb-26f2fd450f0b.npy
ed10493d-688b-4015-99c5-262b4edeebf8,P_02368,MALIGNANT,1,1,0.62188756,0.621887743473053,1.8347305297261585e-07,TP,calcification,calcification,1,0.004840850830078125,medium,0,240,207,0.0013281168402733436,0.02240910939872265,0.08196726441383362,0.2733909302093454,/Users/gibionmakiwa/MyDocuments/610MtSundanceBayW/University_of_London_Computer_Science_BSc/CM3070_Computer_Science_Final_Project/multimodal-mammography-xai/data/processed/cbis_ddsm/model_input/full_mammograms_v4/test/P_02368_RIGHT_CC_ed10493d.jpg,0.0,0.0,0.0022072840373231666,/Users/gibionmakiwa/MyDocuments/610MtSundanceBayW/University_of_London_Computer_Science_BSc/CM3070_Computer_Science_Final_Project/multimodal-mammography-xai/results/resnet50v2_finetuned/gradcam_roi_alignment/heatmaps/ed10493d-688b-4015-99c5-262b4edeebf8.npy
870a78a1-b7c3-4c9e-be11-8f3ebfff3369,P_02368,MALIGNANT,1,1,0.5235401,0.5235402584075928,1.584075928207085e-07,TP,calcification,calcification,1,0.003948211669921875,medium,0,271,143,6.745177588561168e-06,0.0001437055179849267,0.08444921672344208,0.001701679500933024,/Users/gibionmakiwa/MyDocuments/610MtSundanceBayW/University_of_London_Computer_Science_BSc/CM3070_Computer_Science_Final_Project/multimodal-mammography-xai/data/processed/cbis_ddsm/model_input/full_mammograms_v4/test/P_02368_RIGHT_MLO_870a78a1.jpg,0.0,0.0,0.0,/Users/gibionmakiwa/MyDocuments/610MtSundanceBayW/University_of_London_Computer_Science_BSc/CM3070_Computer_Science_Final_Project/multimodal-mammography-xai/results/resnet50v2_finetuned/gradcam_roi_alignment/heatmaps/870a78a1-b7c3-4c9e-be11-8f3ebfff3369.npy
c53d9413-d556-4335-977d-7f2d0517bdf2,P_02419,MALIGNANT,1,0,0.29012856,0.2901286482810974,8.828109743230783e-08,FN,calcification,calcification,1,0.0120391845703125,large,0,272,144,0.0,0.0,0.057562801986932755,0.0,/Users/gibionmakiwa/MyDocuments/610MtSundanceBayW/University_of_London_Computer_Science_BSc/CM3070_Computer_Science_Final_Project/multimodal-mammography-xai/data/processed/cbis_ddsm/model_input/full_mammograms_v4/test/P_02419_LEFT_CC_c53d9413.jpg,0.0,0.0,0.0,/Users/gibionmakiwa/MyDocuments/610MtSundanceBayW/University_of_London_Computer_Science_BSc/CM3070_Computer_Science_Final_Project/multimodal-mammography-xai/results/resnet50v2_finetuned/gradcam_roi_alignment/heatmaps/c53d9413-d556-4335-977d-7f2d0517bdf2.npy
22bf511a-03d6-4521-a887-709a93e26638,P_02419,MALIGNANT,1,1,0.72680175,0.7268019318580627,1.8185806271997507e-07,TP,calcification,calcification,1,0.015476226806640625,large,0,303,80,0.0,0.0,0.09518684446811676,0.0,/Users/gibionmakiwa/MyDocuments/610MtSundanceBayW/University_of_London_Computer_Science_BSc/CM3070_Computer_Science_Final_Project/multimodal-mammography-xai/data/processed/cbis_ddsm/model_input/full_mammograms_v4/test/P_02419_LEFT_MLO_22bf511a.jpg,0.0,0.0,0.0,/Users/gibionmakiwa/MyDocuments/610MtSundanceBayW/University_of_London_Computer_Science_BSc/CM3070_Computer_Science_Final_Project/multimodal-mammography-xai/results/resnet50v2_finetuned/gradcam_roi_alignment/heatmaps/22bf511a-03d6-4521-a887-709a93e26638.npy
c9a6541b-7f5f-486c-b731-7f66244194c7,P_02584,BENIGN,0,1,0.9052832,0.9052832722663879,7.226638798485396e-08,FP,calcification,calcification,1,0.00522613525390625,large,0,400,111,0.0009022822827153273,0.012131472118198872,0.07057247310876846,0.17190088238076415,/Users/gibionmakiwa/MyDocuments/610MtSundanceBayW/University_of_London_Computer_Science_BSc/CM3070_Computer_Science_Final_Project/multimodal-mammography-xai/data/processed/cbis_ddsm/model_input/full_mammograms_v4/test/P_02584_LEFT_CC_c9a6541b.jpg,0.0,0.0,0.0,/Users/gibionmakiwa/MyDocuments/610MtSundanceBayW/University_of_London_Computer_Science_BSc/CM3070_Computer_Science_Final_Project/multimodal-mammography-xai/results/resnet50v2_finetuned/gradcam_roi_alignment/heatmaps/c9a6541b-7f5f-486c-b731-7f66244194c7.npy
b022987b-eae5-483c-b246-41b81c4d5287,P_02584,BENIGN,0,1,0.74217874,0.7421784400939941,2.999060058073155e-07,FP,calcification,calcification,1,0.00506591796875,large,0,239,367,0.0014463857562404426,0.015423726290464401,0.05421760305762291,0.28447815056099834,/Users/gibionmakiwa/MyDocuments/610MtSundanceBayW/University_of_London_Computer_Science_BSc/CM3070_Computer_Science_Final_Project/multimodal-mammography-xai/data/processed/cbis_ddsm/model_input/full_mammograms_v4/test/P_02584_LEFT_MLO_b022987b.jpg,0.0,0.0009682524904571269,0.003022701617960617,/Users/gibionmakiwa/MyDocuments/610MtSundanceBayW/University_of_London_Computer_Science_BSc/CM3070_Computer_Science_Final_Project/multimodal-mammography-xai/results/resnet50v2_finetuned/gradcam_roi_alignment/heatmaps/b022987b-eae5-483c-b246-41b81c4d5287.npy
f77ccf53-2c2f-427c-b9de-b1ec2390413f,P_00315,BENIGN,0,1,0.65981966,0.6598194241523743,2.358476257624531e-07,FP,calcification,calcification,1,0.00089263916015625,small,0,368,47,0.00012701634098760976,0.007471239659935236,0.052546244114637375,0.1421840583276522,/Users/gibionmakiwa/MyDocuments/610MtSundanceBayW/University_of_London_Computer_Science_BSc/CM3070_Computer_Science_Final_Project/multimodal-mammography-xai/data/processed/cbis_ddsm/model_input/full_mammograms_v4/test/P_00315_LEFT_MLO_f77ccf53.jpg,0.0,0.0,0.0,/Users/gibionmakiwa/MyDocuments/610MtSundanceBayW/University_of_London_Computer_Science_BSc/CM3070_Computer_Science_Final_Project/multimodal-mammography-xai/results/resnet50v2_finetuned/gradcam_roi_alignment/heatmaps/f77ccf53-2c2f-427c-b9de-b1ec2390413f.npy
6b2281e1-94dd-432c-a907-f97a7fb27a16,P_00485,MALIGNANT,1,1,0.68216187,0.6821616291999817,2.408000182585468e-07,TP,calcification,calcification,1,0.00313568115234375,medium,0,271,335,0.0008901258744410461,0.015101809054613113,0.05331956967711449,0.2832319599303785,/Users/gibionmakiwa/MyDocuments/610MtSundanceBayW/University_of_London_Computer_Science_BSc/CM3070_Computer_Science_Final_Project/multimodal-mammography-xai/data/processed/cbis_ddsm/model_input/full_mammograms_v4/test/P_00485_LEFT_CC_6b2281e1.jpg,0.0,0.0,0.000818639798488665,/Users/gibionmakiwa/MyDocuments/610MtSundanceBayW/University_of_London_Computer_Science_BSc/CM3070_Computer_Science_Final_Project/multimodal-mammography-xai/results/resnet50v2_finetuned/gradcam_roi_alignment/heatmaps/6b2281e1-94dd-432c-a907-f97a7fb27a16.npy
9d8167f3-f7f5-4230-93cd-0d506d6d29b7,P_01352,BENIGN,0,0,0.44091457,0.440914511680603,5.8319396978312454e-08,TN,calcification,calcification,1,0.000316619873046875,small,0,335,47,0.0008643561970930483,0.10718511044979095,0.03924116492271423,2.7314449850416755,/Users/gibionmakiwa/MyDocuments/610MtSundanceBayW/University_of_London_Computer_Science_BSc/CM3070_Computer_Science_Final_Project/multimodal-mammography-xai/data/processed/cbis_ddsm/model_input/full_mammograms_v4/test/P_01352_LEFT_MLO_9d8167f3.jpg,0.0017903397836355325,0.0015830933262125924,0.0010554022608496624,/Users/gibionmakiwa/MyDocuments/610MtSundanceBayW/University_of_London_Computer_Science_BSc/CM3070_Computer_Science_Final_Project/multimodal-mammography-xai/results/resnet50v2_finetuned/gradcam_roi_alignment/heatmaps/9d8167f3-f7f5-4230-93cd-0d506d6d29b7.npy
ee012ef3-3f82-42cc-a688-9dcbce2abd39,P_00045,MALIGNANT,1,0,0.42421657,0.4242163896560669,1.80343933120497e-07,FN,mass,mass,1,0.00177001953125,medium,0,175,80,6.390386519466358e-10,1.7412620678669555e-08,0.04831526800990105,3.6039574635379846e-07,/Users/gibionmakiwa/MyDocuments/610MtSundanceBayW/University_of_London_Computer_Science_BSc/CM3070_Computer_Science_Final_Project/multimodal-mammography-xai/data/processed/cbis_ddsm/model_input/full_mammograms_v4/test/P_00045_LEFT_CC_ee012ef3.jpg,0.0,0.0,0.0,/Users/gibionmakiwa/MyDocuments/610MtSundanceBayW/University_of_London_Computer_Science_BSc/CM3070_Computer_Science_Final_Project/multimodal-mammography-xai/results/resnet50v2_finetuned/gradcam_roi_alignment/heatmaps/ee012ef3-3f82-42cc-a688-9dcbce2abd39.npy
a9832453-041a-43f7-b861-2466cf58b86f,P_00045,MALIGNANT,1,0,0.44924825,0.4492480456829071,2.0431709291113265e-07,FN,mass,mass,1,0.0012664794921875,small,0,175,80,3.90286870382734e-06,0.00012161596532678232,0.039514221251010895,0.003077776322009833,/Users/gibionmakiwa/MyDocuments/610MtSundanceBayW/University_of_London_Computer_Science_BSc/CM3070_Computer_Science_Final_Project/multimodal-mammography-xai/data/processed/cbis_ddsm/model_input/full_mammograms_v4/test/P_00045_LEFT_MLO_a9832453.jpg,0.0,0.0,0.0,/Users/gibionmakiwa/MyDocuments/610MtSundanceBayW/University_of_London_Computer_Science_BSc/CM3070_Computer_Science_Final_Project/multimodal-mammography-xai/results/resnet50v2_finetuned/gradcam_roi_alignment/heatmaps/a9832453-041a-43f7-b861-2466cf58b86f.npy
5a7154cb-9d47-480e-bd94-1aa0d2e4a21d,P_00079,MALIGNANT,1,0,0.38535008,0.385349839925766,2.400742339925266e-07,FN,mass,mass,1,0.01032257080078125,large,0,399,399,0.01712656503180177,0.22607530653476715,0.1353239268064499,1.6706231866289587,/Users/gibionmakiwa/MyDocuments/610MtSundanceBayW/University_of_London_Computer_Science_BSc/CM3070_Computer_Science_Final_Project/multimodal-mammography-xai/data/processed/cbis_ddsm/model_input/full_mammograms_v4/test/P_00079_RIGHT_CC_5a7154cb.jpg,0.0,0.018622868439041512,0.028783529143955586,/Users/gibionmakiwa/MyDocuments/610MtSundanceBayW/University_of_London_Computer_Science_BSc/CM3070_Computer_Science_Final_Project/multimodal-mammography-xai/results/resnet50v2_finetuned/gradcam_roi_alignment/heatmaps/5a7154cb-9d47-480e-bd94-1aa0d2e4a21d.npy
8eec2de2-4655-436c-89ad-ff498c7572b9,P_00079,MALIGNANT,1,1,0.5490673,0.549067497253418,1.9725341793286333e-07,TP,mass,mass,1,0.0053863525390625,large,0,207,208,1.38935558091512e-06,1.8212913346360438e-05,0.0709914043545723,0.0002565509296010724,/Users/gibionmakiwa/MyDocuments/610MtSundanceBayW/University_of_London_Computer_Science_BSc/CM3070_Computer_Science_Final_Project/multimodal-mammography-xai/data/processed/cbis_ddsm/model_input/full_mammograms_v4/test/P_00079_RIGHT_MLO_8eec2de2.jpg,0.0,0.0,0.0,/Users/gibionmakiwa/MyDocuments/610MtSundanceBayW/University_of_London_Computer_Science_BSc/CM3070_Computer_Science_Final_Project/multimodal-mammography-xai/results/resnet50v2_finetuned/gradcam_roi_alignment/heatmaps/8eec2de2-4655-436c-89ad-ff498c7572b9.npy
497899c5-bfa2-4c60-941f-836b400a7af6,P_00080,MALIGNANT,1,1,0.9379862,0.9379863739013672,1.7390136719530602e-07,TP,mass,mass,1,0.003376007080078125,medium,0,239,303,0.0569110136239782,0.7202266454696655,0.04042941704392433,17.81441633311249,/Users/gibionmakiwa/MyDocuments/610MtSundanceBayW/University_of_London_Computer_Science_BSc/CM3070_Computer_Science_Final_Project/multimodal-mammography-xai/data/processed/cbis_ddsm/model_input/full_mammograms_v4/test/P_00080_RIGHT_CC_497899c5.jpg,0.033759298111768074,0.016879971008411376,0.011253385552433147,/Users/gibionmakiwa/MyDocuments/610MtSundanceBayW/University_of_London_Computer_Science_BSc/CM3070_Computer_Science_Final_Project/multimodal-mammography-xai/results/resnet50v2_finetuned/gradcam_roi_alignment/heatmaps/497899c5-bfa2-4c60-941f-836b400a7af6.npy
85abbf91-e8e8-4b24-a897-8dfd9035d365,P_00080,MALIGNANT,1,0,0.4396459,0.43964627385139465,3.7385139467494e-07,FN,mass,mass,1,0.00411224365234375,medium,0,399,48,0.0,0.0,0.03723836690187454,0.0,/Users/gibionmakiwa/MyDocuments/610MtSundanceBayW/University_of_London_Computer_Science_BSc/CM3070_Computer_Science_Final_Project/multimodal-mammography-xai/data/processed/cbis_ddsm/model_input/full_mammograms_v4/test/P_00080_RIGHT_MLO_85abbf91.jpg,0.0,0.0,0.0,/Users/gibionmakiwa/MyDocuments/610MtSundanceBayW/University_of_London_Computer_Science_BSc/CM3070_Computer_Science_Final_Project/multimodal-mammography-xai/results/resnet50v2_finetuned/gradcam_roi_alignment/heatmaps/85abbf91-e8e8-4b24-a897-8dfd9035d365.npy
4e8c790e-3b4c-496d-b138-af5a0c873e79,P_00086,MALIGNANT,1,0,0.4743501,0.4743500053882599,9.461174010905182e-08,FN,mass,mass,1,0.001628875732421875,medium,0,240,112,0.001999161524118103,0.047851115465164185,0.038973648101091385,1.2277809627478669,/Users/gibionmakiwa/MyDocuments/610MtSundanceBayW/University_of_London_Computer_Science_BSc/CM3070_Computer_Science_Final_Project/multimodal-mammography-xai/data/processed/cbis_ddsm/model_input/full_mammograms_v4/test/P_00086_RIGHT_CC_4e8c790e.jpg,0.0,0.007182730961952484,0.0053912468529868016,/Users/gibionmakiwa/MyDocuments/610MtSundanceBayW/University_of_London_Computer_Science_BSc/CM3070_Computer_Science_Final_Project/multimodal-mammography-xai/results/resnet50v2_finetuned/gradcam_roi_alignment/heatmaps/4e8c790e-3b4c-496d-b138-af5a0c873e79.npy
fbdb8e83-4329-4bdc-9d43-8643ec1e3b10,P_00086,MALIGNANT,1,0,0.23694585,0.23694583773612976,1.226387025266007e-08,FN,mass,mass,1,0.001499176025390625,medium,0,239,47,0.0017302192447329653,0.06548105180263519,0.05672397464513779,1.1543803245184756,/Users/gibionmakiwa/MyDocuments/610MtSundanceBayW/University_of_London_Computer_Science_BSc/CM3070_Computer_Science_Final_Project/multimodal-mammography-xai/data/processed/cbis_ddsm/model_input/full_mammograms_v4/test/P_00086_RIGHT_MLO_fbdb8e83.jpg,0.0,0.0033240260603643133,0.003440614486129626,/Users/gibionmakiwa/MyDocuments/610MtSundanceBayW/University_of_London_Computer_Science_BSc/CM3070_Computer_Science_Final_Project/multimodal-mammography-xai/results/resnet50v2_finetuned/gradcam_roi_alignment/heatmaps/fbdb8e83-4329-4bdc-9d43-8643ec1e3b10.npy
b4203fcd-9461-4386-8935-c9a381a3e2a0,P_00169,BENIGN,0,0,0.11368078,0.1136808767914772,9.679147720820236e-08,TN,mass,mass,1,0.00391387939453125,medium,0,271,400,0.0,0.0,0.04851681739091873,0.0,/Users/gibionmakiwa/MyDocuments/610MtSundanceBayW/University_of_London_Computer_Science_BSc/CM3070_Computer_Science_Final_Project/multimodal-mammography-xai/data/processed/cbis_ddsm/model_input/full_mammograms_v4/test/P_00169_RIGHT_MLO_b4203fcd.jpg,0.0,0.0,0.0,/Users/gibionmakiwa/MyDocuments/610MtSundanceBayW/University_of_London_Computer_Science_BSc/CM3070_Computer_Science_Final_Project/multimodal-mammography-xai/results/resnet50v2_finetuned/gradcam_roi_alignment/heatmaps/b4203fcd-9461-4386-8935-c9a381a3e2a0.npy
94ac7994-9ab3-4fbf-a109-5fb5de833031,P_00208,BENIGN,0,0,0.045419723,0.04541972279548645,2.0451355192685483e-10,TN,mass,mass,1,0.001712799072265625,medium,0,304,496,0.0,0.0,0.04071582481265068,0.0,/Users/gibionmakiwa/MyDocuments/610MtSundanceBayW/University_of_London_Computer_Science_BSc/CM3070_Computer_Science_Final_Project/multimodal-mammography-xai/data/processed/cbis_ddsm/model_input/full_mammograms_v4/test/P_00208_RIGHT_MLO_94ac7994.jpg,0.0,0.0,0.0,/Users/gibionmakiwa/MyDocuments/610MtSundanceBayW/University_of_London_Computer_Science_BSc/CM3070_Computer_Science_Final_Project/multimodal-mammography-xai/results/resnet50v2_finetuned/gradcam_roi_alignment/heatmaps/94ac7994-9ab3-4fbf-a109-5fb5de833031.npy
0cf2d732-2a09-413e-8482-a315f410bb4e,P_00219,BENIGN,0,1,0.7108725,0.7108724117279053,8.827209474482345e-08,FP,mass,mass,1,0.002574920654296875,medium,0,240,143,0.00023311976643425127,0.005785033572465181,0.06404852122068405,0.09032265786911509,/Users/gibionmakiwa/MyDocuments/610MtSundanceBayW/University_of_London_Computer_Science_BSc/CM3070_Computer_Science_Final_Project/multimodal-mammography-xai/data/processed/cbis_ddsm/model_input/full_mammograms_v4/test/P_00219_RIGHT_CC_0cf2d732.jpg,0.0,0.0,0.0,/Users/gibionmakiwa/MyDocuments/610MtSundanceBayW/University_of_London_Computer_Science_BSc/CM3070_Computer_Science_Final_Project/multimodal-mammography-xai/results/resnet50v2_finetuned/gradcam_roi_alignment/heatmaps/0cf2d732-2a09-413e-8482-a315f410bb4e.npy
2fccf9f6-8288-489a-84ae-844feb51a5d4,P_00221,BENIGN,0,0,0.2773914,0.27739179134368896,3.9134368895465954e-07,TN,mass,mass,1,0.00063323974609375,small,0,304,432,0.0,0.0,0.08385354280471802,0.0,/Users/gibionmakiwa/MyDocuments/610MtSundanceBayW/University_of_London_Computer_Science_BSc/CM3070_Computer_Science_Final_Project/multimodal-mammography-xai/data/processed/cbis_ddsm/model_input/full_mammograms_v4/test/P_00221_RIGHT_MLO_2fccf9f6.jpg,0.0,0.0,0.0,/Users/gibionmakiwa/MyDocuments/610MtSundanceBayW/University_of_London_Computer_Science_BSc/CM3070_Computer_Science_Final_Project/multimodal-mammography-xai/results/resnet50v2_finetuned/gradcam_roi_alignment/heatmaps/2fccf9f6-8288-489a-84ae-844feb51a5d4.npy
510ac08a-f1d6-4bb7-8d73-ff373ffbf27c,P_00234,BENIGN,0,1,0.59431857,0.594318687915802,1.1791580201148122e-07,FP,mass,mass,1,0.011016845703125,large,0,144,80,0.00979909954490094,0.07045840471982956,0.07931187748908997,0.8883713015847936,/Users/gibionmakiwa/MyDocuments/610MtSundanceBayW/University_of_London_Computer_Science_BSc/CM3070_Computer_Science_Final_Project/multimodal-mammography-xai/data/processed/cbis_ddsm/model_input/full_mammograms_v4/test/P_00234_LEFT_CC_510ac08a.jpg,0.018299510146955914,0.014134858651413486,0.010911210028393944,/Users/gibionmakiwa/MyDocuments/610MtSundanceBayW/University_of_London_Computer_Science_BSc/CM3070_Computer_Science_Final_Project/multimodal-mammography-xai/results/resnet50v2_finetuned/gradcam_roi_alignment/heatmaps/510ac08a-f1d6-4bb7-8d73-ff373ffbf27c.npy
22037c69-4955-4e93-b1a3-1309deb7d208,P_00273,BENIGN,0,0,0.39564654,0.3956468999385834,3.5993858338301266e-07,TN,mass,mass,1,0.002552032470703125,medium,0,112,79,0.006909963191072951,0.12144485116004944,0.044656842947006226,2.719512082594952,/Users/gibionmakiwa/MyDocuments/610MtSundanceBayW/University_of_London_Computer_Science_BSc/CM3070_Computer_Science_Final_Project/multimodal-mammography-xai/data/processed/cbis_ddsm/model_input/full_mammograms_v4/test/P_00273_LEFT_CC_22037c69.jpg,0.015486892800483494,0.011429006819307402,0.008108589003838235,/Users/gibionmakiwa/MyDocuments/610MtSundanceBayW/University_of_London_Computer_Science_BSc/CM3070_Computer_Science_Final_Project/multimodal-mammography-xai/results/resnet50v2_finetuned/gradcam_roi_alignment/heatmaps/22037c69-4955-4e93-b1a3-1309deb7d208.npy
0984a0be-efef-4b18-94d3-792b14d585cb,P_00294,BENIGN,0,0,0.15257783,0.15257775783538818,7.216461181402956e-08,TN,mass,mass,1,0.001621246337890625,medium,0,240,80,0.001127857214831827,0.02859814092516899,0.04112892597913742,0.6953289756796857,/Users/gibionmakiwa/MyDocuments/610MtSundanceBayW/University_of_London_Computer_Science_BSc/CM3070_Computer_Science_Final_Project/multimodal-mammography-xai/data/processed/cbis_ddsm/model_input/full_mammograms_v4/test/P_00294_LEFT_CC_0984a0be.jpg,0.0002628318251792889,0.004485071932191794,0.0036429641288619227,/Users/gibionmakiwa/MyDocuments/610MtSundanceBayW/University_of_London_Computer_Science_BSc/CM3070_Computer_Science_Final_Project/multimodal-mammography-xai/results/resnet50v2_finetuned/gradcam_roi_alignment/heatmaps/0984a0be-efef-4b18-94d3-792b14d585cb.npy
1830df32-f65c-4f41-bec7-fbd2dbfc784a,P_00294,BENIGN,0,0,0.06599891,0.06599892675876617,1.6758766180346996e-08,TN,mass,mass,1,0.00116729736328125,small,0,240,47,0.0,0.0,0.03370393440127373,0.0,/Users/gibionmakiwa/MyDocuments/610MtSundanceBayW/University_of_London_Computer_Science_BSc/CM3070_Computer_Science_Final_Project/multimodal-mammography-xai/data/processed/cbis_ddsm/model_input/full_mammograms_v4/test/P_00294_LEFT_MLO_1830df32.jpg,0.0,0.0,0.0,/Users/gibionmakiwa/MyDocuments/610MtSundanceBayW/University_of_London_Computer_Science_BSc/CM3070_Computer_Science_Final_Project/multimodal-mammography-xai/results/resnet50v2_finetuned/gradcam_roi_alignment/heatmaps/1830df32-f65c-4f41-bec7-fbd2dbfc784a.npy
2ce28ed4-6372-4290-8d53-d54c6df07652,P_00328,BENIGN,0,0,0.49418738,0.49418729543685913,8.456314087856853e-08,TN,mass,mass,1,0.0030975341796875,medium,0,144,175,0.03805313752989805,0.6059679985046387,0.04759635776281357,12.731391637369306,/Users/gibionmakiwa/MyDocuments/610MtSundanceBayW/University_of_London_Computer_Science_BSc/CM3070_Computer_Science_Final_Project/multimodal-mammography-xai/data/processed/cbis_ddsm/model_input/full_mammograms_v4/test/P_00328_LEFT_MLO_2ce28ed4.jpg,0.030974632843791722,0.015487611817887048,0.010325140190481034,/Users/gibionmakiwa/MyDocuments/610MtSundanceBayW/University_of_London_Computer_Science_BSc/CM3070_Computer_Science_Final_Project/multimodal-mammography-xai/results/resnet50v2_finetuned/gradcam_roi_alignment/heatmaps/2ce28ed4-6372-4290-8d53-d54c6df07652.npy
628b3803-2fa4-4f65-850a-397d21a59380,P_00328,MALIGNANT,1,0,0.14277384,0.1427738219499588,1.8050041211692402e-08,FN,mass,mass,2,0.002956390380859375,medium,0,176,175,0.0007576000664181828,0.009813614189624786,0.03838023170828819,0.2556944342407709,/Users/gibionmakiwa/MyDocuments/610MtSundanceBayW/University_of_London_Computer_Science_BSc/CM3070_Computer_Science_Final_Project/multimodal-mammography-xai/data/processed/cbis_ddsm/model_input/full_mammograms_v4/test/P_00328_RIGHT_CC_628b3803.jpg,0.0,0.0,0.0002141030969383257,/Users/gibionmakiwa/MyDocuments/610MtSundanceBayW/University_of_London_Computer_Science_BSc/CM3070_Computer_Science_Final_Project/multimodal-mammography-xai/results/resnet50v2_finetuned/gradcam_roi_alignment/heatmaps/628b3803-2fa4-4f65-850a-397d21a59380.npy
820cfff3-7fa0-4e21-8324-829185f45dd9,P_00328,MALIGNANT,1,0,0.10572,0.10571995377540588,4.62245941107442e-08,FN,mass,mass,2,0.001972198486328125,medium,0,176,271,0.00023636331958765925,0.0036155669949948788,0.030220499262213707,0.11963951247888507,/Users/gibionmakiwa/MyDocuments/610MtSundanceBayW/University_of_London_Computer_Science_BSc/CM3070_Computer_Science_Final_Project/multimodal-mammography-xai/data/processed/cbis_ddsm/model_input/full_mammograms_v4/test/P_00328_RIGHT_MLO_820cfff3.jpg,0.0,0.0,0.00016425132980403553,/Users/gibionmakiwa/MyDocuments/610MtSundanceBayW/University_of_London_Computer_Science_BSc/CM3070_Computer_Science_Final_Project/multimodal-mammography-xai/results/resnet50v2_finetuned/gradcam_roi_alignment/heatmaps/820cfff3-7fa0-4e21-8324-829185f45dd9.npy
b1e8454a-9d7e-48a9-9e8a-82d6d530d3da,P_00348,BENIGN,0,0,0.35014907,0.3501492142677307,1.4426773070619348e-07,TN,mass,mass,1,0.00072479248046875,small,0,304,144,0.0,0.0,0.06411658227443695,0.0,/Users/gibionmakiwa/MyDocuments/610MtSundanceBayW/University_of_London_Computer_Science_BSc/CM3070_Computer_Science_Final_Project/multimodal-mammography-xai/data/processed/cbis_ddsm/model_input/full_mammograms_v4/test/P_00348_LEFT_CC_b1e8454a.jpg,0.0,0.0,0.0,/Users/gibionmakiwa/MyDocuments/610MtSundanceBayW/University_of_London_Computer_Science_BSc/CM3070_Computer_Science_Final_Project/multimodal-mammography-xai/results/resnet50v2_finetuned/gradcam_roi_alignment/heatmaps/b1e8454a-9d7e-48a9-9e8a-82d6d530d3da.npy
cd05e1b3-a741-4149-8a5e-e0c880da3c00,P_00348,BENIGN,0,1,0.56503636,0.5650365948677063,2.3486770628355913e-07,FP,mass,mass,1,0.001117706298828125,small,0,144,175,0.0,0.0,0.06768596172332764,0.0,/Users/gibionmakiwa/MyDocuments/610MtSundanceBayW/University_of_London_Computer_Science_BSc/CM3070_Computer_Science_Final_Project/multimodal-mammography-xai/data/processed/cbis_ddsm/model_input/full_mammograms_v4/test/P_00348_LEFT_MLO_cd05e1b3.jpg,0.0,0.0,0.0,/Users/gibionmakiwa/MyDocuments/610MtSundanceBayW/University_of_London_Computer_Science_BSc/CM3070_Computer_Science_Final_Project/multimodal-mammography-xai/results/resnet50v2_finetuned/gradcam_roi_alignment/heatmaps/cd05e1b3-a741-4149-8a5e-e0c880da3c00.npy
28c0883c-8fb5-46d3-a993-43aff2d51627,P_00356,MALIGNANT,1,1,0.67879516,0.6787954568862915,2.9688629155089075e-07,TP,mass,mass,1,0.003551483154296875,medium,0,304,399,0.012637048283135804,0.2677513360977173,0.07456204295158386,3.590986641309072,/Users/gibionmakiwa/MyDocuments/610MtSundanceBayW/University_of_London_Computer_Science_BSc/CM3070_Computer_Science_Final_Project/multimodal-mammography-xai/data/processed/cbis_ddsm/model_input/full_mammograms_v4/test/P_00356_LEFT_CC_28c0883c.jpg,0.024957523126297905,0.017699115044247787,0.011838307287361877,/Users/gibionmakiwa/MyDocuments/610MtSundanceBayW/University_of_London_Computer_Science_BSc/CM3070_Computer_Science_Final_Project/multimodal-mammography-xai/results/resnet50v2_finetuned/gradcam_roi_alignment/heatmaps/28c0883c-8fb5-46d3-a993-43aff2d51627.npy
f48caaf5-b8e1-47a3-9fd9-72690e6438dc,P_00399,MALIGNANT,1,1,0.5470381,0.5470382571220398,1.5712203982332085e-07,TP,mass,mass,1,0.001575469970703125,medium,0,431,80,0.0005251154811677936,0.014044874347746372,0.04218225181102753,0.33295688151256697,/Users/gibionmakiwa/MyDocuments/610MtSundanceBayW/University_of_London_Computer_Science_BSc/CM3070_Computer_Science_Final_Project/multimodal-mammography-xai/data/processed/cbis_ddsm/model_input/full_mammograms_v4/test/P_00399_RIGHT_CC_f48caaf5.jpg,0.00030049205574127636,0.0013644115974985787,0.001190446037334414,/Users/gibionmakiwa/MyDocuments/610MtSundanceBayW/University_of_London_Computer_Science_BSc/CM3070_Computer_Science_Final_Project/multimodal-mammography-xai/results/resnet50v2_finetuned/gradcam_roi_alignment/heatmaps/f48caaf5-b8e1-47a3-9fd9-72690e6438dc.npy
24af0887-6f14-43a3-94a1-7bef17f4405e,P_00399,MALIGNANT,1,1,0.7099563,0.709956169128418,1.308715820158568e-07,TP,mass,mass,1,0.001674652099609375,medium,0,431,48,0.002474837643840195,0.09421582520008087,0.0637020617723465,1.4790072375790548,/Users/gibionmakiwa/MyDocuments/610MtSundanceBayW/University_of_London_Computer_Science_BSc/CM3070_Computer_Science_Final_Project/multimodal-mammography-xai/data/processed/cbis_ddsm/model_input/full_mammograms_v4/test/P_00399_RIGHT_MLO_24af0887.jpg,0.000150093808630394,0.005553864881314668,0.0046623896334879,/Users/gibionmakiwa/MyDocuments/610MtSundanceBayW/University_of_London_Computer_Science_BSc/CM3070_Computer_Science_Final_Project/multimodal-mammography-xai/results/resnet50v2_finetuned/gradcam_roi_alignment/heatmaps/24af0887-6f14-43a3-94a1-7bef17f4405e.npy
10e556dd-5b50-4d69-9b44-74dab4afa054,P_00411,BENIGN,0,0,0.13158236,0.13158240914344788,4.9143447866661916e-08,TN,mass,mass,1,0.002536773681640625,medium,0,144,79,0.0010111093571108876,0.010891398414969444,0.027367236092686653,0.397972027513574,/Users/gibionmakiwa/MyDocuments/610MtSundanceBayW/University_of_London_Computer_Science_BSc/CM3070_Computer_Science_Final_Project/multimodal-mammography-xai/data/processed/cbis_ddsm/model_input/full_mammograms_v4/test/P_00411_RIGHT_CC_10e556dd.jpg,0.0,0.0015846066779852859,0.008455933776687054,/Users/gibionmakiwa/MyDocuments/610MtSundanceBayW/University_of_London_Computer_Science_BSc/CM3070_Computer_Science_Final_Project/multimodal-mammography-xai/results/resnet50v2_finetuned/gradcam_roi_alignment/heatmaps/10e556dd-5b50-4d69-9b44-74dab4afa054.npy
fc6e44f2-5539-44ca-ad62-99b0fcdb4572,P_00411,BENIGN,0,1,0.54422355,0.5442238450050354,2.950050354000311e-07,FP,mass,mass,1,0.001361846923828125,small,0,271,0,0.002193083274003191,0.12948498129844666,0.08033983409404755,1.6117156158141004,/Users/gibionmakiwa/MyDocuments/610MtSundanceBayW/University_of_London_Computer_Science_BSc/CM3070_Computer_Science_Final_Project/multimodal-mammography-xai/data/processed/cbis_ddsm/model_input/full_mammograms_v4/test/P_00411_RIGHT_MLO_fc6e44f2.jpg,0.0,0.005141290273440475,0.0041692088671954446,/Users/gibionmakiwa/MyDocuments/610MtSundanceBayW/University_of_London_Computer_Science_BSc/CM3070_Computer_Science_Final_Project/multimodal-mammography-xai/results/resnet50v2_finetuned/gradcam_roi_alignment/heatmaps/fc6e44f2-5539-44ca-ad62-99b0fcdb4572.npy
6519ac0b-77f1-4c37-ac76-f3896c413c85,P_00426,BENIGN,0,0,0.35041445,0.35041436553001404,8.446998595035282e-08,TN,mass,mass,1,0.00235748291015625,medium,0,176,240,0.00018262105086343784,0.005622326396405697,0.0727376863360405,0.0772959095436724,/Users/gibionmakiwa/MyDocuments/610MtSundanceBayW/University_of_London_Computer_Science_BSc/CM3070_Computer_Science_Final_Project/multimodal-mammography-xai/data/processed/cbis_ddsm/model_input/full_mammograms_v4/test/P_00426_RIGHT_CC_6519ac0b.jpg,0.0,0.0,0.0,/Users/gibionmakiwa/MyDocuments/610MtSundanceBayW/University_of_London_Computer_Science_BSc/CM3070_Computer_Science_Final_Project/multimodal-mammography-xai/results/resnet50v2_finetuned/gradcam_roi_alignment/heatmaps/6519ac0b-77f1-4c37-ac76-f3896c413c85.npy
63f437bb-25c2-495e-94f9-ee3b8207fe3b,P_00426,BENIGN,0,0,0.16311932,0.16311924159526825,7.840473176257134e-08,TN,mass,mass,1,0.001422882080078125,medium,0,368,111,0.0,0.0,0.03472280874848366,0.0,/Users/gibionmakiwa/MyDocuments/610MtSundanceBayW/University_of_London_Computer_Science_BSc/CM3070_Computer_Science_Final_Project/multimodal-mammography-xai/data/processed/cbis_ddsm/model_input/full_mammograms_v4/test/P_00426_RIGHT_MLO_63f437bb.jpg,0.0,0.0,0.0,/Users/gibionmakiwa/MyDocuments/610MtSundanceBayW/University_of_London_Computer_Science_BSc/CM3070_Computer_Science_Final_Project/multimodal-mammography-xai/results/resnet50v2_finetuned/gradcam_roi_alignment/heatmaps/63f437bb-25c2-495e-94f9-ee3b8207fe3b.npy
8d1bee27-f23c-4a66-a4b8-ce3c185000e9,P_00430,BENIGN,0,1,0.5197982,0.5197982788085938,7.88085937619698e-08,FP,mass,mass,1,0.00144195556640625,medium,0,207,47,2.288727573454821e-05,0.0006087094079703093,0.03840470686554909,0.015849860580962945,/Users/gibionmakiwa/MyDocuments/610MtSundanceBayW/University_of_London_Computer_Science_BSc/CM3070_Computer_Science_Final_Project/multimodal-mammography-xai/data/processed/cbis_ddsm/model_input/full_mammograms_v4/test/P_00430_LEFT_CC_8d1bee27.jpg,0.0,0.0,0.0,/Users/gibionmakiwa/MyDocuments/610MtSundanceBayW/University_of_London_Computer_Science_BSc/CM3070_Computer_Science_Final_Project/multimodal-mammography-xai/results/resnet50v2_finetuned/gradcam_roi_alignment/heatmaps/8d1bee27-f23c-4a66-a4b8-ce3c185000e9.npy
1fcf020d-315c-4327-ab7f-975b147c8caa,P_00430,BENIGN,0,0,0.45680824,0.45680850744247437,2.674424743887016e-07,TN,mass,mass,1,0.00104522705078125,small,0,272,47,7.272643853165263e-06,0.0005733805592171848,0.08249210566282272,0.006950731650050213,/Users/gibionmakiwa/MyDocuments/610MtSundanceBayW/University_of_London_Computer_Science_BSc/CM3070_Computer_Science_Final_Project/multimodal-mammography-xai/data/processed/cbis_ddsm/model_input/full_mammograms_v4/test/P_00430_LEFT_MLO_1fcf020d.jpg,0.0,0.0,0.0,/Users/gibionmakiwa/MyDocuments/610MtSundanceBayW/University_of_London_Computer_Science_BSc/CM3070_Computer_Science_Final_Project/multimodal-mammography-xai/results/resnet50v2_finetuned/gradcam_roi_alignment/heatmaps/1fcf020d-315c-4327-ab7f-975b147c8caa.npy
c6d7be83-10f5-4e15-b01c-88ffe4d5f80b,P_00435,MALIGNANT,1,0,0.48119944,0.48119959235191345,1.5235191347384713e-07,FN,mass,mass,1,0.000812530517578125,small,0,144,143,0.0011899581443291602,0.10385124385356903,0.07088520377874374,1.4650621521397003,/Users/gibionmakiwa/MyDocuments/610MtSundanceBayW/University_of_London_Computer_Science_BSc/CM3070_Computer_Science_Final_Project/multimodal-mammography-xai/data/processed/cbis_ddsm/model_input/full_mammograms_v4/test/P_00435_RIGHT_MLO_c6d7be83.jpg,0.0004921446148021957,0.0032398231437719164,0.0025937039108986423,/Users/gibionmakiwa/MyDocuments/610MtSundanceBayW/University_of_London_Computer_Science_BSc/CM3070_Computer_Science_Final_Project/multimodal-mammography-xai/results/resnet50v2_finetuned/gradcam_roi_alignment/heatmaps/c6d7be83-10f5-4e15-b01c-88ffe4d5f80b.npy
d84f1600-96a0-4db3-a38b-097c4351f42c,P_00453,BENIGN,0,1,0.5947215,0.5947217345237732,2.3452377317934037e-07,FP,mass,mass,1,0.001323699951171875,small,0,208,47,0.0017622782501724593,0.05553170293569565,0.04169320687651634,1.3319121693143763,/Users/gibionmakiwa/MyDocuments/610MtSundanceBayW/University_of_London_Computer_Science_BSc/CM3070_Computer_Science_Final_Project/multimodal-mammography-xai/data/processed/cbis_ddsm/model_input/full_mammograms_v4/test/P_00453_LEFT_CC_d84f1600.jpg,0.00022593764121102577,0.004816937341736002,0.003927250543333206,/Users/gibionmakiwa/MyDocuments/610MtSundanceBayW/University_of_London_Computer_Science_BSc/CM3070_Computer_Science_Final_Project/multimodal-mammography-xai/results/resnet50v2_finetuned/gradcam_roi_alignment/heatmaps/d84f1600-96a0-4db3-a38b-097c4351f42c.npy
4adde7c8-8a7f-426c-807e-a9bf36ec5e7f,P_00453,BENIGN,0,0,0.40013245,0.40013280510902405,3.5510902407498435e-07,TN,mass,mass,1,0.001369476318359375,medium,0,240,47,0.0,0.0,0.08001630753278732,0.0,/Users/gibionmakiwa/MyDocuments/610MtSundanceBayW/University_of_London_Computer_Science_BSc/CM3070_Computer_Science_Final_Project/multimodal-mammography-xai/data/processed/cbis_ddsm/model_input/full_mammograms_v4/test/P_00453_LEFT_MLO_4adde7c8.jpg,0.0,0.0,0.0,/Users/gibionmakiwa/MyDocuments/610MtSundanceBayW/University_of_London_Computer_Science_BSc/CM3070_Computer_Science_Final_Project/multimodal-mammography-xai/results/resnet50v2_finetuned/gradcam_roi_alignment/heatmaps/4adde7c8-8a7f-426c-807e-a9bf36ec5e7f.npy
e1349588-c4ef-428e-956f-888e9ae5800e,P_00471,MALIGNANT,1,1,0.87730485,0.8773049116134644,6.161346433053438e-08,TP,mass,mass,1,0.002803802490234375,medium,0,240,367,0.07151611648837054,0.8047860860824585,0.029377693310379982,27.394452097897815,/Users/gibionmakiwa/MyDocuments/610MtSundanceBayW/University_of_London_Computer_Science_BSc/CM3070_Computer_Science_Final_Project/multimodal-mammography-xai/data/processed/cbis_ddsm/model_input/full_mammograms_v4/test/P_00471_RIGHT_CC_e1349588.jpg,0.028037383177570093,0.014018958973087414,0.009346032068969902,/Users/gibionmakiwa/MyDocuments/610MtSundanceBayW/University_of_London_Computer_Science_BSc/CM3070_Computer_Science_Final_Project/multimodal-mammography-xai/results/resnet50v2_finetuned/gradcam_roi_alignment/heatmaps/e1349588-c4ef-428e-956f-888e9ae5800e.npy
8b6faeef-280c-4f8a-83b6-9939e792d7e8,P_00471,MALIGNANT,1,1,0.66231644,0.6623166799545288,2.3995452880232193e-07,TP,mass,mass,1,0.0023193359375,medium,0,240,336,0.044912628016793105,0.8293107151985168,0.04099813103675842,20.228007763936592,/Users/gibionmakiwa/MyDocuments/610MtSundanceBayW/University_of_London_Computer_Science_BSc/CM3070_Computer_Science_Final_Project/multimodal-mammography-xai/data/processed/cbis_ddsm/model_input/full_mammograms_v4/test/P_00471_RIGHT_MLO_8b6faeef.jpg,0.02318575296495443,0.01159663544984646,0.007731139452971021,/Users/gibionmakiwa/MyDocuments/610MtSundanceBayW/University_of_London_Computer_Science_BSc/CM3070_Computer_Science_Final_Project/multimodal-mammography-xai/results/resnet50v2_finetuned/gradcam_roi_alignment/heatmaps/8b6faeef-280c-4f8a-83b6-9939e792d7e8.npy
45d0c677-e3cb-4fe6-9eb1-40147ca7835b,P_00484,MALIGNANT,1,0,0.49042684,0.4904267191886902,1.208113097894703e-07,FN,mass,mass,1,0.004802703857421875,medium,0,207,80,0.021180994673225803,0.2441684752702713,0.0544530488550663,4.484017618186639,/Users/gibionmakiwa/MyDocuments/610MtSundanceBayW/University_of_London_Computer_Science_BSc/CM3070_Computer_Science_Final_Project/multimodal-mammography-xai/data/processed/cbis_ddsm/model_input/full_mammograms_v4/test/P_00484_RIGHT_CC_45d0c677.jpg,0.0467481997942622,0.024013427683152455,0.016009053571201505,/Users/gibionmakiwa/MyDocuments/610MtSundanceBayW/University_of_London_Computer_Science_BSc/CM3070_Computer_Science_Final_Project/multimodal-mammography-xai/results/resnet50v2_finetuned/gradcam_roi_alignment/heatmaps/45d0c677-e3cb-4fe6-9eb1-40147ca7835b.npy
2362b0b3-d30e-47f7-bdae-aa200bd2366a,P_00487,BENIGN,0,0,0.10075956,0.10075942426919937,1.3573080062667664e-07,TN,mass,mass,1,0.001262664794921875,small,0,304,496,3.1692555959633533e-06,0.0001870092673925683,0.07460041344165802,0.0025068124115786112,/Users/gibionmakiwa/MyDocuments/610MtSundanceBayW/University_of_London_Computer_Science_BSc/CM3070_Computer_Science_Final_Project/multimodal-mammography-xai/data/processed/cbis_ddsm/model_input/full_mammograms_v4/test/P_00487_RIGHT_CC_2362b0b3.jpg,0.0,0.0,0.0,/Users/gibionmakiwa/MyDocuments/610MtSundanceBayW/University_of_London_Computer_Science_BSc/CM3070_Computer_Science_Final_Project/multimodal-mammography-xai/results/resnet50v2_finetuned/gradcam_roi_alignment/heatmaps/2362b0b3-d30e-47f7-bdae-aa200bd2366a.npy
e93185d5-c3db-4b29-bb0f-95a48ecf2aa6,P_00487,BENIGN,0,0,0.07426436,0.07426432520151138,3.479848861842605e-08,TN,mass,mass,1,0.00140380859375,medium,0,240,47,0.0,0.0,0.05480661243200302,0.0,/Users/gibionmakiwa/MyDocuments/610MtSundanceBayW/University_of_London_Computer_Science_BSc/CM3070_Computer_Science_Final_Project/multimodal-mammography-xai/data/processed/cbis_ddsm/model_input/full_mammograms_v4/test/P_00487_RIGHT_MLO_e93185d5.jpg,0.0,0.0,0.0,/Users/gibionmakiwa/MyDocuments/610MtSundanceBayW/University_of_London_Computer_Science_BSc/CM3070_Computer_Science_Final_Project/multimodal-mammography-xai/results/resnet50v2_finetuned/gradcam_roi_alignment/heatmaps/e93185d5-c3db-4b29-bb0f-95a48ecf2aa6.npy
c50c3313-7cb7-4c37-958c-161a4c3f45fc,P_00488,BENIGN,0,0,0.49883446,0.498834490776062,3.077606203216732e-08,TN,mass,mass,1,0.000701904296875,small,0,239,112,0.0,0.0,0.08700651675462723,0.0,/Users/gibionmakiwa/MyDocuments/610MtSundanceBayW/University_of_London_Computer_Science_BSc/CM3070_Computer_Science_Final_Project/multimodal-mammography-xai/data/processed/cbis_ddsm/model_input/full_mammograms_v4/test/P_00488_LEFT_CC_c50c3313.jpg,0.0,0.0,0.0,/Users/gibionmakiwa/MyDocuments/610MtSundanceBayW/University_of_London_Computer_Science_BSc/CM3070_Computer_Science_Final_Project/multimodal-mammography-xai/results/resnet50v2_finetuned/gradcam_roi_alignment/heatmaps/c50c3313-7cb7-4c37-958c-161a4c3f45fc.npy
8f129ad6-26b3-48f0-92ef-6d7b726387d6,P_00488,BENIGN,0,1,0.7444602,0.7444602251052856,2.5105285628157503e-08,FP,mass,mass,1,0.002166748046875,medium,0,399,144,0.0,0.0,0.05149032175540924,0.0,/Users/gibionmakiwa/MyDocuments/610MtSundanceBayW/University_of_London_Computer_Science_BSc/CM3070_Computer_Science_Final_Project/multimodal-mammography-xai/data/processed/cbis_ddsm/model_input/full_mammograms_v4/test/P_00488_LEFT_MLO_8f129ad6.jpg,0.0,0.0,0.0,/Users/gibionmakiwa/MyDocuments/610MtSundanceBayW/University_of_London_Computer_Science_BSc/CM3070_Computer_Science_Final_Project/multimodal-mammography-xai/results/resnet50v2_finetuned/gradcam_roi_alignment/heatmaps/8f129ad6-26b3-48f0-92ef-6d7b726387d6.npy
509e5b18-c4c0-4443-9c2c-014a8ecd0236,P_00492,BENIGN,0,0,0.2492898,0.2492898553609848,5.536098479641538e-08,TN,mass,mass,1,0.003116607666015625,medium,0,303,0,1.4718254054286797e-05,0.0004696921387221664,0.09976734220981598,0.004707874152401872,/Users/gibionmakiwa/MyDocuments/610MtSundanceBayW/University_of_London_Computer_Science_BSc/CM3070_Computer_Science_Final_Project/multimodal-mammography-xai/data/processed/cbis_ddsm/model_input/full_mammograms_v4/test/P_00492_RIGHT_MLO_509e5b18.jpg,0.0,0.0,0.0,/Users/gibionmakiwa/MyDocuments/610MtSundanceBayW/University_of_London_Computer_Science_BSc/CM3070_Computer_Science_Final_Project/multimodal-mammography-xai/results/resnet50v2_finetuned/gradcam_roi_alignment/heatmaps/509e5b18-c4c0-4443-9c2c-014a8ecd0236.npy
b9522ec8-2de4-4ce5-91f2-af2ad96bf398,P_00512,BENIGN,0,1,0.60990375,0.6099035739898682,1.760101318026841e-07,FP,mass,mass,1,0.000537872314453125,small,0,399,208,1.621321832159836e-05,0.0032251530792564154,0.10705005377531052,0.03012752132521614,/Users/gibionmakiwa/MyDocuments/610MtSundanceBayW/University_of_London_Computer_Science_BSc/CM3070_Computer_Science_Final_Project/multimodal-mammography-xai/data/processed/cbis_ddsm/model_input/full_mammograms_v4/test/P_00512_RIGHT_CC_b9522ec8.jpg,0.0,0.0,0.0,/Users/gibionmakiwa/MyDocuments/610MtSundanceBayW/University_of_London_Computer_Science_BSc/CM3070_Computer_Science_Final_Project/multimodal-mammography-xai/results/resnet50v2_finetuned/gradcam_roi_alignment/heatmaps/b9522ec8-2de4-4ce5-91f2-af2ad96bf398.npy
663e9b7e-53d1-4477-a5e7-ff24f106bc63,P_00512,BENIGN,0,1,0.57261705,0.5726169943809509,5.561904903306214e-08,FP,mass,mass,1,0.002353668212890625,medium,0,400,175,5.535709061337683e-08,2.2888191324454965e-06,0.09754540026187897,2.3464139689409597e-05,/Users/gibionmakiwa/MyDocuments/610MtSundanceBayW/University_of_London_Computer_Science_BSc/CM3070_Computer_Science_Final_Project/multimodal-mammography-xai/data/processed/cbis_ddsm/model_input/full_mammograms_v4/test/P_00512_RIGHT_MLO_663e9b7e.jpg,0.0,0.0,0.0,/Users/gibionmakiwa/MyDocuments/610MtSundanceBayW/University_of_London_Computer_Science_BSc/CM3070_Computer_Science_Final_Project/multimodal-mammography-xai/results/resnet50v2_finetuned/gradcam_roi_alignment/heatmaps/663e9b7e-53d1-4477-a5e7-ff24f106bc63.npy
37e9c07f-5c0d-427a-ab3d-3fd34467af8a,P_00515,BENIGN,0,0,0.3547381,0.3547380864620209,1.3537979126621025e-08,TN,mass,mass,1,0.00176239013671875,medium,0,303,271,0.00021569776574165795,0.003999059554189444,0.03272552788257599,0.1221999640934445,/Users/gibionmakiwa/MyDocuments/610MtSundanceBayW/University_of_London_Computer_Science_BSc/CM3070_Computer_Science_Final_Project/multimodal-mammography-xai/data/processed/cbis_ddsm/model_input/full_mammograms_v4/test/P_00515_LEFT_CC_37e9c07f.jpg,0.0,0.0,0.0,/Users/gibionmakiwa/MyDocuments/610MtSundanceBayW/University_of_London_Computer_Science_BSc/CM3070_Computer_Science_Final_Project/multimodal-mammography-xai/results/resnet50v2_finetuned/gradcam_roi_alignment/heatmaps/37e9c07f-5c0d-427a-ab3d-3fd34467af8a.npy
4f332d5a-a0ea-4ff2-9edc-8c93f4715df8,P_00515,BENIGN,0,0,0.49793598,0.49793577194213867,2.0805786132838122e-07,TN,mass,mass,1,0.0025634765625,medium,0,399,48,1.597627493637239e-07,2.8048441436112626e-06,0.04512085020542145,6.216291380176855e-05,/Users/gibionmakiwa/MyDocuments/610MtSundanceBayW/University_of_London_Computer_Science_BSc/CM3070_Computer_Science_Final_Project/multimodal-mammography-xai/data/processed/cbis_ddsm/model_input/full_mammograms_v4/test/P_00515_LEFT_MLO_4f332d5a.jpg,0.0,0.0,0.0,/Users/gibionmakiwa/MyDocuments/610MtSundanceBayW/University_of_London_Computer_Science_BSc/CM3070_Computer_Science_Final_Project/multimodal-mammography-xai/results/resnet50v2_finetuned/gradcam_roi_alignment/heatmaps/4f332d5a-a0ea-4ff2-9edc-8c93f4715df8.npy
7ba205bb-6494-41a9-bfca-b42e433297c7,P_00515,BENIGN,0,0,0.2862584,0.2862584590911865,5.909118649949363e-08,TN,mass,mass,1,0.006988525390625,large,0,399,48,0.02052507577829371,0.13386422395706177,0.044957730919122696,2.9775567281700948,/Users/gibionmakiwa/MyDocuments/610MtSundanceBayW/University_of_London_Computer_Science_BSc/CM3070_Computer_Science_Final_Project/multimodal-mammography-xai/data/processed/cbis_ddsm/model_input/full_mammograms_v4/test/P_00515_RIGHT_CC_7ba205bb.jpg,0.03643619969698089,0.02221091895557816,0.015995859004140994,/Users/gibionmakiwa/MyDocuments/610MtSundanceBayW/University_of_London_Computer_Science_BSc/CM3070_Computer_Science_Final_Project/multimodal-mammography-xai/results/resnet50v2_finetuned/gradcam_roi_alignment/heatmaps/7ba205bb-6494-41a9-bfca-b42e433297c7.npy
213a8fbd-c922-4ad7-9d26-dd6b85ba0df8,P_00518,BENIGN,0,1,0.57341737,0.5734174251556396,5.515563961111525e-08,FP,mass,mass,1,0.00135040283203125,small,0,336,80,0.00011338217750107156,0.003663263749331236,0.04368419572710991,0.08385785407694518,/Users/gibionmakiwa/MyDocuments/610MtSundanceBayW/University_of_London_Computer_Science_BSc/CM3070_Computer_Science_Final_Project/multimodal-mammography-xai/data/processed/cbis_ddsm/model_input/full_mammograms_v4/test/P_00518_LEFT_CC_213a8fbd.jpg,0.0,0.0,0.0,/Users/gibionmakiwa/MyDocuments/610MtSundanceBayW/University_of_London_Computer_Science_BSc/CM3070_Computer_Science_Final_Project/multimodal-mammography-xai/results/resnet50v2_finetuned/gradcam_roi_alignment/heatmaps/213a8fbd-c922-4ad7-9d26-dd6b85ba0df8.npy
d5f3d525-4193-4bf7-8f72-878c28973003,P_00518,BENIGN,0,1,0.6116139,0.6116138696670532,3.033294682097676e-08,FP,mass,mass,1,0.00140380859375,medium,0,368,111,0.0019248984208845453,0.056636977940797806,0.04128321632742882,1.3719125896700535,/Users/gibionmakiwa/MyDocuments/610MtSundanceBayW/University_of_London_Computer_Science_BSc/CM3070_Computer_Science_Final_Project/multimodal-mammography-xai/data/processed/cbis_ddsm/model_input/full_mammograms_v4/test/P_00518_LEFT_MLO_d5f3d525.jpg,0.0015447215733554367,0.004470910543738823,0.004041020166978003,/Users/gibionmakiwa/MyDocuments/610MtSundanceBayW/University_of_London_Computer_Science_BSc/CM3070_Computer_Science_Final_Project/multimodal-mammography-xai/results/resnet50v2_finetuned/gradcam_roi_alignment/heatmaps/d5f3d525-4193-4bf7-8f72-878c28973003.npy
cca37566-70d3-461b-b618-816c1cf64e24,P_00534,BENIGN,0,1,0.70287114,0.7028713226318359,1.8263183598765664e-07,FP,mass,mass,1,0.001766204833984375,medium,0,399,48,6.581896271992808e-05,0.005812468472868204,0.15623915195465088,0.03720237871318908,/Users/gibionmakiwa/MyDocuments/610MtSundanceBayW/University_of_London_Computer_Science_BSc/CM3070_Computer_Science_Final_Project/multimodal-mammography-xai/data/processed/cbis_ddsm/model_input/full_mammograms_v4/test/P_00534_LEFT_CC_cca37566.jpg,0.0,0.0,0.0,/Users/gibionmakiwa/MyDocuments/610MtSundanceBayW/University_of_London_Computer_Science_BSc/CM3070_Computer_Science_Final_Project/multimodal-mammography-xai/results/resnet50v2_finetuned/gradcam_roi_alignment/heatmaps/cca37566-70d3-461b-b618-816c1cf64e24.npy
972cd66a-568c-47fd-a613-3cf89051aeef,P_00534,BENIGN,0,1,0.79664844,0.7966486215591431,1.8155914305317822e-07,FP,mass,mass,1,0.002277374267578125,medium,0,399,48,0.0,0.0,0.06584647297859192,0.0,/Users/gibionmakiwa/MyDocuments/610MtSundanceBayW/University_of_London_Computer_Science_BSc/CM3070_Computer_Science_Final_Project/multimodal-mammography-xai/data/processed/cbis_ddsm/model_input/full_mammograms_v4/test/P_00534_LEFT_MLO_972cd66a.jpg,0.0,0.0,0.0,/Users/gibionmakiwa/MyDocuments/610MtSundanceBayW/University_of_London_Computer_Science_BSc/CM3070_Computer_Science_Final_Project/multimodal-mammography-xai/results/resnet50v2_finetuned/gradcam_roi_alignment/heatmaps/972cd66a-568c-47fd-a613-3cf89051aeef.npy
abb73f53-dc55-4018-971c-4cf4c16e7ac1,P_00564,MALIGNANT,1,0,0.10568763,0.10568755120038986,7.879961014256587e-08,FN,mass,mass,1,0.004550933837890625,medium,0,399,47,0.024831716373469502,0.2181117683649063,0.03915916383266449,5.569876660241722,/Users/gibionmakiwa/MyDocuments/610MtSundanceBayW/University_of_London_Computer_Science_BSc/CM3070_Computer_Science_Final_Project/multimodal-mammography-xai/data/processed/cbis_ddsm/model_input/full_mammograms_v4/test/P_00564_RIGHT_CC_abb73f53.jpg,0.045508296776654585,0.022754582387609912,0.015169818038477677,/Users/gibionmakiwa/MyDocuments/610MtSundanceBayW/University_of_London_Computer_Science_BSc/CM3070_Computer_Science_Final_Project/multimodal-mammography-xai/results/resnet50v2_finetuned/gradcam_roi_alignment/heatmaps/abb73f53-dc55-4018-971c-4cf4c16e7ac1.npy
3ae8d27f-4142-47d8-a2e0-21f6986588e2,P_00586,MALIGNANT,1,0,0.35382253,0.3538224399089813,9.0091018700722e-08,FN,mass,mass,1,0.00691986083984375,large,0,175,47,0.008634240697135141,0.08074124157428741,0.06459786742925644,1.249905488964559,/Users/gibionmakiwa/MyDocuments/610MtSundanceBayW/University_of_London_Computer_Science_BSc/CM3070_Computer_Science_Final_Project/multimodal-mammography-xai/data/processed/cbis_ddsm/model_input/full_mammograms_v4/test/P_00586_LEFT_CC_3ae8d27f.jpg,0.0,0.023313716613852422,0.020095596718775754,/Users/gibionmakiwa/MyDocuments/610MtSundanceBayW/University_of_London_Computer_Science_BSc/CM3070_Computer_Science_Final_Project/multimodal-mammography-xai/results/resnet50v2_finetuned/gradcam_roi_alignment/heatmaps/3ae8d27f-4142-47d8-a2e0-21f6986588e2.npy
20b00f7e-6bd7-415c-b40d-4a119c76f8c8,P_00586,MALIGNANT,1,0,0.32069162,0.32069143652915955,1.8347084046466122e-07,FN,mass,mass,2,0.00952911376953125,large,0,400,48,0.00040236769449398635,0.0016556403134018183,0.039571162313222885,0.04183955684448041,/Users/gibionmakiwa/MyDocuments/610MtSundanceBayW/University_of_London_Computer_Science_BSc/CM3070_Computer_Science_Final_Project/multimodal-mammography-xai/data/processed/cbis_ddsm/model_input/full_mammograms_v4/test/P_00586_LEFT_MLO_20b00f7e.jpg,0.0,0.0,0.00044386905862770485,/Users/gibionmakiwa/MyDocuments/610MtSundanceBayW/University_of_London_Computer_Science_BSc/CM3070_Computer_Science_Final_Project/multimodal-mammography-xai/results/resnet50v2_finetuned/gradcam_roi_alignment/heatmaps/20b00f7e-6bd7-415c-b40d-4a119c76f8c8.npy
a37cec21-d8c7-4c23-a9ea-174436fd3310,P_00604,MALIGNANT,1,1,0.6504043,0.6504042148590088,8.514099125722652e-08,TP,mass,mass,1,0.001079559326171875,small,0,143,112,0.0004169428303908094,0.013654840178787708,0.03537893295288086,0.38595952957028107,/Users/gibionmakiwa/MyDocuments/610MtSundanceBayW/University_of_London_Computer_Science_BSc/CM3070_Computer_Science_Final_Project/multimodal-mammography-xai/data/processed/cbis_ddsm/model_input/full_mammograms_v4/test/P_00604_LEFT_CC_a37cec21.jpg,0.0,0.0005884474478464721,0.0009130798691252188,/Users/gibionmakiwa/MyDocuments/610MtSundanceBayW/University_of_London_Computer_Science_BSc/CM3070_Computer_Science_Final_Project/multimodal-mammography-xai/results/resnet50v2_finetuned/gradcam_roi_alignment/heatmaps/a37cec21-d8c7-4c23-a9ea-174436fd3310.npy
76d8568d-1dfa-41d5-af1c-3d145a53a1dd,P_00604,MALIGNANT,1,1,0.87697136,0.8769715428352356,1.8283523561812842e-07,TP,mass,mass,1,0.001064300537109375,small,0,367,47,0.0010849072997538192,0.06475552171468735,0.06352423876523972,1.0193827235013504,/Users/gibionmakiwa/MyDocuments/610MtSundanceBayW/University_of_London_Computer_Science_BSc/CM3070_Computer_Science_Final_Project/multimodal-mammography-xai/data/processed/cbis_ddsm/model_input/full_mammograms_v4/test/P_00604_LEFT_MLO_76d8568d.jpg,0.0,0.00013282480408341398,0.0027061708317981424,/Users/gibionmakiwa/MyDocuments/610MtSundanceBayW/University_of_London_Computer_Science_BSc/CM3070_Computer_Science_Final_Project/multimodal-mammography-xai/results/resnet50v2_finetuned/gradcam_roi_alignment/heatmaps/76d8568d-1dfa-41d5-af1c-3d145a53a1dd.npy
92997382-e4a8-40fe-a1cc-dc688f689dd9,P_00617,BENIGN,0,0,0.19225444,0.19225437939167023,6.060832977161645e-08,TN,mass,mass,1,0.000499725341796875,small,0,368,79,0.00011178198252412623,0.005561012774705887,0.024870360270142555,0.22359991887141337,/Users/gibionmakiwa/MyDocuments/610MtSundanceBayW/University_of_London_Computer_Science_BSc/CM3070_Computer_Science_Final_Project/multimodal-mammography-xai/data/processed/cbis_ddsm/model_input/full_mammograms_v4/test/P_00617_RIGHT_MLO_92997382.jpg,0.0,0.0,0.0,/Users/gibionmakiwa/MyDocuments/610MtSundanceBayW/University_of_London_Computer_Science_BSc/CM3070_Computer_Science_Final_Project/multimodal-mammography-xai/results/resnet50v2_finetuned/gradcam_roi_alignment/heatmaps/92997382-e4a8-40fe-a1cc-dc688f689dd9.npy
c88074b4-3814-43ae-94af-c850e609c735,P_00626,BENIGN,0,0,0.2916828,0.2916829288005829,1.2880058286590668e-07,TN,mass,mass,1,0.002227783203125,medium,0,368,464,0.0005355831857747946,0.014136143028736115,0.05889967456459999,0.24000371365710585,/Users/gibionmakiwa/MyDocuments/610MtSundanceBayW/University_of_London_Computer_Science_BSc/CM3070_Computer_Science_Final_Project/multimodal-mammography-xai/data/processed/cbis_ddsm/model_input/full_mammograms_v4/test/P_00626_LEFT_CC_c88074b4.jpg,0.0,0.0003585311544703174,0.0007958162801273306,/Users/gibionmakiwa/MyDocuments/610MtSundanceBayW/University_of_London_Computer_Science_BSc/CM3070_Computer_Science_Final_Project/multimodal-mammography-xai/results/resnet50v2_finetuned/gradcam_roi_alignment/heatmaps/c88074b4-3814-43ae-94af-c850e609c735.npy
762443fa-0a46-4c72-ba72-d4d0b0e30133,P_00626,BENIGN,0,0,0.19598113,0.19598084688186646,2.8311813354831017e-07,TN,mass,mass,1,0.002964019775390625,medium,0,400,48,0.00241275279229006,0.05071203038096428,0.06233319640159607,0.8135636414119357,/Users/gibionmakiwa/MyDocuments/610MtSundanceBayW/University_of_London_Computer_Science_BSc/CM3070_Computer_Science_Final_Project/multimodal-mammography-xai/data/processed/cbis_ddsm/model_input/full_mammograms_v4/test/P_00626_LEFT_MLO_762443fa.jpg,0.0,0.006393281380040856,0.008085500679080513,/Users/gibionmakiwa/MyDocuments/610MtSundanceBayW/University_of_London_Computer_Science_BSc/CM3070_Computer_Science_Final_Project/multimodal-mammography-xai/results/resnet50v2_finetuned/gradcam_roi_alignment/heatmaps/762443fa-0a46-4c72-ba72-d4d0b0e30133.npy
c1679199-c480-49a9-ab07-aa1f2b2f76e7,P_00640,BENIGN,0,1,0.5281084,0.5281084179878235,1.7987823452969565e-08,FP,mass,mass,1,0.00193023681640625,medium,0,304,496,0.0,0.0,0.06113819405436516,0.0,/Users/gibionmakiwa/MyDocuments/610MtSundanceBayW/University_of_London_Computer_Science_BSc/CM3070_Computer_Science_Final_Project/multimodal-mammography-xai/data/processed/cbis_ddsm/model_input/full_mammograms_v4/test/P_00640_RIGHT_CC_c1679199.jpg,0.0,0.0,0.0,/Users/gibionmakiwa/MyDocuments/610MtSundanceBayW/University_of_London_Computer_Science_BSc/CM3070_Computer_Science_Final_Project/multimodal-mammography-xai/results/resnet50v2_finetuned/gradcam_roi_alignment/heatmaps/c1679199-c480-49a9-ab07-aa1f2b2f76e7.npy
8ab32bec-b3e3-4276-a576-be7169a351cf,P_00640,BENIGN,0,1,0.7208726,0.7208728194236755,2.1942367556260223e-07,FP,mass,mass,1,0.00199127197265625,medium,0,240,336,0.0011342471567955472,0.05727947875857353,0.10064557939767838,0.569120605297929,/Users/gibionmakiwa/MyDocuments/610MtSundanceBayW/University_of_London_Computer_Science_BSc/CM3070_Computer_Science_Final_Project/multimodal-mammography-xai/data/processed/cbis_ddsm/model_input/full_mammograms_v4/test/P_00640_RIGHT_MLO_8ab32bec.jpg,0.0,0.000207782395164337,0.001251991805144548,/Users/gibionmakiwa/MyDocuments/610MtSundanceBayW/University_of_London_Computer_Science_BSc/CM3070_Computer_Science_Final_Project/multimodal-mammography-xai/results/resnet50v2_finetuned/gradcam_roi_alignment/heatmaps/8ab32bec-b3e3-4276-a576-be7169a351cf.npy
39a0e094-29c1-49eb-932b-f5ac2a0f84cb,P_00659,BENIGN,0,0,0.13348484,0.1334848403930664,3.9306641275160814e-10,TN,mass,mass,1,0.003192901611328125,medium,0,207,48,0.0,0.0,0.052718207240104675,0.0,/Users/gibionmakiwa/MyDocuments/610MtSundanceBayW/University_of_London_Computer_Science_BSc/CM3070_Computer_Science_Final_Project/multimodal-mammography-xai/data/processed/cbis_ddsm/model_input/full_mammograms_v4/test/P_00659_RIGHT_MLO_39a0e094.jpg,0.0,0.0,0.0,/Users/gibionmakiwa/MyDocuments/610MtSundanceBayW/University_of_London_Computer_Science_BSc/CM3070_Computer_Science_Final_Project/multimodal-mammography-xai/results/resnet50v2_finetuned/gradcam_roi_alignment/heatmaps/39a0e094-29c1-49eb-932b-f5ac2a0f84cb.npy
90b0d33c-dc98-406a-a6bf-64d4f7d772c5,P_00670,BENIGN,0,1,0.6547792,0.6547789573669434,2.4263305664629087e-07,FP,mass,mass,1,0.00141143798828125,medium,0,175,48,0.00913943202709679,0.5535203814506531,0.08482076972723007,6.525763889823758,/Users/gibionmakiwa/MyDocuments/610MtSundanceBayW/University_of_London_Computer_Science_BSc/CM3070_Computer_Science_Final_Project/multimodal-mammography-xai/data/processed/cbis_ddsm/model_input/full_mammograms_v4/test/P_00670_RIGHT_CC_90b0d33c.jpg,0.014114056837688346,0.007057163020465773,0.004704685612562782,/Users/gibionmakiwa/MyDocuments/610MtSundanceBayW/University_of_London_Computer_Science_BSc/CM3070_Computer_Science_Final_Project/multimodal-mammography-xai/results/resnet50v2_finetuned/gradcam_roi_alignment/heatmaps/90b0d33c-dc98-406a-a6bf-64d4f7d772c5.npy
2cfe62a3-bbca-4a50-b6c9-02cfed541bb7,P_00670,BENIGN,0,1,0.67078316,0.6707830429077148,1.1709228520118131e-07,FP,mass,mass,1,0.001316070556640625,small,0,239,47,6.06152184527661e-05,0.0031260999385267496,0.06795883923768997,0.04599989513643817,/Users/gibionmakiwa/MyDocuments/610MtSundanceBayW/University_of_London_Computer_Science_BSc/CM3070_Computer_Science_Final_Project/multimodal-mammography-xai/data/processed/cbis_ddsm/model_input/full_mammograms_v4/test/P_00670_RIGHT_MLO_2cfe62a3.jpg,0.0,0.0,0.0,/Users/gibionmakiwa/MyDocuments/610MtSundanceBayW/University_of_London_Computer_Science_BSc/CM3070_Computer_Science_Final_Project/multimodal-mammography-xai/results/resnet50v2_finetuned/gradcam_roi_alignment/heatmaps/2cfe62a3-bbca-4a50-b6c9-02cfed541bb7.npy
f2612606-b6ce-4e80-96ce-f9fa52b9420c,P_00702,MALIGNANT,1,1,0.78945094,0.789451003074646,6.307464595067813e-08,TP,mass,mass,1,0.001010894775390625,small,0,367,80,0.002379476598033071,0.25430262088775635,0.10788968950510025,2.357061165748587,/Users/gibionmakiwa/MyDocuments/610MtSundanceBayW/University_of_London_Computer_Science_BSc/CM3070_Computer_Science_Final_Project/multimodal-mammography-xai/data/processed/cbis_ddsm/model_input/full_mammograms_v4/test/P_00702_RIGHT_CC_f2612606.jpg,0.0017022886324947987,0.005054454595739,0.0033690580622195102,/Users/gibionmakiwa/MyDocuments/610MtSundanceBayW/University_of_London_Computer_Science_BSc/CM3070_Computer_Science_Final_Project/multimodal-mammography-xai/results/resnet50v2_finetuned/gradcam_roi_alignment/heatmaps/f2612606-b6ce-4e80-96ce-f9fa52b9420c.npy
6e2624b4-57f5-403e-b63b-9e37aa81234a,P_00702,MALIGNANT,1,1,0.849014,0.8490142226219177,2.2262191767818962e-07,TP,mass,mass,1,0.000762939453125,small,0,144,111,0.0008635773612552201,0.0471661314368248,0.04166537523269653,1.1320219691575444,/Users/gibionmakiwa/MyDocuments/610MtSundanceBayW/University_of_London_Computer_Science_BSc/CM3070_Computer_Science_Final_Project/multimodal-mammography-xai/data/processed/cbis_ddsm/model_input/full_mammograms_v4/test/P_00702_RIGHT_MLO_6e2624b4.jpg,0.0,0.0033171289676865883,0.0025431379779509936,/Users/gibionmakiwa/MyDocuments/610MtSundanceBayW/University_of_London_Computer_Science_BSc/CM3070_Computer_Science_Final_Project/multimodal-mammography-xai/results/resnet50v2_finetuned/gradcam_roi_alignment/heatmaps/6e2624b4-57f5-403e-b63b-9e37aa81234a.npy
374171f6-f159-4aff-be30-a818f1c2ffad,P_00717,MALIGNANT,1,1,0.71331227,0.7133124470710754,1.7707107546893752e-07,TP,mass,mass,1,0.000888824462890625,small,0,144,80,0.0026304247644561973,0.12444102764129639,0.041975513100624084,2.9646093353735052,/Users/gibionmakiwa/MyDocuments/610MtSundanceBayW/University_of_London_Computer_Science_BSc/CM3070_Computer_Science_Final_Project/multimodal-mammography-xai/data/processed/cbis_ddsm/model_input/full_mammograms_v4/test/P_00717_RIGHT_CC_374171f6.jpg,0.007504476019961144,0.0044441053615365544,0.002962755744312908,/Users/gibionmakiwa/MyDocuments/610MtSundanceBayW/University_of_London_Computer_Science_BSc/CM3070_Computer_Science_Final_Project/multimodal-mammography-xai/results/resnet50v2_finetuned/gradcam_roi_alignment/heatmaps/374171f6-f159-4aff-be30-a818f1c2ffad.npy
05998a0d-e42a-4bef-b0f5-63ca1279e7ca,P_00717,MALIGNANT,1,1,0.7140215,0.7140212059020996,2.940979003662747e-07,TP,mass,mass,1,0.001071929931640625,small,0,143,80,1.2747076860620512e-05,0.0007464897935278714,0.0628405436873436,0.01187910910591194,/Users/gibionmakiwa/MyDocuments/610MtSundanceBayW/University_of_London_Computer_Science_BSc/CM3070_Computer_Science_Final_Project/multimodal-mammography-xai/data/processed/cbis_ddsm/model_input/full_mammograms_v4/test/P_00717_RIGHT_MLO_05998a0d.jpg,0.0,0.0,0.0,/Users/gibionmakiwa/MyDocuments/610MtSundanceBayW/University_of_London_Computer_Science_BSc/CM3070_Computer_Science_Final_Project/multimodal-mammography-xai/results/resnet50v2_finetuned/gradcam_roi_alignment/heatmaps/05998a0d-e42a-4bef-b0f5-63ca1279e7ca.npy
1ceba43d-300f-417c-bd27-72924b8c7d1c,P_00747,BENIGN,0,0,0.058662947,0.05866287276148796,7.423851203919307e-08,TN,mass,mass,1,0.002140045166015625,medium,0,144,0,0.0,0.0,0.020055338740348816,0.0,/Users/gibionmakiwa/MyDocuments/610MtSundanceBayW/University_of_London_Computer_Science_BSc/CM3070_Computer_Science_Final_Project/multimodal-mammography-xai/data/processed/cbis_ddsm/model_input/full_mammograms_v4/test/P_00747_LEFT_CC_1ceba43d.jpg,0.0,0.002140045166015625,0.002140045166015625,/Users/gibionmakiwa/MyDocuments/610MtSundanceBayW/University_of_London_Computer_Science_BSc/CM3070_Computer_Science_Final_Project/multimodal-mammography-xai/results/resnet50v2_finetuned/gradcam_roi_alignment/heatmaps/1ceba43d-300f-417c-bd27-72924b8c7d1c.npy
28ea6cf7-bf13-4e38-8d1c-aa4cff60c97f,P_00747,BENIGN,0,0,0.48156503,0.4815652370452881,2.0704528808090927e-07,TN,mass,mass,1,0.002819061279296875,medium,0,399,80,0.0,0.0,0.13603611290454865,0.0,/Users/gibionmakiwa/MyDocuments/610MtSundanceBayW/University_of_London_Computer_Science_BSc/CM3070_Computer_Science_Final_Project/multimodal-mammography-xai/data/processed/cbis_ddsm/model_input/full_mammograms_v4/test/P_00747_LEFT_MLO_28ea6cf7.jpg,0.0,0.0,0.0,/Users/gibionmakiwa/MyDocuments/610MtSundanceBayW/University_of_London_Computer_Science_BSc/CM3070_Computer_Science_Final_Project/multimodal-mammography-xai/results/resnet50v2_finetuned/gradcam_roi_alignment/heatmaps/28ea6cf7-bf13-4e38-8d1c-aa4cff60c97f.npy
1330935a-51e0-4f7c-bfdd-1f6eeb7c3213,P_00753,MALIGNANT,1,1,0.9591037,0.9591037034988403,3.49884032857517e-09,TP,mass,mass,1,0.00296783447265625,medium,0,176,272,0.02794711231616074,0.49472641944885254,0.051221054047346115,9.65865174123585,/Users/gibionmakiwa/MyDocuments/610MtSundanceBayW/University_of_London_Computer_Science_BSc/CM3070_Computer_Science_Final_Project/multimodal-mammography-xai/data/processed/cbis_ddsm/model_input/full_mammograms_v4/test/P_00753_RIGHT_CC_1330935a.jpg,0.029677665458706846,0.01483911575654695,0.009892806734229365,/Users/gibionmakiwa/MyDocuments/610MtSundanceBayW/University_of_London_Computer_Science_BSc/CM3070_Computer_Science_Final_Project/multimodal-mammography-xai/results/resnet50v2_finetuned/gradcam_roi_alignment/heatmaps/1330935a-51e0-4f7c-bfdd-1f6eeb7c3213.npy
a72745b8-39ad-4cf5-bb66-a54f9ad1b938,P_00753,MALIGNANT,1,1,0.89236903,0.8923691511154175,1.2111541747295007e-07,TP,mass,mass,1,0.003265380859375,medium,0,399,80,0.017328927772312278,0.390492707490921,0.07254436612129211,5.38281157505619,/Users/gibionmakiwa/MyDocuments/610MtSundanceBayW/University_of_London_Computer_Science_BSc/CM3070_Computer_Science_Final_Project/multimodal-mammography-xai/data/processed/cbis_ddsm/model_input/full_mammograms_v4/test/P_00753_RIGHT_MLO_a72745b8.jpg,0.02853343465045593,0.01632684201491541,0.010884630545630254,/Users/gibionmakiwa/MyDocuments/610MtSundanceBayW/University_of_London_Computer_Science_BSc/CM3070_Computer_Science_Final_Project/multimodal-mammography-xai/results/resnet50v2_finetuned/gradcam_roi_alignment/heatmaps/a72745b8-39ad-4cf5-bb66-a54f9ad1b938.npy
9436ce53-ccb8-45a7-80a2-cbfb4a7729d1,P_00775,BENIGN,0,0,0.20107481,0.20107470452785492,1.0547214507328206e-07,TN,mass,mass,1,0.010711669921875,large,0,399,48,0.0,0.0,0.022562982514500618,0.0,/Users/gibionmakiwa/MyDocuments/610MtSundanceBayW/University_of_London_Computer_Science_BSc/CM3070_Computer_Science_Final_Project/multimodal-mammography-xai/data/processed/cbis_ddsm/model_input/full_mammograms_v4/test/P_00775_LEFT_CC_9436ce53.jpg,0.0,0.0,0.0,/Users/gibionmakiwa/MyDocuments/610MtSundanceBayW/University_of_London_Computer_Science_BSc/CM3070_Computer_Science_Final_Project/multimodal-mammography-xai/results/resnet50v2_finetuned/gradcam_roi_alignment/heatmaps/9436ce53-ccb8-45a7-80a2-cbfb4a7729d1.npy
0d79dcba-a5a9-4c93-a3f9-7caf03ac253b,P_00775,BENIGN,0,0,0.2729681,0.27296799421310425,1.0578689574325395e-07,TN,mass,mass,1,0.017215728759765625,large,0,399,48,0.021505014849836832,0.045883145183324814,0.036571208387613297,1.254624461701431,/Users/gibionmakiwa/MyDocuments/610MtSundanceBayW/University_of_London_Computer_Science_BSc/CM3070_Computer_Science_Final_Project/multimodal-mammography-xai/data/processed/cbis_ddsm/model_input/full_mammograms_v4/test/P_00775_LEFT_MLO_0d79dcba.jpg,0.04502788736226364,0.037213792600958126,0.02724768715801435,/Users/gibionmakiwa/MyDocuments/610MtSundanceBayW/University_of_London_Computer_Science_BSc/CM3070_Computer_Science_Final_Project/multimodal-mammography-xai/results/resnet50v2_finetuned/gradcam_roi_alignment/heatmaps/0d79dcba-a5a9-4c93-a3f9-7caf03ac253b.npy
eb3d4ddf-6001-49b6-97c9-0504bc2a7eca,P_00776,MALIGNANT,1,1,0.5284189,0.5284188985824585,1.4175415286032944e-09,TP,mass,mass,1,0.001068115234375,small,0,400,271,0.0024414300289883934,0.09022204577922821,0.03941749036312103,2.2888829821294263,/Users/gibionmakiwa/MyDocuments/610MtSundanceBayW/University_of_London_Computer_Science_BSc/CM3070_Computer_Science_Final_Project/multimodal-mammography-xai/data/processed/cbis_ddsm/model_input/full_mammograms_v4/test/P_00776_RIGHT_CC_eb3d4ddf.jpg,0.0062283999848087804,0.005301296720061022,0.0035603931691313914,/Users/gibionmakiwa/MyDocuments/610MtSundanceBayW/University_of_London_Computer_Science_BSc/CM3070_Computer_Science_Final_Project/multimodal-mammography-xai/results/resnet50v2_finetuned/gradcam_roi_alignment/heatmaps/eb3d4ddf-6001-49b6-97c9-0504bc2a7eca.npy
c5602046-3986-4688-a316-817595e22557,P_00776,MALIGNANT,1,1,0.6689064,0.6689064502716064,5.027160643322759e-08,TP,mass,mass,1,0.000743865966796875,small,0,271,271,0.0002680144980740943,0.020936626940965652,0.05813663452863693,0.3601278868210685,/Users/gibionmakiwa/MyDocuments/610MtSundanceBayW/University_of_London_Computer_Science_BSc/CM3070_Computer_Science_Final_Project/multimodal-mammography-xai/data/processed/cbis_ddsm/model_input/full_mammograms_v4/test/P_00776_RIGHT_MLO_c5602046.jpg,0.0,0.0,6.342038838645848e-05,/Users/gibionmakiwa/MyDocuments/610MtSundanceBayW/University_of_London_Computer_Science_BSc/CM3070_Computer_Science_Final_Project/multimodal-mammography-xai/results/resnet50v2_finetuned/gradcam_roi_alignment/heatmaps/c5602046-3986-4688-a316-817595e22557.npy
62a2a7fa-6cb1-406c-b376-d2d74709e26c,P_00781,BENIGN,0,1,0.657889,0.6578889489173889,5.108261103003997e-08,FP,mass,mass,1,0.00855255126953125,large,0,239,336,0.15055359662833706,0.6736730337142944,0.03278838098049164,20.546083951332495,/Users/gibionmakiwa/MyDocuments/610MtSundanceBayW/University_of_London_Computer_Science_BSc/CM3070_Computer_Science_Final_Project/multimodal-mammography-xai/data/processed/cbis_ddsm/model_input/full_mammograms_v4/test/P_00781_RIGHT_CC_62a2a7fa.jpg,0.08552355521647911,0.04276259322130882,0.02850857673283064,/Users/gibionmakiwa/MyDocuments/610MtSundanceBayW/University_of_London_Computer_Science_BSc/CM3070_Computer_Science_Final_Project/multimodal-mammography-xai/results/resnet50v2_finetuned/gradcam_roi_alignment/heatmaps/62a2a7fa-6cb1-406c-b376-d2d74709e26c.npy
95b8d6b1-0d5e-4b6a-b75d-40b3814108b6,P_00781,BENIGN,0,0,0.2220823,0.22208243608474731,1.3608474730419928e-07,TN,mass,mass,1,0.007579803466796875,large,0,368,80,0.010062200709905194,0.058464378118515015,0.043930746614933014,1.3308302115297896,/Users/gibionmakiwa/MyDocuments/610MtSundanceBayW/University_of_London_Computer_Science_BSc/CM3070_Computer_Science_Final_Project/multimodal-mammography-xai/data/processed/cbis_ddsm/model_input/full_mammograms_v4/test/P_00781_RIGHT_MLO_95b8d6b1.jpg,0.008583077033116372,0.021187156342072175,0.01859243166776133,/Users/gibionmakiwa/MyDocuments/610MtSundanceBayW/University_of_London_Computer_Science_BSc/CM3070_Computer_Science_Final_Project/multimodal-mammography-xai/results/resnet50v2_finetuned/gradcam_roi_alignment/heatmaps/95b8d6b1-0d5e-4b6a-b75d-40b3814108b6.npy
83a2775d-e25b-4480-bdd4-953ad5e46331,P_00797,MALIGNANT,1,1,0.71225816,0.7122580409049988,1.1909500119422489e-07,TP,mass,mass,2,0.006465911865234375,large,0,239,239,0.035968052404741394,0.2433745115995407,0.042451854795217514,5.732952198296798,/Users/gibionmakiwa/MyDocuments/610MtSundanceBayW/University_of_London_Computer_Science_BSc/CM3070_Computer_Science_Final_Project/multimodal-mammography-xai/data/processed/cbis_ddsm/model_input/full_mammograms_v4/test/P_00797_LEFT_CC_83a2775d.jpg,0.04743676349170607,0.024125338227781037,0.016126380228425434,/Users/gibionmakiwa/MyDocuments/610MtSundanceBayW/University_of_London_Computer_Science_BSc/CM3070_Computer_Science_Final_Project/multimodal-mammography-xai/results/resnet50v2_finetuned/gradcam_roi_alignment/heatmaps/83a2775d-e25b-4480-bdd4-953ad5e46331.npy
602dec66-91f5-4d25-a258-1c65a80f8571,P_00797,MALIGNANT,1,1,0.8676845,0.8676844239234924,7.607650753804762e-08,TP,mass,mass,2,0.008922576904296875,large,0,271,240,0.0650503046351103,0.5545446872711182,0.07175598293542862,7.7282003158974995,/Users/gibionmakiwa/MyDocuments/610MtSundanceBayW/University_of_London_Computer_Science_BSc/CM3070_Computer_Science_Final_Project/multimodal-mammography-xai/data/processed/cbis_ddsm/model_input/full_mammograms_v4/test/P_00797_LEFT_MLO_602dec66.jpg,0.06588525140916048,0.03331949737745746,0.022345099227389788,/Users/gibionmakiwa/MyDocuments/610MtSundanceBayW/University_of_London_Computer_Science_BSc/CM3070_Computer_Science_Final_Project/multimodal-mammography-xai/results/resnet50v2_finetuned/gradcam_roi_alignment/heatmaps/602dec66-91f5-4d25-a258-1c65a80f8571.npy
21e47401-4252-419c-b922-e3b37ff03fe2,P_00797,BENIGN,0,0,0.31659004,0.31658992171287537,1.1828712465078439e-07,TN,mass,mass,1,0.002685546875,medium,0,399,0,8.669503165438191e-05,0.0020251122768968344,0.06289525330066681,0.03219816836151737,/Users/gibionmakiwa/MyDocuments/610MtSundanceBayW/University_of_London_Computer_Science_BSc/CM3070_Computer_Science_Final_Project/multimodal-mammography-xai/data/processed/cbis_ddsm/model_input/full_mammograms_v4/test/P_00797_RIGHT_CC_21e47401.jpg,0.0,0.0,0.0,/Users/gibionmakiwa/MyDocuments/610MtSundanceBayW/University_of_London_Computer_Science_BSc/CM3070_Computer_Science_Final_Project/multimodal-mammography-xai/results/resnet50v2_finetuned/gradcam_roi_alignment/heatmaps/21e47401-4252-419c-b922-e3b37ff03fe2.npy
eb192418-85fd-409b-b79d-b54d1927e1dc,P_00797,BENIGN,0,1,0.5872687,0.5872685313224792,1.6867752072879938e-07,FP,mass,mass,1,0.003337860107421875,medium,0,400,80,0.0,0.0,0.034651368856430054,0.0,/Users/gibionmakiwa/MyDocuments/610MtSundanceBayW/University_of_London_Computer_Science_BSc/CM3070_Computer_Science_Final_Project/multimodal-mammography-xai/data/processed/cbis_ddsm/model_input/full_mammograms_v4/test/P_00797_RIGHT_MLO_eb192418.jpg,0.0,0.0,0.0,/Users/gibionmakiwa/MyDocuments/610MtSundanceBayW/University_of_London_Computer_Science_BSc/CM3070_Computer_Science_Final_Project/multimodal-mammography-xai/results/resnet50v2_finetuned/gradcam_roi_alignment/heatmaps/eb192418-85fd-409b-b79d-b54d1927e1dc.npy
4c90e4e7-fed7-40ea-9186-6b9d4db25c0e,P_00810,MALIGNANT,1,1,0.57707536,0.577075183391571,1.7660842899225315e-07,TP,mass,mass,1,0.000507354736328125,small,0,176,143,0.0001469762984732481,0.0117146335542202,0.04045289754867554,0.28958693612132574,/Users/gibionmakiwa/MyDocuments/610MtSundanceBayW/University_of_London_Computer_Science_BSc/CM3070_Computer_Science_Final_Project/multimodal-mammography-xai/data/processed/cbis_ddsm/model_input/full_mammograms_v4/test/P_00810_RIGHT_MLO_4c90e4e7.jpg,0.0,0.0,0.0,/Users/gibionmakiwa/MyDocuments/610MtSundanceBayW/University_of_London_Computer_Science_BSc/CM3070_Computer_Science_Final_Project/multimodal-mammography-xai/results/resnet50v2_finetuned/gradcam_roi_alignment/heatmaps/4c90e4e7-fed7-40ea-9186-6b9d4db25c0e.npy
603bbfa1-0e04-48fe-9ae1-0319983b80ce,P_00831,MALIGNANT,1,0,0.34265932,0.34265920519828796,1.1480171202560285e-07,FN,mass,mass,1,0.00653839111328125,large,0,175,48,3.817063444007791e-08,3.8609786656707e-07,0.06657141447067261,5.7997537177105426e-06,/Users/gibionmakiwa/MyDocuments/610MtSundanceBayW/University_of_London_Computer_Science_BSc/CM3070_Computer_Science_Final_Project/multimodal-mammography-xai/data/processed/cbis_ddsm/model_input/full_mammograms_v4/test/P_00831_RIGHT_MLO_603bbfa1.jpg,0.0,0.0,0.0,/Users/gibionmakiwa/MyDocuments/610MtSundanceBayW/University_of_London_Computer_Science_BSc/CM3070_Computer_Science_Final_Project/multimodal-mammography-xai/results/resnet50v2_finetuned/gradcam_roi_alignment/heatmaps/603bbfa1-0e04-48fe-9ae1-0319983b80ce.npy
2b86688d-8d15-4ffc-aea6-091bafabfd23,P_00849,MALIGNANT,1,1,0.6072292,0.6072286367416382,5.632583618409015e-07,TP,mass,mass,1,0.003345489501953125,medium,0,240,304,0.1062216349541931,0.797240674495697,0.02251756377518177,35.405265347654506,/Users/gibionmakiwa/MyDocuments/610MtSundanceBayW/University_of_London_Computer_Science_BSc/CM3070_Computer_Science_Final_Project/multimodal-mammography-xai/data/processed/cbis_ddsm/model_input/full_mammograms_v4/test/P_00849_LEFT_CC_2b86688d.jpg,0.03345412931527751,0.016722918215967813,0.011151660033315108,/Users/gibionmakiwa/MyDocuments/610MtSundanceBayW/University_of_London_Computer_Science_BSc/CM3070_Computer_Science_Final_Project/multimodal-mammography-xai/results/resnet50v2_finetuned/gradcam_roi_alignment/heatmaps/2b86688d-8d15-4ffc-aea6-091bafabfd23.npy
9ea6033c-7b65-4a87-895f-803d05d51328,P_00849,MALIGNANT,1,0,0.37532672,0.3753267228603363,2.860336301147015e-09,FN,mass,mass,1,0.0032196044921875,medium,0,208,47,0.0013587184539134121,0.023027418181300163,0.054667387157678604,0.42122763070064556,/Users/gibionmakiwa/MyDocuments/610MtSundanceBayW/University_of_London_Computer_Science_BSc/CM3070_Computer_Science_Final_Project/multimodal-mammography-xai/data/processed/cbis_ddsm/model_input/full_mammograms_v4/test/P_00849_LEFT_MLO_9ea6033c.jpg,0.0,0.002483957772717864,0.007938017524505143,/Users/gibionmakiwa/MyDocuments/610MtSundanceBayW/University_of_London_Computer_Science_BSc/CM3070_Computer_Science_Final_Project/multimodal-mammography-xai/results/resnet50v2_finetuned/gradcam_roi_alignment/heatmaps/9ea6033c-7b65-4a87-895f-803d05d51328.npy
d4fd20b7-6792-482a-a4e5-711329c4e5c3,P_00871,MALIGNANT,1,1,0.83466244,0.8346624374389648,2.5610351617189053e-09,TP,mass,mass,1,0.007419586181640625,large,1,207,239,0.06914825059687829,0.5071571469306946,0.051033567637205124,9.93771494007429,/Users/gibionmakiwa/MyDocuments/610MtSundanceBayW/University_of_London_Computer_Science_BSc/CM3070_Computer_Science_Final_Project/multimodal-mammography-xai/data/processed/cbis_ddsm/model_input/full_mammograms_v4/test/P_00871_LEFT_CC_d4fd20b7.jpg,0.07312983499104454,0.037097789391367375,0.024731702354915824,/Users/gibionmakiwa/MyDocuments/610MtSundanceBayW/University_of_London_Computer_Science_BSc/CM3070_Computer_Science_Final_Project/multimodal-mammography-xai/results/resnet50v2_finetuned/gradcam_roi_alignment/heatmaps/d4fd20b7-6792-482a-a4e5-711329c4e5c3.npy
dcb8137c-183c-4937-b114-f5407a950a1b,P_00871,MALIGNANT,1,0,0.47305477,0.47305452823638916,2.417636108531518e-07,FN,mass,mass,1,0.0077667236328125,large,0,240,303,0.0640752369704312,0.61589515209198,0.07041766494512558,8.746314793436861,/Users/gibionmakiwa/MyDocuments/610MtSundanceBayW/University_of_London_Computer_Science_BSc/CM3070_Computer_Science_Final_Project/multimodal-mammography-xai/data/processed/cbis_ddsm/model_input/full_mammograms_v4/test/P_00871_LEFT_MLO_dcb8137c.jpg,0.07206284153005464,0.03883347002613058,0.02588486574450773,/Users/gibionmakiwa/MyDocuments/610MtSundanceBayW/University_of_London_Computer_Science_BSc/CM3070_Computer_Science_Final_Project/multimodal-mammography-xai/results/resnet50v2_finetuned/gradcam_roi_alignment/heatmaps/dcb8137c-183c-4937-b114-f5407a950a1b.npy
5268aeef-5e00-477c-bfb3-b410442623ca,P_00889,MALIGNANT,1,1,0.7633013,0.7633013725280762,7.25280762114977e-08,TP,mass,mass,1,0.002246856689453125,medium,0,240,112,0.0003743726975915518,0.018114794045686722,0.1089228168129921,0.16630851930410998,/Users/gibionmakiwa/MyDocuments/610MtSundanceBayW/University_of_London_Computer_Science_BSc/CM3070_Computer_Science_Final_Project/multimodal-mammography-xai/data/processed/cbis_ddsm/model_input/full_mammograms_v4/test/P_00889_LEFT_CC_5268aeef.jpg,0.0,0.0,0.0,/Users/gibionmakiwa/MyDocuments/610MtSundanceBayW/University_of_London_Computer_Science_BSc/CM3070_Computer_Science_Final_Project/multimodal-mammography-xai/results/resnet50v2_finetuned/gradcam_roi_alignment/heatmaps/5268aeef-5e00-477c-bfb3-b410442623ca.npy
ab96c94d-36cd-4991-b07c-78dc015357e7,P_00889,MALIGNANT,1,0,0.3823404,0.3823399841785431,4.158214569338625e-07,FN,mass,mass,1,0.002941131591796875,medium,0,400,48,0.0003241231531202106,0.0037145528476685286,0.033794764429330826,0.10991500639946958,/Users/gibionmakiwa/MyDocuments/610MtSundanceBayW/University_of_London_Computer_Science_BSc/CM3070_Computer_Science_Final_Project/multimodal-mammography-xai/data/processed/cbis_ddsm/model_input/full_mammograms_v4/test/P_00889_LEFT_MLO_ab96c94d.jpg,0.0,0.0,3.7778141567289165e-05,/Users/gibionmakiwa/MyDocuments/610MtSundanceBayW/University_of_London_Computer_Science_BSc/CM3070_Computer_Science_Final_Project/multimodal-mammography-xai/results/resnet50v2_finetuned/gradcam_roi_alignment/heatmaps/ab96c94d-36cd-4991-b07c-78dc015357e7.npy
b5281aca-9a12-452c-8f94-cf1f470f0b8f,P_00901,MALIGNANT,1,1,0.7788874,0.7788874506950378,5.0695037834280754e-08,TP,mass,mass,1,0.00457000732421875,medium,0,303,303,0.062425486524012856,0.5590133666992188,0.03854537010192871,14.5027332775283,/Users/gibionmakiwa/MyDocuments/610MtSundanceBayW/University_of_London_Computer_Science_BSc/CM3070_Computer_Science_Final_Project/multimodal-mammography-xai/data/processed/cbis_ddsm/model_input/full_mammograms_v4/test/P_00901_RIGHT_CC_b5281aca.jpg,0.045699027274461186,0.022849949455454044,0.015233396487926452,/Users/gibionmakiwa/MyDocuments/610MtSundanceBayW/University_of_London_Computer_Science_BSc/CM3070_Computer_Science_Final_Project/multimodal-mammography-xai/results/resnet50v2_finetuned/gradcam_roi_alignment/heatmaps/b5281aca-9a12-452c-8f94-cf1f470f0b8f.npy
bbffd60a-2811-4abe-91b6-1b0f8779e3f2,P_00901,MALIGNANT,1,1,0.7069161,0.7069163918495178,2.9184951777505574e-07,TP,mass,mass,1,0.002231597900390625,medium,0,176,47,0.000752480862459045,0.031809188425540924,0.09447488933801651,0.33669459981886396,/Users/gibionmakiwa/MyDocuments/610MtSundanceBayW/University_of_London_Computer_Science_BSc/CM3070_Computer_Science_Final_Project/multimodal-mammography-xai/data/processed/cbis_ddsm/model_input/full_mammograms_v4/test/P_00901_RIGHT_MLO_bbffd60a.jpg,0.0,0.0,0.0005177617538232286,/Users/gibionmakiwa/MyDocuments/610MtSundanceBayW/University_of_London_Computer_Science_BSc/CM3070_Computer_Science_Final_Project/multimodal-mammography-xai/results/resnet50v2_finetuned/gradcam_roi_alignment/heatmaps/bbffd60a-2811-4abe-91b6-1b0f8779e3f2.npy
7371a5d4-f85a-4155-a170-3d3710120970,P_00968,MALIGNANT,1,0,0.35442764,0.3544278144836426,1.7448364258987326e-07,FN,mass,mass,1,0.004123687744140625,medium,0,368,111,0.00247808871363322,0.027839723974466324,0.04640351980924606,0.5999484110133183,/Users/gibionmakiwa/MyDocuments/610MtSundanceBayW/University_of_London_Computer_Science_BSc/CM3070_Computer_Science_Final_Project/multimodal-mammography-xai/data/processed/cbis_ddsm/model_input/full_mammograms_v4/test/P_00968_LEFT_CC_7371a5d4.jpg,0.005785032609897196,0.00686800263430238,0.005765324788373472,/Users/gibionmakiwa/MyDocuments/610MtSundanceBayW/University_of_London_Computer_Science_BSc/CM3070_Computer_Science_Final_Project/multimodal-mammography-xai/results/resnet50v2_finetuned/gradcam_roi_alignment/heatmaps/7371a5d4-f85a-4155-a170-3d3710120970.npy
ec03f9c4-3ca6-4e8e-bf2e-8d4791eb1a2a,P_00968,MALIGNANT,1,1,0.57418466,0.5741844177246094,2.42275390638369e-07,TP,mass,mass,1,0.0031280517578125,medium,0,368,80,0.003715788416718707,0.10103548318147659,0.08500427007675171,1.1885928930902074,/Users/gibionmakiwa/MyDocuments/610MtSundanceBayW/University_of_London_Computer_Science_BSc/CM3070_Computer_Science_Final_Project/multimodal-mammography-xai/data/processed/cbis_ddsm/model_input/full_mammograms_v4/test/P_00968_LEFT_MLO_ec03f9c4.jpg,0.002521600474654207,0.007320948885778064,0.005949894294431152,/Users/gibionmakiwa/MyDocuments/610MtSundanceBayW/University_of_London_Computer_Science_BSc/CM3070_Computer_Science_Final_Project/multimodal-mammography-xai/results/resnet50v2_finetuned/gradcam_roi_alignment/heatmaps/ec03f9c4-3ca6-4e8e-bf2e-8d4791eb1a2a.npy
b5def139-3b10-47d1-ad50-9880da8e96b5,P_00988,BENIGN,0,1,0.5696383,0.5696383118629456,1.1862945514806711e-08,FP,mass,mass,1,0.001911163330078125,medium,0,368,79,0.006495296759711227,0.28635093569755554,0.0838683545589447,3.4142902058892686,/Users/gibionmakiwa/MyDocuments/610MtSundanceBayW/University_of_London_Computer_Science_BSc/CM3070_Computer_Science_Final_Project/multimodal-mammography-xai/data/processed/cbis_ddsm/model_input/full_mammograms_v4/test/P_00988_LEFT_CC_b5def139.jpg,0.015508590542800668,0.009555780197982033,0.00637056063476724,/Users/gibionmakiwa/MyDocuments/610MtSundanceBayW/University_of_London_Computer_Science_BSc/CM3070_Computer_Science_Final_Project/multimodal-mammography-xai/results/resnet50v2_finetuned/gradcam_roi_alignment/heatmaps/b5def139-3b10-47d1-ad50-9880da8e96b5.npy
a9f40833-8cf9-43e0-9fcc-c0ec67d20157,P_00988,BENIGN,0,1,0.5114047,0.5114046931266785,6.87332157855991e-09,FP,mass,mass,1,0.0016632080078125,medium,0,368,111,0.0,0.0,0.05721789598464966,0.0,/Users/gibionmakiwa/MyDocuments/610MtSundanceBayW/University_of_London_Computer_Science_BSc/CM3070_Computer_Science_Final_Project/multimodal-mammography-xai/data/processed/cbis_ddsm/model_input/full_mammograms_v4/test/P_00988_LEFT_MLO_a9f40833.jpg,0.0,0.0,0.0,/Users/gibionmakiwa/MyDocuments/610MtSundanceBayW/University_of_London_Computer_Science_BSc/CM3070_Computer_Science_Final_Project/multimodal-mammography-xai/results/resnet50v2_finetuned/gradcam_roi_alignment/heatmaps/a9f40833-8cf9-43e0-9fcc-c0ec67d20157.npy
ac5453bb-32bf-413a-a4ef-c5dcfdd92629,P_01039,MALIGNANT,1,0,0.47021428,0.4702145755290985,2.955290985262593e-07,FN,mass,mass,1,0.001483917236328125,medium,0,399,48,0.007502221633518232,0.4508759677410126,0.08864441514015198,5.086343185464304,/Users/gibionmakiwa/MyDocuments/610MtSundanceBayW/University_of_London_Computer_Science_BSc/CM3070_Computer_Science_Final_Project/multimodal-mammography-xai/data/processed/cbis_ddsm/model_input/full_mammograms_v4/test/P_01039_LEFT_CC_ac5453bb.jpg,0.014838832729353423,0.007419557878273475,0.004946403367114683,/Users/gibionmakiwa/MyDocuments/610MtSundanceBayW/University_of_London_Computer_Science_BSc/CM3070_Computer_Science_Final_Project/multimodal-mammography-xai/results/resnet50v2_finetuned/gradcam_roi_alignment/heatmaps/ac5453bb-32bf-413a-a4ef-c5dcfdd92629.npy
c97a1fbe-2a0f-4101-acca-7b0867a44ef0,P_01039,BENIGN,0,1,0.6298125,0.6298122406005859,2.5939941405983546e-07,FP,mass,mass,5,0.005893707275390625,large,0,400,48,0.009105021376859274,0.07578834891319275,0.04889955371618271,1.5498778139018758,/Users/gibionmakiwa/MyDocuments/610MtSundanceBayW/University_of_London_Computer_Science_BSc/CM3070_Computer_Science_Final_Project/multimodal-mammography-xai/data/processed/cbis_ddsm/model_input/full_mammograms_v4/test/P_01039_RIGHT_CC_c97a1fbe.jpg,0.011035437229121899,0.012664402709244077,0.010369679711715344,/Users/gibionmakiwa/MyDocuments/610MtSundanceBayW/University_of_London_Computer_Science_BSc/CM3070_Computer_Science_Final_Project/multimodal-mammography-xai/results/resnet50v2_finetuned/gradcam_roi_alignment/heatmaps/c97a1fbe-2a0f-4101-acca-7b0867a44ef0.npy
e7eae071-2106-40cf-97ff-a4392e2b7981,P_01039,BENIGN,0,1,0.6209673,0.6209673285484314,2.8548431396657747e-08,FP,mass,mass,6,0.00771331787109375,large,0,431,48,0.012556005669886124,0.11176881939172745,0.0683259516954422,1.635817727526888,/Users/gibionmakiwa/MyDocuments/610MtSundanceBayW/University_of_London_Computer_Science_BSc/CM3070_Computer_Science_Final_Project/multimodal-mammography-xai/data/processed/cbis_ddsm/model_input/full_mammograms_v4/test/P_01039_RIGHT_MLO_e7eae071.jpg,0.0193126850046928,0.021288168654812815,0.014679614581498905,/Users/gibionmakiwa/MyDocuments/610MtSundanceBayW/University_of_London_Computer_Science_BSc/CM3070_Computer_Science_Final_Project/multimodal-mammography-xai/results/resnet50v2_finetuned/gradcam_roi_alignment/heatmaps/e7eae071-2106-40cf-97ff-a4392e2b7981.npy
6689d38d-b850-4c29-b0e3-70478a838abc,P_01052,BENIGN,0,1,0.5585991,0.5585991144180298,1.4418029770091323e-08,FP,mass,mass,1,0.001922607421875,medium,0,207,47,0.00018758800070345946,0.009150694124400616,0.09394937753677368,0.09740025309711413,/Users/gibionmakiwa/MyDocuments/610MtSundanceBayW/University_of_London_Computer_Science_BSc/CM3070_Computer_Science_Final_Project/multimodal-mammography-xai/data/processed/cbis_ddsm/model_input/full_mammograms_v4/test/P_01052_LEFT_CC_6689d38d.jpg,0.0,0.0,0.0,/Users/gibionmakiwa/MyDocuments/610MtSundanceBayW/University_of_London_Computer_Science_BSc/CM3070_Computer_Science_Final_Project/multimodal-mammography-xai/results/resnet50v2_finetuned/gradcam_roi_alignment/heatmaps/6689d38d-b850-4c29-b0e3-70478a838abc.npy
0cd34fcf-ffd1-4177-9745-52f458d48484,P_01052,BENIGN,0,1,0.73253536,0.7325353622436523,2.243652375000238e-09,FP,mass,mass,1,0.006992340087890625,large,0,399,48,0.004101569822829077,0.0269265566021204,0.04603792726993561,0.5848775640020776,/Users/gibionmakiwa/MyDocuments/610MtSundanceBayW/University_of_London_Computer_Science_BSc/CM3070_Computer_Science_Final_Project/multimodal-mammography-xai/data/processed/cbis_ddsm/model_input/full_mammograms_v4/test/P_01052_LEFT_MLO_0cd34fcf.jpg,0.0075436453768230475,0.0060442005339661825,0.00518354754499694,/Users/gibionmakiwa/MyDocuments/610MtSundanceBayW/University_of_London_Computer_Science_BSc/CM3070_Computer_Science_Final_Project/multimodal-mammography-xai/results/resnet50v2_finetuned/gradcam_roi_alignment/heatmaps/0cd34fcf-ffd1-4177-9745-52f458d48484.npy
4d51adb4-f845-4f5f-bfad-a45e141a4f9b,P_01076,MALIGNANT,1,1,0.5699877,0.5699877738952637,7.389526368584143e-08,TP,mass,mass,1,0.003032684326171875,medium,0,239,239,0.016581767569978152,0.325245201587677,0.05867655947804451,5.543016650102161,/Users/gibionmakiwa/MyDocuments/610MtSundanceBayW/University_of_London_Computer_Science_BSc/CM3070_Computer_Science_Final_Project/multimodal-mammography-xai/data/processed/cbis_ddsm/model_input/full_mammograms_v4/test/P_01076_RIGHT_CC_4d51adb4.jpg,0.030324992371071103,0.015163363787216999,0.0101089734623552,/Users/gibionmakiwa/MyDocuments/610MtSundanceBayW/University_of_London_Computer_Science_BSc/CM3070_Computer_Science_Final_Project/multimodal-mammography-xai/results/resnet50v2_finetuned/gradcam_roi_alignment/heatmaps/4d51adb4-f845-4f5f-bfad-a45e141a4f9b.npy
ed7fb899-c446-4389-ad4c-3949f0ad83b9,P_01076,MALIGNANT,1,1,0.78419435,0.7841941714286804,1.785713196200689e-07,TP,mass,mass,1,0.003063201904296875,medium,1,240,144,0.04646127449117461,0.796917736530304,0.050253767520189285,15.857867325697953,/Users/gibionmakiwa/MyDocuments/610MtSundanceBayW/University_of_London_Computer_Science_BSc/CM3070_Computer_Science_Final_Project/multimodal-mammography-xai/data/processed/cbis_ddsm/model_input/full_mammograms_v4/test/P_01076_RIGHT_MLO_ed7fb899.jpg,0.030631317947739843,0.015313906476466549,0.01021069898147324,/Users/gibionmakiwa/MyDocuments/610MtSundanceBayW/University_of_London_Computer_Science_BSc/CM3070_Computer_Science_Final_Project/multimodal-mammography-xai/results/resnet50v2_finetuned/gradcam_roi_alignment/heatmaps/ed7fb899-c446-4389-ad4c-3949f0ad83b9.npy
6b7efff1-5989-49cd-ac80-b4cecc2d1152,P_01133,BENIGN,0,0,0.09781553,0.09781556576490402,3.576490402446009e-08,TN,mass,mass,1,0.00379180908203125,medium,0,400,47,0.0,0.0,0.017084090039134026,0.0,/Users/gibionmakiwa/MyDocuments/610MtSundanceBayW/University_of_London_Computer_Science_BSc/CM3070_Computer_Science_Final_Project/multimodal-mammography-xai/data/processed/cbis_ddsm/model_input/full_mammograms_v4/test/P_01133_RIGHT_CC_6b7efff1.jpg,0.0,0.0,0.0,/Users/gibionmakiwa/MyDocuments/610MtSundanceBayW/University_of_London_Computer_Science_BSc/CM3070_Computer_Science_Final_Project/multimodal-mammography-xai/results/resnet50v2_finetuned/gradcam_roi_alignment/heatmaps/6b7efff1-5989-49cd-ac80-b4cecc2d1152.npy
2c41f2b1-8c73-49c6-a32d-cc7edad29a7d,P_01175,BENIGN,0,0,0.42211542,0.42211517691612244,2.4308387758242844e-07,TN,mass,mass,1,0.002216339111328125,medium,0,368,47,0.0035775058656414365,0.04849935695528984,0.03000536374747753,1.6163557022637336,/Users/gibionmakiwa/MyDocuments/610MtSundanceBayW/University_of_London_Computer_Science_BSc/CM3070_Computer_Science_Final_Project/multimodal-mammography-xai/data/processed/cbis_ddsm/model_input/full_mammograms_v4/test/P_01175_LEFT_MLO_2c41f2b1.jpg,0.0036328227407213215,0.008868757612667479,0.007387440080359073,/Users/gibionmakiwa/MyDocuments/610MtSundanceBayW/University_of_London_Computer_Science_BSc/CM3070_Computer_Science_Final_Project/multimodal-mammography-xai/results/resnet50v2_finetuned/gradcam_roi_alignment/heatmaps/2c41f2b1-8c73-49c6-a32d-cc7edad29a7d.npy
b04892b2-174c-4022-93a9-ca976d6670c3,P_01175,BENIGN,0,0,0.17000292,0.17000310122966766,1.8122966766176418e-07,TN,mass,mass,1,0.001972198486328125,medium,0,368,0,0.0,0.0,0.028474878519773483,0.0,/Users/gibionmakiwa/MyDocuments/610MtSundanceBayW/University_of_London_Computer_Science_BSc/CM3070_Computer_Science_Final_Project/multimodal-mammography-xai/data/processed/cbis_ddsm/model_input/full_mammograms_v4/test/P_01175_RIGHT_CC_b04892b2.jpg,0.0,0.0,0.0,/Users/gibionmakiwa/MyDocuments/610MtSundanceBayW/University_of_London_Computer_Science_BSc/CM3070_Computer_Science_Final_Project/multimodal-mammography-xai/results/resnet50v2_finetuned/gradcam_roi_alignment/heatmaps/b04892b2-174c-4022-93a9-ca976d6670c3.npy
b1c05978-b118-4444-bf11-e16c028a88e7,P_01175,BENIGN,0,0,0.39333418,0.3933340907096863,8.929031369842022e-08,TN,mass,mass,1,0.001506805419921875,medium,0,368,79,0.00020617972184937053,0.003883292665705085,0.028416898101568222,0.1366542993286022,/Users/gibionmakiwa/MyDocuments/610MtSundanceBayW/University_of_London_Computer_Science_BSc/CM3070_Computer_Science_Final_Project/multimodal-mammography-xai/data/processed/cbis_ddsm/model_input/full_mammograms_v4/test/P_01175_RIGHT_MLO_b1c05978.jpg,0.0,0.00022719097294534164,0.0008229514838448294,/Users/gibionmakiwa/MyDocuments/610MtSundanceBayW/University_of_London_Computer_Science_BSc/CM3070_Computer_Science_Final_Project/multimodal-mammography-xai/results/resnet50v2_finetuned/gradcam_roi_alignment/heatmaps/b1c05978-b118-4444-bf11-e16c028a88e7.npy
69640277-3ace-42c6-b147-ebcba6bf5bcf,P_01182,BENIGN,0,0,0.28811073,0.2881108522415161,1.2224151613171585e-07,TN,mass,mass,1,0.002079010009765625,medium,0,176,47,0.0,0.0,0.0846124067902565,0.0,/Users/gibionmakiwa/MyDocuments/610MtSundanceBayW/University_of_London_Computer_Science_BSc/CM3070_Computer_Science_Final_Project/multimodal-mammography-xai/data/processed/cbis_ddsm/model_input/full_mammograms_v4/test/P_01182_LEFT_CC_69640277.jpg,0.0,0.0,0.0,/Users/gibionmakiwa/MyDocuments/610MtSundanceBayW/University_of_London_Computer_Science_BSc/CM3070_Computer_Science_Final_Project/multimodal-mammography-xai/results/resnet50v2_finetuned/gradcam_roi_alignment/heatmaps/69640277-3ace-42c6-b147-ebcba6bf5bcf.npy
9cdc9a4c-10d7-497c-821d-4d5a0ef2e4eb,P_01182,BENIGN,0,0,0.22146425,0.22146405279636383,1.9720363617081738e-07,TN,mass,mass,1,0.001888275146484375,medium,0,175,111,0.0,0.0,0.07758713513612747,0.0,/Users/gibionmakiwa/MyDocuments/610MtSundanceBayW/University_of_London_Computer_Science_BSc/CM3070_Computer_Science_Final_Project/multimodal-mammography-xai/data/processed/cbis_ddsm/model_input/full_mammograms_v4/test/P_01182_LEFT_MLO_9cdc9a4c.jpg,0.0,0.0,0.0,/Users/gibionmakiwa/MyDocuments/610MtSundanceBayW/University_of_London_Computer_Science_BSc/CM3070_Computer_Science_Final_Project/multimodal-mammography-xai/results/resnet50v2_finetuned/gradcam_roi_alignment/heatmaps/9cdc9a4c-10d7-497c-821d-4d5a0ef2e4eb.npy
28564018-87f5-41a5-8ed2-478a729a4c1c,P_01206,MALIGNANT,1,0,0.31267834,0.31267842650413513,8.65041351327811e-08,FN,mass,mass,1,0.0031890869140625,medium,0,239,80,1.3547648751563831e-09,4.466198788577458e-08,0.1054697036743164,4.2345794190442086e-07,/Users/gibionmakiwa/MyDocuments/610MtSundanceBayW/University_of_London_Computer_Science_BSc/CM3070_Computer_Science_Final_Project/multimodal-mammography-xai/data/processed/cbis_ddsm/model_input/full_mammograms_v4/test/P_01206_RIGHT_CC_28564018.jpg,0.0,0.0,0.0,/Users/gibionmakiwa/MyDocuments/610MtSundanceBayW/University_of_London_Computer_Science_BSc/CM3070_Computer_Science_Final_Project/multimodal-mammography-xai/results/resnet50v2_finetuned/gradcam_roi_alignment/heatmaps/28564018-87f5-41a5-8ed2-478a729a4c1c.npy
2e1123bd-eff9-4f67-8049-ef1bdb8193ec,P_01206,MALIGNANT,1,1,0.5409672,0.540966808795929,3.912040710263298e-07,TP,mass,mass,1,0.00243377685546875,medium,0,368,47,0.011802822281647108,0.22383031249046326,0.04572100192308426,4.8955677723627264,/Users/gibionmakiwa/MyDocuments/610MtSundanceBayW/University_of_London_Computer_Science_BSc/CM3070_Computer_Science_Final_Project/multimodal-mammography-xai/data/processed/cbis_ddsm/model_input/full_mammograms_v4/test/P_01206_RIGHT_MLO_2e1123bd.jpg,0.020986199292856327,0.012168837856911252,0.008111784974126204,/Users/gibionmakiwa/MyDocuments/610MtSundanceBayW/University_of_London_Computer_Science_BSc/CM3070_Computer_Science_Final_Project/multimodal-mammography-xai/results/resnet50v2_finetuned/gradcam_roi_alignment/heatmaps/2e1123bd-eff9-4f67-8049-ef1bdb8193ec.npy
df492dd7-428c-49a4-82f7-7f04f4a299e2,P_01221,MALIGNANT,1,0,0.22757214,0.2275722622871399,1.2228713988648998e-07,FN,mass,mass,1,0.00592041015625,large,0,399,79,0.0038430051664296292,0.01921786181628704,0.0296682920306921,0.6477573875446597,/Users/gibionmakiwa/MyDocuments/610MtSundanceBayW/University_of_London_Computer_Science_BSc/CM3070_Computer_Science_Final_Project/multimodal-mammography-xai/data/processed/cbis_ddsm/model_input/full_mammograms_v4/test/P_01221_LEFT_CC_df492dd7.jpg,0.005686345526982977,0.006225884019609671,0.005668209121803795,/Users/gibionmakiwa/MyDocuments/610MtSundanceBayW/University_of_London_Computer_Science_BSc/CM3070_Computer_Science_Final_Project/multimodal-mammography-xai/results/resnet50v2_finetuned/gradcam_roi_alignment/heatmaps/df492dd7-428c-49a4-82f7-7f04f4a299e2.npy
e55650c9-e43b-4225-a2b1-88176a06a559,P_01221,MALIGNANT,1,0,0.30932453,0.3093242645263672,2.6547363279894043e-07,FN,mass,mass,1,0.02281951904296875,large,1,176,240,0.32836075368658263,0.411712110042572,0.019665732979774475,20.93549735018928,/Users/gibionmakiwa/MyDocuments/610MtSundanceBayW/University_of_London_Computer_Science_BSc/CM3070_Computer_Science_Final_Project/multimodal-mammography-xai/data/processed/cbis_ddsm/model_input/full_mammograms_v4/test/P_01221_LEFT_MLO_e55650c9.jpg,0.19438364803205105,0.10099334627636515,0.06806593295638126,/Users/gibionmakiwa/MyDocuments/610MtSundanceBayW/University_of_London_Computer_Science_BSc/CM3070_Computer_Science_Final_Project/multimodal-mammography-xai/results/resnet50v2_finetuned/gradcam_roi_alignment/heatmaps/e55650c9-e43b-4225-a2b1-88176a06a559.npy
bf6300f1-8e6c-41e7-9c02-6bfc7e5f6d6a,P_01230,MALIGNANT,1,0,0.46984568,0.46984580159187317,1.2159187318117048e-07,FN,mass,mass,1,0.0007781982421875,small,0,176,47,5.50023003914981e-05,0.005239071790128946,0.07417849451303482,0.07062789718561022,/Users/gibionmakiwa/MyDocuments/610MtSundanceBayW/University_of_London_Computer_Science_BSc/CM3070_Computer_Science_Final_Project/multimodal-mammography-xai/data/processed/cbis_ddsm/model_input/full_mammograms_v4/test/P_01230_LEFT_MLO_bf6300f1.jpg,0.0,0.0,0.0,/Users/gibionmakiwa/MyDocuments/610MtSundanceBayW/University_of_London_Computer_Science_BSc/CM3070_Computer_Science_Final_Project/multimodal-mammography-xai/results/resnet50v2_finetuned/gradcam_roi_alignment/heatmaps/bf6300f1-8e6c-41e7-9c02-6bfc7e5f6d6a.npy
276e3c09-a292-4a1a-83e2-95034f40327a,P_01250,BENIGN,0,1,0.6923795,0.6923794150352478,8.496475223385147e-08,FP,mass,mass,1,0.004604339599609375,medium,0,239,175,0.0783975677832674,0.6129299402236938,0.03332909196615219,18.39023268152148,/Users/gibionmakiwa/MyDocuments/610MtSundanceBayW/University_of_London_Computer_Science_BSc/CM3070_Computer_Science_Final_Project/multimodal-mammography-xai/data/processed/cbis_ddsm/model_input/full_mammograms_v4/test/P_01250_RIGHT_CC_276e3c09.jpg,0.04604234217051306,0.02302161017757348,0.015347837696934248,/Users/gibionmakiwa/MyDocuments/610MtSundanceBayW/University_of_London_Computer_Science_BSc/CM3070_Computer_Science_Final_Project/multimodal-mammography-xai/results/resnet50v2_finetuned/gradcam_roi_alignment/heatmaps/276e3c09-a292-4a1a-83e2-95034f40327a.npy
fd9e2652-207f-42a5-b199-e5c45c3656f8,P_01250,BENIGN,0,1,0.7646491,0.7646490335464478,6.645355221657212e-08,FP,mass,mass,1,0.004638671875,medium,1,240,240,0.10627693170241062,0.724247932434082,0.02838338539004326,25.51660653989777,/Users/gibionmakiwa/MyDocuments/610MtSundanceBayW/University_of_London_Computer_Science_BSc/CM3070_Computer_Science_Final_Project/multimodal-mammography-xai/data/processed/cbis_ddsm/model_input/full_mammograms_v4/test/P_01250_RIGHT_MLO_fd9e2652.jpg,0.046383887702166615,0.02319327089969292,0.015460116459429908,/Users/gibionmakiwa/MyDocuments/610MtSundanceBayW/University_of_London_Computer_Science_BSc/CM3070_Computer_Science_Final_Project/multimodal-mammography-xai/results/resnet50v2_finetuned/gradcam_roi_alignment/heatmaps/fd9e2652-207f-42a5-b199-e5c45c3656f8.npy
a8b8ac8c-82de-4f99-8b9d-384793be6290,P_01261,MALIGNANT,1,1,0.8347393,0.8347392678260803,3.2173919639610915e-08,TP,mass,mass,1,0.003360748291015625,medium,0,368,80,0.03657316549993897,0.6841682195663452,0.06077389419078827,11.25759861368339,/Users/gibionmakiwa/MyDocuments/610MtSundanceBayW/University_of_London_Computer_Science_BSc/CM3070_Computer_Science_Final_Project/multimodal-mammography-xai/data/processed/cbis_ddsm/model_input/full_mammograms_v4/test/P_01261_LEFT_CC_a8b8ac8c.jpg,0.03360671371352279,0.01680367735413607,0.011202522792874127,/Users/gibionmakiwa/MyDocuments/610MtSundanceBayW/University_of_London_Computer_Science_BSc/CM3070_Computer_Science_Final_Project/multimodal-mammography-xai/results/resnet50v2_finetuned/gradcam_roi_alignment/heatmaps/a8b8ac8c-82de-4f99-8b9d-384793be6290.npy
6574a006-c9f0-45dd-b41a-370954ed3834,P_01261,MALIGNANT,1,1,0.9420659,0.9420658946037292,5.396270763569078e-09,TP,mass,mass,1,0.003299713134765625,medium,0,271,304,0.051244137492989145,0.7233874201774597,0.044339705258607864,16.314660930011843,/Users/gibionmakiwa/MyDocuments/610MtSundanceBayW/University_of_London_Computer_Science_BSc/CM3070_Computer_Science_Final_Project/multimodal-mammography-xai/data/processed/cbis_ddsm/model_input/full_mammograms_v4/test/P_01261_LEFT_MLO_6574a006.jpg,0.032996376120541675,0.016498502737034848,0.010999071754638047,/Users/gibionmakiwa/MyDocuments/610MtSundanceBayW/University_of_London_Computer_Science_BSc/CM3070_Computer_Science_Final_Project/multimodal-mammography-xai/results/resnet50v2_finetuned/gradcam_roi_alignment/heatmaps/6574a006-c9f0-45dd-b41a-370954ed3834.npy
451a1c8f-78c0-42ec-98ae-3cc182589031,P_01265,BENIGN,0,0,0.054171823,0.05417182296514511,3.485488980770057e-11,TN,mass,mass,1,0.00103759765625,small,0,271,303,0.0,0.0,0.02162245474755764,0.0,/Users/gibionmakiwa/MyDocuments/610MtSundanceBayW/University_of_London_Computer_Science_BSc/CM3070_Computer_Science_Final_Project/multimodal-mammography-xai/data/processed/cbis_ddsm/model_input/full_mammograms_v4/test/P_01265_RIGHT_CC_451a1c8f.jpg,0.0,0.0,0.0,/Users/gibionmakiwa/MyDocuments/610MtSundanceBayW/University_of_London_Computer_Science_BSc/CM3070_Computer_Science_Final_Project/multimodal-mammography-xai/results/resnet50v2_finetuned/gradcam_roi_alignment/heatmaps/451a1c8f-78c0-42ec-98ae-3cc182589031.npy
767f4b4e-db6e-49b4-ac18-11b3c3f53394,P_01265,BENIGN,0,0,0.11619766,0.11619769036769867,3.036769867514888e-08,TN,mass,mass,1,0.000904083251953125,small,0,239,47,0.002261713803672154,0.08095788955688477,0.0323176234960556,2.505068620410147,/Users/gibionmakiwa/MyDocuments/610MtSundanceBayW/University_of_London_Computer_Science_BSc/CM3070_Computer_Science_Final_Project/multimodal-mammography-xai/data/processed/cbis_ddsm/model_input/full_mammograms_v4/test/P_01265_RIGHT_MLO_767f4b4e.jpg,0.009040625596032806,0.00452039901581186,0.0030134652307144583,/Users/gibionmakiwa/MyDocuments/610MtSundanceBayW/University_of_London_Computer_Science_BSc/CM3070_Computer_Science_Final_Project/multimodal-mammography-xai/results/resnet50v2_finetuned/gradcam_roi_alignment/heatmaps/767f4b4e-db6e-49b4-ac18-11b3c3f53394.npy
9e2e1640-0000-4aee-b31e-e1576d7f5ab0,P_01280,BENIGN,0,0,0.18325843,0.1832585334777832,1.0347778320318746e-07,TN,mass,mass,1,0.001129150390625,small,0,144,47,0.0,0.0,0.06853744387626648,0.0,/Users/gibionmakiwa/MyDocuments/610MtSundanceBayW/University_of_London_Computer_Science_BSc/CM3070_Computer_Science_Final_Project/multimodal-mammography-xai/data/processed/cbis_ddsm/model_input/full_mammograms_v4/test/P_01280_RIGHT_CC_9e2e1640.jpg,0.0,0.0,0.0,/Users/gibionmakiwa/MyDocuments/610MtSundanceBayW/University_of_London_Computer_Science_BSc/CM3070_Computer_Science_Final_Project/multimodal-mammography-xai/results/resnet50v2_finetuned/gradcam_roi_alignment/heatmaps/9e2e1640-0000-4aee-b31e-e1576d7f5ab0.npy
f393e9f8-beaf-4fce-91e9-f86191783caa,P_01280,BENIGN,0,0,0.35029855,0.3502984344959259,1.15504074083006e-07,TN,mass,mass,1,0.001201629638671875,small,0,303,47,0.0,0.0,0.03566596284508705,0.0,/Users/gibionmakiwa/MyDocuments/610MtSundanceBayW/University_of_London_Computer_Science_BSc/CM3070_Computer_Science_Final_Project/multimodal-mammography-xai/data/processed/cbis_ddsm/model_input/full_mammograms_v4/test/P_01280_RIGHT_MLO_f393e9f8.jpg,0.0,0.0,0.0,/Users/gibionmakiwa/MyDocuments/610MtSundanceBayW/University_of_London_Computer_Science_BSc/CM3070_Computer_Science_Final_Project/multimodal-mammography-xai/results/resnet50v2_finetuned/gradcam_roi_alignment/heatmaps/f393e9f8-beaf-4fce-91e9-f86191783caa.npy
e291946e-06aa-44bd-86af-30344a7e8d06,P_01330,BENIGN,0,0,0.09613194,0.09613186120986938,7.879013061429241e-08,TN,mass,mass,1,0.004978179931640625,large,0,368,79,0.0,0.0,0.04145941883325577,0.0,/Users/gibionmakiwa/MyDocuments/610MtSundanceBayW/University_of_London_Computer_Science_BSc/CM3070_Computer_Science_Final_Project/multimodal-mammography-xai/data/processed/cbis_ddsm/model_input/full_mammograms_v4/test/P_01330_RIGHT_MLO_e291946e.jpg,0.0,0.0,0.0,/Users/gibionmakiwa/MyDocuments/610MtSundanceBayW/University_of_London_Computer_Science_BSc/CM3070_Computer_Science_Final_Project/multimodal-mammography-xai/results/resnet50v2_finetuned/gradcam_roi_alignment/heatmaps/e291946e-06aa-44bd-86af-30344a7e8d06.npy
782c8a19-3f36-4ac5-a363-017a51504323,P_01332,BENIGN,0,0,0.13495894,0.134958878159523,6.184047698920558e-08,TN,mass,mass,1,0.000522613525390625,small,0,271,336,0.004324711253475653,0.30267244577407837,0.03643687814474106,8.306758924410595,/Users/gibionmakiwa/MyDocuments/610MtSundanceBayW/University_of_London_Computer_Science_BSc/CM3070_Computer_Science_Final_Project/multimodal-mammography-xai/data/processed/cbis_ddsm/model_input/full_mammograms_v4/test/P_01332_RIGHT_CC_782c8a19.jpg,0.005223624509093682,0.0026130576589292187,0.0017420495148964307,/Users/gibionmakiwa/MyDocuments/610MtSundanceBayW/University_of_London_Computer_Science_BSc/CM3070_Computer_Science_Final_Project/multimodal-mammography-xai/results/resnet50v2_finetuned/gradcam_roi_alignment/heatmaps/782c8a19-3f36-4ac5-a363-017a51504323.npy
45d389f9-4911-43da-bd21-9134b8fc93c7,P_01332,BENIGN,0,0,0.20912114,0.20912140607833862,2.6607833861214125e-07,TN,mass,mass,1,0.000652313232421875,small,0,399,79,0.0,0.0,0.03662460297346115,0.0,/Users/gibionmakiwa/MyDocuments/610MtSundanceBayW/University_of_London_Computer_Science_BSc/CM3070_Computer_Science_Final_Project/multimodal-mammography-xai/data/processed/cbis_ddsm/model_input/full_mammograms_v4/test/P_01332_RIGHT_MLO_45d389f9.jpg,0.0,0.0,0.0,/Users/gibionmakiwa/MyDocuments/610MtSundanceBayW/University_of_London_Computer_Science_BSc/CM3070_Computer_Science_Final_Project/multimodal-mammography-xai/results/resnet50v2_finetuned/gradcam_roi_alignment/heatmaps/45d389f9-4911-43da-bd21-9134b8fc93c7.npy
2e9782ef-0b25-4acf-999d-a898cb7c234b,P_01355,MALIGNANT,1,0,0.44360608,0.4436064660549164,3.8605491636811706e-07,FN,mass,mass,1,0.0016021728515625,medium,0,304,431,0.00024461016971693547,0.007830211892724037,0.05135686695575714,0.15246666769612174,/Users/gibionmakiwa/MyDocuments/610MtSundanceBayW/University_of_London_Computer_Science_BSc/CM3070_Computer_Science_Final_Project/multimodal-mammography-xai/data/processed/cbis_ddsm/model_input/full_mammograms_v4/test/P_01355_LEFT_MLO_2e9782ef.jpg,0.0,0.0,0.0,/Users/gibionmakiwa/MyDocuments/610MtSundanceBayW/University_of_London_Computer_Science_BSc/CM3070_Computer_Science_Final_Project/multimodal-mammography-xai/results/resnet50v2_finetuned/gradcam_roi_alignment/heatmaps/2e9782ef-0b25-4acf-999d-a898cb7c234b.npy
8bbdd285-db9c-4c3c-8f8d-c4c0185544cd,P_01356,MALIGNANT,1,1,0.81389505,0.8138951659202576,1.1592025761508751e-07,TP,mass,mass,1,0.006961822509765625,large,0,240,144,0.004333068343834619,0.038724590092897415,0.06238244101405144,0.620760958625605,/Users/gibionmakiwa/MyDocuments/610MtSundanceBayW/University_of_London_Computer_Science_BSc/CM3070_Computer_Science_Final_Project/multimodal-mammography-xai/data/processed/cbis_ddsm/model_input/full_mammograms_v4/test/P_01356_LEFT_CC_8bbdd285.jpg,0.009686363472687335,0.008026457582401248,0.006164426383244764,/Users/gibionmakiwa/MyDocuments/610MtSundanceBayW/University_of_London_Computer_Science_BSc/CM3070_Computer_Science_Final_Project/multimodal-mammography-xai/results/resnet50v2_finetuned/gradcam_roi_alignment/heatmaps/8bbdd285-db9c-4c3c-8f8d-c4c0185544cd.npy
ceb25555-4e6a-49da-a251-0ddd64ea46cc,P_01356,MALIGNANT,1,1,0.74969363,0.7496934533119202,1.7668807983373114e-07,TP,mass,mass,1,0.005893707275390625,large,0,144,496,0.018160901643828428,0.20479395985603333,0.06564109027385712,3.119904434898643,/Users/gibionmakiwa/MyDocuments/610MtSundanceBayW/University_of_London_Computer_Science_BSc/CM3070_Computer_Science_Final_Project/multimodal-mammography-xai/data/processed/cbis_ddsm/model_input/full_mammograms_v4/test/P_01356_LEFT_MLO_ceb25555.jpg,0.0259442678690221,0.024641202824815855,0.018053474849554375,/Users/gibionmakiwa/MyDocuments/610MtSundanceBayW/University_of_London_Computer_Science_BSc/CM3070_Computer_Science_Final_Project/multimodal-mammography-xai/results/resnet50v2_finetuned/gradcam_roi_alignment/heatmaps/ceb25555-4e6a-49da-a251-0ddd64ea46cc.npy
b38f93b0-d2e5-4d07-a6d2-47514ab614a9,P_01362,BENIGN,0,1,0.58645856,0.5864583253860474,2.3461395259882778e-07,FP,mass,mass,1,0.0017242431640625,medium,0,336,47,0.0014970239508883296,0.09574056416749954,0.11029721051454544,0.8680233619746907,/Users/gibionmakiwa/MyDocuments/610MtSundanceBayW/University_of_London_Computer_Science_BSc/CM3070_Computer_Science_Final_Project/multimodal-mammography-xai/data/processed/cbis_ddsm/model_input/full_mammograms_v4/test/P_01362_LEFT_MLO_b38f93b0.jpg,0.0,0.002729857819905213,0.0026493927946657204,/Users/gibionmakiwa/MyDocuments/610MtSundanceBayW/University_of_London_Computer_Science_BSc/CM3070_Computer_Science_Final_Project/multimodal-mammography-xai/results/resnet50v2_finetuned/gradcam_roi_alignment/heatmaps/b38f93b0-d2e5-4d07-a6d2-47514ab614a9.npy
b6377c0d-64bb-407a-a3df-76204678b8a0,P_01373,MALIGNANT,1,0,0.3920287,0.39202865958213806,4.04178619461959e-08,FN,mass,mass,1,0.00226593017578125,medium,0,272,399,0.005662932011898361,0.2837862968444824,0.11316584050655365,2.507702593796596,/Users/gibionmakiwa/MyDocuments/610MtSundanceBayW/University_of_London_Computer_Science_BSc/CM3070_Computer_Science_Final_Project/multimodal-mammography-xai/data/processed/cbis_ddsm/model_input/full_mammograms_v4/test/P_01373_RIGHT_CC_b6377c0d.jpg,0.00914703003839494,0.007333244675798393,0.006478082487583675,/Users/gibionmakiwa/MyDocuments/610MtSundanceBayW/University_of_London_Computer_Science_BSc/CM3070_Computer_Science_Final_Project/multimodal-mammography-xai/results/resnet50v2_finetuned/gradcam_roi_alignment/heatmaps/b6377c0d-64bb-407a-a3df-76204678b8a0.npy
e21b59fc-9195-4a3a-84de-c61e1d169bc6,P_01373,MALIGNANT,1,0,0.46049073,0.4604908525943756,1.2259437559558606e-07,FN,mass,mass,1,0.001804351806640625,medium,0,399,80,0.000943921073083033,0.06082303449511528,0.11636646836996078,0.5226851868949944,/Users/gibionmakiwa/MyDocuments/610MtSundanceBayW/University_of_London_Computer_Science_BSc/CM3070_Computer_Science_Final_Project/multimodal-mammography-xai/data/processed/cbis_ddsm/model_input/full_mammograms_v4/test/P_01373_RIGHT_MLO_e21b59fc.jpg,0.0,0.0,3.79204429107732e-05,/Users/gibionmakiwa/MyDocuments/610MtSundanceBayW/University_of_London_Computer_Science_BSc/CM3070_Computer_Science_Final_Project/multimodal-mammography-xai/results/resnet50v2_finetuned/gradcam_roi_alignment/heatmaps/e21b59fc-9195-4a3a-84de-c61e1d169bc6.npy
758f6c9c-b7e2-4a6c-b73c-db5e4190ed62,P_01379,MALIGNANT,1,1,0.67051387,0.6705137491226196,1.2087738032739992e-07,TP,mass,mass,1,0.00128173828125,small,0,176,48,0.0,0.0,0.10497361421585083,0.0,/Users/gibionmakiwa/MyDocuments/610MtSundanceBayW/University_of_London_Computer_Science_BSc/CM3070_Computer_Science_Final_Project/multimodal-mammography-xai/data/processed/cbis_ddsm/model_input/full_mammograms_v4/test/P_01379_LEFT_CC_758f6c9c.jpg,0.0,0.0,0.0,/Users/gibionmakiwa/MyDocuments/610MtSundanceBayW/University_of_London_Computer_Science_BSc/CM3070_Computer_Science_Final_Project/multimodal-mammography-xai/results/resnet50v2_finetuned/gradcam_roi_alignment/heatmaps/758f6c9c-b7e2-4a6c-b73c-db5e4190ed62.npy
e5b91dae-0a5a-40e8-9b6d-c0be82e68f8b,P_01379,MALIGNANT,1,0,0.4870703,0.48707038164138794,8.164138792787767e-08,FN,mass,mass,1,0.00206756591796875,medium,0,175,48,4.500808715077361e-05,0.001598902978003025,0.0735987201333046,0.021724600072678374,/Users/gibionmakiwa/MyDocuments/610MtSundanceBayW/University_of_London_Computer_Science_BSc/CM3070_Computer_Science_Final_Project/multimodal-mammography-xai/data/processed/cbis_ddsm/model_input/full_mammograms_v4/test/P_01379_LEFT_MLO_e5b91dae.jpg,0.0,0.0,0.0,/Users/gibionmakiwa/MyDocuments/610MtSundanceBayW/University_of_London_Computer_Science_BSc/CM3070_Computer_Science_Final_Project/multimodal-mammography-xai/results/resnet50v2_finetuned/gradcam_roi_alignment/heatmaps/e5b91dae-0a5a-40e8-9b6d-c0be82e68f8b.npy
d1a3fa87-035d-4c40-a57a-4a885d51f460,P_01383,MALIGNANT,1,1,0.75700426,0.7570041418075562,1.1819244383204364e-07,TP,mass,mass,1,0.00267791748046875,medium,0,240,176,0.009723969588540339,0.29551926255226135,0.0808090940117836,3.6570045685591155,/Users/gibionmakiwa/MyDocuments/610MtSundanceBayW/University_of_London_Computer_Science_BSc/CM3070_Computer_Science_Final_Project/multimodal-mammography-xai/data/processed/cbis_ddsm/model_input/full_mammograms_v4/test/P_01383_LEFT_CC_d1a3fa87.jpg,0.021789469688342254,0.013389536325316143,0.008926414302607988,/Users/gibionmakiwa/MyDocuments/610MtSundanceBayW/University_of_London_Computer_Science_BSc/CM3070_Computer_Science_Final_Project/multimodal-mammography-xai/results/resnet50v2_finetuned/gradcam_roi_alignment/heatmaps/d1a3fa87-035d-4c40-a57a-4a885d51f460.npy
71874481-0cdd-48f1-b455-4568debc8979,P_01383,MALIGNANT,1,1,0.6803766,0.6803765892982483,1.0701751707031804e-08,TP,mass,mass,1,0.00579071044921875,large,0,399,111,0.00019264529697626362,0.001933016930706799,0.05843157693743706,0.033081711998965355,/Users/gibionmakiwa/MyDocuments/610MtSundanceBayW/University_of_London_Computer_Science_BSc/CM3070_Computer_Science_Final_Project/multimodal-mammography-xai/data/processed/cbis_ddsm/model_input/full_mammograms_v4/test/P_01383_LEFT_MLO_71874481.jpg,0.0,0.0,0.0,/Users/gibionmakiwa/MyDocuments/610MtSundanceBayW/University_of_London_Computer_Science_BSc/CM3070_Computer_Science_Final_Project/multimodal-mammography-xai/results/resnet50v2_finetuned/gradcam_roi_alignment/heatmaps/71874481-0cdd-48f1-b455-4568debc8979.npy
2ca8b930-5768-48da-9163-ec27345e6989,P_01402,MALIGNANT,1,1,0.77038527,0.770385205745697,6.425430298939716e-08,TP,mass,mass,1,0.00107574462890625,small,0,143,80,0.0,0.0,0.04684640094637871,0.0,/Users/gibionmakiwa/MyDocuments/610MtSundanceBayW/University_of_London_Computer_Science_BSc/CM3070_Computer_Science_Final_Project/multimodal-mammography-xai/data/processed/cbis_ddsm/model_input/full_mammograms_v4/test/P_01402_RIGHT_MLO_2ca8b930.jpg,0.0,0.0,0.0,/Users/gibionmakiwa/MyDocuments/610MtSundanceBayW/University_of_London_Computer_Science_BSc/CM3070_Computer_Science_Final_Project/multimodal-mammography-xai/results/resnet50v2_finetuned/gradcam_roi_alignment/heatmaps/2ca8b930-5768-48da-9163-ec27345e6989.npy
de83735b-8472-40ea-82a6-3c9bf1e641cc,P_01413,MALIGNANT,1,1,0.69402444,0.694024384021759,5.597824093150905e-08,TP,mass,mass,1,0.00244140625,medium,0,336,240,0.021723997669159643,0.39117828011512756,0.04311198741197586,9.073536453833247,/Users/gibionmakiwa/MyDocuments/610MtSundanceBayW/University_of_London_Computer_Science_BSc/CM3070_Computer_Science_Final_Project/multimodal-mammography-xai/data/processed/cbis_ddsm/model_input/full_mammograms_v4/test/P_01413_RIGHT_CC_de83735b.jpg,0.02441350371924471,0.012204424103737605,0.008137938049946595,/Users/gibionmakiwa/MyDocuments/610MtSundanceBayW/University_of_London_Computer_Science_BSc/CM3070_Computer_Science_Final_Project/multimodal-mammography-xai/results/resnet50v2_finetuned/gradcam_roi_alignment/heatmaps/de83735b-8472-40ea-82a6-3c9bf1e641cc.npy
f6a7dbec-e7e8-4071-bf06-4a752158ac8c,P_01413,MALIGNANT,1,1,0.6905219,0.6905217170715332,1.8292846681866592e-07,TP,mass,mass,1,0.004909515380859375,large,0,336,367,0.05709535487189925,0.6577183604240417,0.053589899092912674,12.273175520482935,/Users/gibionmakiwa/MyDocuments/610MtSundanceBayW/University_of_London_Computer_Science_BSc/CM3070_Computer_Science_Final_Project/multimodal-mammography-xai/data/processed/cbis_ddsm/model_input/full_mammograms_v4/test/P_01413_RIGHT_MLO_f6a7dbec.jpg,0.049079052739961104,0.024547483263079595,0.016365092888114646,/Users/gibionmakiwa/MyDocuments/610MtSundanceBayW/University_of_London_Computer_Science_BSc/CM3070_Computer_Science_Final_Project/multimodal-mammography-xai/results/resnet50v2_finetuned/gradcam_roi_alignment/heatmaps/f6a7dbec-e7e8-4071-bf06-4a752158ac8c.npy
16de48ae-c498-4631-9b15-3b6589675d17,P_01417,BENIGN,0,0,0.15207456,0.15207445621490479,1.037850952123609e-07,TN,mass,mass,1,0.004581451416015625,medium,0,143,143,0.0,0.0,0.07375138998031616,0.0,/Users/gibionmakiwa/MyDocuments/610MtSundanceBayW/University_of_London_Computer_Science_BSc/CM3070_Computer_Science_Final_Project/multimodal-mammography-xai/data/processed/cbis_ddsm/model_input/full_mammograms_v4/test/P_01417_RIGHT_MLO_16de48ae.jpg,0.0,0.0,0.0,/Users/gibionmakiwa/MyDocuments/610MtSundanceBayW/University_of_London_Computer_Science_BSc/CM3070_Computer_Science_Final_Project/multimodal-mammography-xai/results/resnet50v2_finetuned/gradcam_roi_alignment/heatmaps/16de48ae-c498-4631-9b15-3b6589675d17.npy
6e34b589-7d44-4187-8381-4e41a9f1edea,P_01418,MALIGNANT,1,1,0.9515577,0.9515576362609863,6.373901362266565e-08,TP,mass,mass,1,0.003246307373046875,medium,0,399,80,2.2336995118178033e-05,0.0005644590128213167,0.08229999244213104,0.0068585540227439745,/Users/gibionmakiwa/MyDocuments/610MtSundanceBayW/University_of_London_Computer_Science_BSc/CM3070_Computer_Science_Final_Project/multimodal-mammography-xai/data/processed/cbis_ddsm/model_input/full_mammograms_v4/test/P_01418_RIGHT_CC_6e34b589.jpg,0.0,0.0,0.0,/Users/gibionmakiwa/MyDocuments/610MtSundanceBayW/University_of_London_Computer_Science_BSc/CM3070_Computer_Science_Final_Project/multimodal-mammography-xai/results/resnet50v2_finetuned/gradcam_roi_alignment/heatmaps/6e34b589-7d44-4187-8381-4e41a9f1edea.npy
dbbcfbe3-f457-481b-bd7e-d5b77c342ade,P_01418,MALIGNANT,1,1,0.5835423,0.5835421681404114,1.3185958858130675e-07,TP,mass,mass,1,0.007549285888671875,large,0,303,0,0.002414281515497006,0.015629172325134277,0.04912417009472847,0.31815640067673,/Users/gibionmakiwa/MyDocuments/610MtSundanceBayW/University_of_London_Computer_Science_BSc/CM3070_Computer_Science_Final_Project/multimodal-mammography-xai/data/processed/cbis_ddsm/model_input/full_mammograms_v4/test/P_01418_RIGHT_MLO_dbbcfbe3.jpg,0.0,0.003930251868253529,0.005838177690177391,/Users/gibionmakiwa/MyDocuments/610MtSundanceBayW/University_of_London_Computer_Science_BSc/CM3070_Computer_Science_Final_Project/multimodal-mammography-xai/results/resnet50v2_finetuned/gradcam_roi_alignment/heatmaps/dbbcfbe3-f457-481b-bd7e-d5b77c342ade.npy
5219c413-c015-4eb2-81ef-d80227e1fd55,P_01426,MALIGNANT,1,0,0.3754516,0.3754516541957855,5.419578552601223e-08,FN,mass,mass,1,0.002307891845703125,medium,0,367,48,0.0,0.0,0.07737980037927628,0.0,/Users/gibionmakiwa/MyDocuments/610MtSundanceBayW/University_of_London_Computer_Science_BSc/CM3070_Computer_Science_Final_Project/multimodal-mammography-xai/data/processed/cbis_ddsm/model_input/full_mammograms_v4/test/P_01426_RIGHT_CC_5219c413.jpg,0.0,0.0,0.0,/Users/gibionmakiwa/MyDocuments/610MtSundanceBayW/University_of_London_Computer_Science_BSc/CM3070_Computer_Science_Final_Project/multimodal-mammography-xai/results/resnet50v2_finetuned/gradcam_roi_alignment/heatmaps/5219c413-c015-4eb2-81ef-d80227e1fd55.npy
0ea80d1b-3a79-4e2f-b450-527a2e0d7488,P_01426,MALIGNANT,1,1,0.79434687,0.7943469882011414,1.1820114131921855e-07,TP,mass,mass,1,0.00289154052734375,medium,0,400,48,0.0004572107068986434,0.0073291524313390255,0.046464964747428894,0.15773499224261558,/Users/gibionmakiwa/MyDocuments/610MtSundanceBayW/University_of_London_Computer_Science_BSc/CM3070_Computer_Science_Final_Project/multimodal-mammography-xai/data/processed/cbis_ddsm/model_input/full_mammograms_v4/test/P_01426_RIGHT_MLO_0ea80d1b.jpg,0.0,0.0,0.0,/Users/gibionmakiwa/MyDocuments/610MtSundanceBayW/University_of_London_Computer_Science_BSc/CM3070_Computer_Science_Final_Project/multimodal-mammography-xai/results/resnet50v2_finetuned/gradcam_roi_alignment/heatmaps/0ea80d1b-3a79-4e2f-b450-527a2e0d7488.npy
9fbd854c-c80c-4c49-8d50-f128976f753c,P_01427,MALIGNANT,1,0,0.1935352,0.1935349851846695,2.1481533049594326e-07,FN,mass,mass,1,0.004421234130859375,medium,0,272,272,0.019897800936442084,0.2564872205257416,0.056104786694049835,4.571573833952475,/Users/gibionmakiwa/MyDocuments/610MtSundanceBayW/University_of_London_Computer_Science_BSc/CM3070_Computer_Science_Final_Project/multimodal-mammography-xai/data/processed/cbis_ddsm/model_input/full_mammograms_v4/test/P_01427_LEFT_MLO_9fbd854c.jpg,0.042104461702451655,0.022106086326269814,0.014737484582226009,/Users/gibionmakiwa/MyDocuments/610MtSundanceBayW/University_of_London_Computer_Science_BSc/CM3070_Computer_Science_Final_Project/multimodal-mammography-xai/results/resnet50v2_finetuned/gradcam_roi_alignment/heatmaps/9fbd854c-c80c-4c49-8d50-f128976f753c.npy
02547057-938f-45f5-8cee-9190b7bc1756,P_01441,MALIGNANT,1,0,0.3647697,0.36476999521255493,2.9521255495712495e-07,FN,mass,mass,1,0.00107574462890625,small,0,431,463,0.0,0.0,0.111427441239357,0.0,/Users/gibionmakiwa/MyDocuments/610MtSundanceBayW/University_of_London_Computer_Science_BSc/CM3070_Computer_Science_Final_Project/multimodal-mammography-xai/data/processed/cbis_ddsm/model_input/full_mammograms_v4/test/P_01441_RIGHT_CC_02547057.jpg,0.0,0.0,0.0,/Users/gibionmakiwa/MyDocuments/610MtSundanceBayW/University_of_London_Computer_Science_BSc/CM3070_Computer_Science_Final_Project/multimodal-mammography-xai/results/resnet50v2_finetuned/gradcam_roi_alignment/heatmaps/02547057-938f-45f5-8cee-9190b7bc1756.npy
4e83e036-0176-4851-a800-dbbdf3b38f1c,P_01441,MALIGNANT,1,0,0.26844317,0.26844316720962524,2.7903747645829924e-09,FN,mass,mass,1,0.000774383544921875,small,0,144,272,0.0,0.0,0.07522420585155487,0.0,/Users/gibionmakiwa/MyDocuments/610MtSundanceBayW/University_of_London_Computer_Science_BSc/CM3070_Computer_Science_Final_Project/multimodal-mammography-xai/data/processed/cbis_ddsm/model_input/full_mammograms_v4/test/P_01441_RIGHT_MLO_4e83e036.jpg,0.0,0.0,0.0,/Users/gibionmakiwa/MyDocuments/610MtSundanceBayW/University_of_London_Computer_Science_BSc/CM3070_Computer_Science_Final_Project/multimodal-mammography-xai/results/resnet50v2_finetuned/gradcam_roi_alignment/heatmaps/4e83e036-0176-4851-a800-dbbdf3b38f1c.npy
74a6e6e5-01b9-48a5-8277-f731e39dbca0,P_01474,MALIGNANT,1,1,0.6486597,0.6486600041389465,3.04138946582988e-07,TP,mass,mass,1,0.0040283203125,medium,1,368,144,0.10049297771273819,0.7337428331375122,0.026563767343759537,27.62193131052899,/Users/gibionmakiwa/MyDocuments/610MtSundanceBayW/University_of_London_Computer_Science_BSc/CM3070_Computer_Science_Final_Project/multimodal-mammography-xai/data/processed/cbis_ddsm/model_input/full_mammograms_v4/test/P_01474_RIGHT_CC_74a6e6e5.jpg,0.040282281136753764,0.020141524728680693,0.013427768523581247,/Users/gibionmakiwa/MyDocuments/610MtSundanceBayW/University_of_London_Computer_Science_BSc/CM3070_Computer_Science_Final_Project/multimodal-mammography-xai/results/resnet50v2_finetuned/gradcam_roi_alignment/heatmaps/74a6e6e5-01b9-48a5-8277-f731e39dbca0.npy
9b2ca9de-b23d-4835-9144-51f453d8b8ab,P_01474,MALIGNANT,1,1,0.92752194,0.9275218844413757,5.5558624256768496e-08,TP,mass,mass,1,0.00560760498046875,large,0,303,272,0.03727738469418323,0.39995095133781433,0.05824815109372139,6.8663275170917855,/Users/gibionmakiwa/MyDocuments/610MtSundanceBayW/University_of_London_Computer_Science_BSc/CM3070_Computer_Science_Final_Project/multimodal-mammography-xai/data/processed/cbis_ddsm/model_input/full_mammograms_v4/test/P_01474_RIGHT_MLO_9b2ca9de.jpg,0.056074766355140186,0.02803791794617483,0.018688499580462255,/Users/gibionmakiwa/MyDocuments/610MtSundanceBayW/University_of_London_Computer_Science_BSc/CM3070_Computer_Science_Final_Project/multimodal-mammography-xai/results/resnet50v2_finetuned/gradcam_roi_alignment/heatmaps/9b2ca9de-b23d-4835-9144-51f453d8b8ab.npy
fbad8656-7a9d-420d-8456-a035898dde44,P_01475,BENIGN,0,0,0.1316642,0.1316642314195633,3.141956328445161e-08,TN,mass,mass,1,0.00262451171875,medium,0,143,0,8.352864510254106e-07,1.9669136236188933e-05,0.06196397542953491,0.0003174285207744838,/Users/gibionmakiwa/MyDocuments/610MtSundanceBayW/University_of_London_Computer_Science_BSc/CM3070_Computer_Science_Final_Project/multimodal-mammography-xai/data/processed/cbis_ddsm/model_input/full_mammograms_v4/test/P_01475_LEFT_CC_fbad8656.jpg,0.0,0.0,0.0,/Users/gibionmakiwa/MyDocuments/610MtSundanceBayW/University_of_London_Computer_Science_BSc/CM3070_Computer_Science_Final_Project/multimodal-mammography-xai/results/resnet50v2_finetuned/gradcam_roi_alignment/heatmaps/fbad8656-7a9d-420d-8456-a035898dde44.npy
59f77287-39dc-4a16-acee-6590d573dc6c,P_01475,BENIGN,0,0,0.470052,0.47005194425582886,5.5744171167937395e-08,TN,mass,mass,1,0.002254486083984375,medium,0,271,79,0.0010858993692544597,0.03016812913119793,0.06270682066679001,0.4810979730661973,/Users/gibionmakiwa/MyDocuments/610MtSundanceBayW/University_of_London_Computer_Science_BSc/CM3070_Computer_Science_Final_Project/multimodal-mammography-xai/data/processed/cbis_ddsm/model_input/full_mammograms_v4/test/P_01475_LEFT_MLO_59f77287.jpg,0.0,0.0006605643106539587,0.002213536725736475,/Users/gibionmakiwa/MyDocuments/610MtSundanceBayW/University_of_London_Computer_Science_BSc/CM3070_Computer_Science_Final_Project/multimodal-mammography-xai/results/resnet50v2_finetuned/gradcam_roi_alignment/heatmaps/59f77287-39dc-4a16-acee-6590d573dc6c.npy
bba672d9-0dd5-4702-9f0f-f92e9ca1f2d0,P_01482,BENIGN,0,1,0.6358638,0.6358637809753418,1.9024658182154042e-08,FP,mass,mass,1,0.00380706787109375,medium,0,271,144,0.02868566934894384,0.49582910537719727,0.06416142731904984,7.7278366273441215,/Users/gibionmakiwa/MyDocuments/610MtSundanceBayW/University_of_London_Computer_Science_BSc/CM3070_Computer_Science_Final_Project/multimodal-mammography-xai/data/processed/cbis_ddsm/model_input/full_mammograms_v4/test/P_01482_RIGHT_CC_bba672d9.jpg,0.038069807362197214,0.01903526674168876,0.012690258509975459,/Users/gibionmakiwa/MyDocuments/610MtSundanceBayW/University_of_London_Computer_Science_BSc/CM3070_Computer_Science_Final_Project/multimodal-mammography-xai/results/resnet50v2_finetuned/gradcam_roi_alignment/heatmaps/bba672d9-0dd5-4702-9f0f-f92e9ca1f2d0.npy
9bbfd1e0-736e-427e-b0ae-9feba10854b9,P_01482,BENIGN,0,1,0.6431575,0.6431577205657959,2.2056579584983638e-07,FP,mass,mass,1,0.007694244384765625,large,0,400,144,0.009519704080133884,0.08742550015449524,0.07053115218877792,1.2395301231603035,/Users/gibionmakiwa/MyDocuments/610MtSundanceBayW/University_of_London_Computer_Science_BSc/CM3070_Computer_Science_Final_Project/multimodal-mammography-xai/data/processed/cbis_ddsm/model_input/full_mammograms_v4/test/P_01482_RIGHT_MLO_9bbfd1e0.jpg,0.013461607495423054,0.016314188117148562,0.012731176315492108,/Users/gibionmakiwa/MyDocuments/610MtSundanceBayW/University_of_London_Computer_Science_BSc/CM3070_Computer_Science_Final_Project/multimodal-mammography-xai/results/resnet50v2_finetuned/gradcam_roi_alignment/heatmaps/9bbfd1e0-736e-427e-b0ae-9feba10854b9.npy
51d748f8-ebf2-4012-a0c2-46d0be66a266,P_01486,BENIGN,0,0,0.44285008,0.44285038113594055,3.011359405724612e-07,TN,mass,mass,1,0.003635406494140625,medium,0,271,336,0.028226849237494713,0.40085816383361816,0.050353288650512695,7.960911689537079,/Users/gibionmakiwa/MyDocuments/610MtSundanceBayW/University_of_London_Computer_Science_BSc/CM3070_Computer_Science_Final_Project/multimodal-mammography-xai/data/processed/cbis_ddsm/model_input/full_mammograms_v4/test/P_01486_RIGHT_CC_51d748f8.jpg,0.03511444567163042,0.018176963131091572,0.012118052464936486,/Users/gibionmakiwa/MyDocuments/610MtSundanceBayW/University_of_London_Computer_Science_BSc/CM3070_Computer_Science_Final_Project/multimodal-mammography-xai/results/resnet50v2_finetuned/gradcam_roi_alignment/heatmaps/51d748f8-ebf2-4012-a0c2-46d0be66a266.npy
3af29e1b-b343-4d50-990e-59972164d41f,P_01486,BENIGN,0,1,0.7430412,0.7430413365364075,1.3653640751343232e-07,FP,mass,mass,1,0.008037567138671875,large,0,399,47,0.008800055847154516,0.049591317772865295,0.04525962099432945,1.0957075142543375,/Users/gibionmakiwa/MyDocuments/610MtSundanceBayW/University_of_London_Computer_Science_BSc/CM3070_Computer_Science_Final_Project/multimodal-mammography-xai/data/processed/cbis_ddsm/model_input/full_mammograms_v4/test/P_01486_RIGHT_MLO_3af29e1b.jpg,0.020023769222458312,0.017690527730088827,0.014319809069212411,/Users/gibionmakiwa/MyDocuments/610MtSundanceBayW/University_of_London_Computer_Science_BSc/CM3070_Computer_Science_Final_Project/multimodal-mammography-xai/results/resnet50v2_finetuned/gradcam_roi_alignment/heatmaps/3af29e1b-b343-4d50-990e-59972164d41f.npy
3708cb77-58c8-44c8-9102-38354fd4bd94,P_01491,MALIGNANT,1,1,0.8179967,0.8179967403411865,4.034118650242391e-08,TP,mass,mass,1,0.004833221435546875,medium,0,400,79,0.022396050437437393,0.36715829372406006,0.07783690094947815,4.71702036020382,/Users/gibionmakiwa/MyDocuments/610MtSundanceBayW/University_of_London_Computer_Science_BSc/CM3070_Computer_Science_Final_Project/multimodal-mammography-xai/data/processed/cbis_ddsm/model_input/full_mammograms_v4/test/P_01491_RIGHT_MLO_3708cb77.jpg,0.04645495392582438,0.024166014991703066,0.016110779090319546,/Users/gibionmakiwa/MyDocuments/610MtSundanceBayW/University_of_London_Computer_Science_BSc/CM3070_Computer_Science_Final_Project/multimodal-mammography-xai/results/resnet50v2_finetuned/gradcam_roi_alignment/heatmaps/3708cb77-58c8-44c8-9102-38354fd4bd94.npy
a7f1dbc5-4978-4b90-96f0-e031b3b0da0d,P_01494,MALIGNANT,1,1,0.5274037,0.5274032950401306,4.049598694155776e-07,TP,mass,mass,1,0.0084991455078125,large,0,240,239,0.04637577297205729,0.3227837085723877,0.05689575895667076,5.673246262269609,/Users/gibionmakiwa/MyDocuments/610MtSundanceBayW/University_of_London_Computer_Science_BSc/CM3070_Computer_Science_Final_Project/multimodal-mammography-xai/data/processed/cbis_ddsm/model_input/full_mammograms_v4/test/P_01494_LEFT_CC_a7f1dbc5.jpg,0.056104262587256794,0.0349940351076521,0.025136902951019165,/Users/gibionmakiwa/MyDocuments/610MtSundanceBayW/University_of_London_Computer_Science_BSc/CM3070_Computer_Science_Final_Project/multimodal-mammography-xai/results/resnet50v2_finetuned/gradcam_roi_alignment/heatmaps/a7f1dbc5-4978-4b90-96f0-e031b3b0da0d.npy
f7fc7e44-2cd2-4adf-99b7-701dbe4cf50a,P_01494,MALIGNANT,1,1,0.7502333,0.7502332925796509,7.420349112940983e-09,TP,mass,mass,2,0.0137481689453125,large,0,368,80,0.08339737651202704,0.454049289226532,0.06956468522548676,6.527007525222072,/Users/gibionmakiwa/MyDocuments/610MtSundanceBayW/University_of_London_Computer_Science_BSc/CM3070_Computer_Science_Final_Project/multimodal-mammography-xai/data/processed/cbis_ddsm/model_input/full_mammograms_v4/test/P_01494_LEFT_MLO_f7fc7e44.jpg,0.13233842181210603,0.0687405825020504,0.04582385027145927,/Users/gibionmakiwa/MyDocuments/610MtSundanceBayW/University_of_London_Computer_Science_BSc/CM3070_Computer_Science_Final_Project/multimodal-mammography-xai/results/resnet50v2_finetuned/gradcam_roi_alignment/heatmaps/f7fc7e44-2cd2-4adf-99b7-701dbe4cf50a.npy
37c77136-eba4-4f95-ba52-925e26156616,P_01498,BENIGN,0,0,0.14894585,0.14894576370716095,8.629283904104668e-08,TN,mass,mass,1,0.002910614013671875,medium,0,399,80,0.0,0.0,0.03228380158543587,0.0,/Users/gibionmakiwa/MyDocuments/610MtSundanceBayW/University_of_London_Computer_Science_BSc/CM3070_Computer_Science_Final_Project/multimodal-mammography-xai/data/processed/cbis_ddsm/model_input/full_mammograms_v4/test/P_01498_RIGHT_MLO_37c77136.jpg,0.0,0.0,0.0,/Users/gibionmakiwa/MyDocuments/610MtSundanceBayW/University_of_London_Computer_Science_BSc/CM3070_Computer_Science_Final_Project/multimodal-mammography-xai/results/resnet50v2_finetuned/gradcam_roi_alignment/heatmaps/37c77136-eba4-4f95-ba52-925e26156616.npy
80905de1-397c-43fb-86a5-17c16e8b9ac9,P_01501,MALIGNANT,1,0,0.16323154,0.1632317155599594,1.7555995940332636e-07,FN,mass,mass,1,0.0011749267578125,small,0,336,368,1.225939074463067e-05,0.000259341555647552,0.024883944541215897,0.010422039439832536,/Users/gibionmakiwa/MyDocuments/610MtSundanceBayW/University_of_London_Computer_Science_BSc/CM3070_Computer_Science_Final_Project/multimodal-mammography-xai/data/processed/cbis_ddsm/model_input/full_mammograms_v4/test/P_01501_RIGHT_CC_80905de1.jpg,0.0,0.0,0.0,/Users/gibionmakiwa/MyDocuments/610MtSundanceBayW/University_of_London_Computer_Science_BSc/CM3070_Computer_Science_Final_Project/multimodal-mammography-xai/results/resnet50v2_finetuned/gradcam_roi_alignment/heatmaps/80905de1-397c-43fb-86a5-17c16e8b9ac9.npy
e831e1e3-e808-4e12-b4c1-fcfccf85829a,P_01501,MALIGNANT,1,1,0.54384744,0.5438476204872131,1.8048721317498462e-07,TP,mass,mass,1,0.00131988525390625,small,0,304,47,0.0,0.0,0.05934152007102966,0.0,/Users/gibionmakiwa/MyDocuments/610MtSundanceBayW/University_of_London_Computer_Science_BSc/CM3070_Computer_Science_Final_Project/multimodal-mammography-xai/data/processed/cbis_ddsm/model_input/full_mammograms_v4/test/P_01501_RIGHT_MLO_e831e1e3.jpg,0.0,0.0,0.0,/Users/gibionmakiwa/MyDocuments/610MtSundanceBayW/University_of_London_Computer_Science_BSc/CM3070_Computer_Science_Final_Project/multimodal-mammography-xai/results/resnet50v2_finetuned/gradcam_roi_alignment/heatmaps/e831e1e3-e808-4e12-b4c1-fcfccf85829a.npy
ef762e79-d9f4-4b62-bc84-1c973b37b449,P_01529,MALIGNANT,1,1,0.83870447,0.8387044072151184,6.278488162703155e-08,TP,mass,mass,1,0.01799774169921875,large,1,176,175,0.21582472392649987,0.5503972768783569,0.036651674658060074,15.016970761733296,/Users/gibionmakiwa/MyDocuments/610MtSundanceBayW/University_of_London_Computer_Science_BSc/CM3070_Computer_Science_Final_Project/multimodal-mammography-xai/data/processed/cbis_ddsm/model_input/full_mammograms_v4/test/P_01529_RIGHT_CC_ef762e79.jpg,0.17997329773030707,0.08998836521772302,0.05999262489986394,/Users/gibionmakiwa/MyDocuments/610MtSundanceBayW/University_of_London_Computer_Science_BSc/CM3070_Computer_Science_Final_Project/multimodal-mammography-xai/results/resnet50v2_finetuned/gradcam_roi_alignment/heatmaps/ef762e79-d9f4-4b62-bc84-1c973b37b449.npy
d2732cb3-cb10-4e68-8a10-c46d346dcbb7,P_01529,MALIGNANT,1,1,0.7242286,0.7242287397384644,1.3973846435533233e-07,TP,mass,mass,1,0.01482391357421875,large,0,207,176,0.05323573076784043,0.39969661831855774,0.10695918649435043,3.7369074508676743,/Users/gibionmakiwa/MyDocuments/610MtSundanceBayW/University_of_London_Computer_Science_BSc/CM3070_Computer_Science_Final_Project/multimodal-mammography-xai/data/processed/cbis_ddsm/model_input/full_mammograms_v4/test/P_01529_RIGHT_MLO_d2732cb3.jpg,0.06964926619523115,0.049693377322969676,0.03912014303341643,/Users/gibionmakiwa/MyDocuments/610MtSundanceBayW/University_of_London_Computer_Science_BSc/CM3070_Computer_Science_Final_Project/multimodal-mammography-xai/results/resnet50v2_finetuned/gradcam_roi_alignment/heatmaps/d2732cb3-cb10-4e68-8a10-c46d346dcbb7.npy
6a39ecc5-c5ae-459c-adc0-708558916d0b,P_01553,MALIGNANT,1,0,0.4935321,0.49353229999542236,1.9999542238968715e-07,FN,mass,mass,1,0.001323699951171875,small,0,111,80,0.0,0.0,0.05141974985599518,0.0,/Users/gibionmakiwa/MyDocuments/610MtSundanceBayW/University_of_London_Computer_Science_BSc/CM3070_Computer_Science_Final_Project/multimodal-mammography-xai/data/processed/cbis_ddsm/model_input/full_mammograms_v4/test/P_01553_RIGHT_MLO_6a39ecc5.jpg,0.0,0.0,0.0,/Users/gibionmakiwa/MyDocuments/610MtSundanceBayW/University_of_London_Computer_Science_BSc/CM3070_Computer_Science_Final_Project/multimodal-mammography-xai/results/resnet50v2_finetuned/gradcam_roi_alignment/heatmaps/6a39ecc5-c5ae-459c-adc0-708558916d0b.npy
308e5276-b4a2-4e90-867f-5734a50ec1a6,P_01596,MALIGNANT,1,1,0.61286795,0.612868070602417,1.2060241694200613e-07,TP,mass,mass,2,0.006496429443359375,large,0,304,240,0.03497109224510886,0.3114149868488312,0.05619218945503235,5.541961159538525,/Users/gibionmakiwa/MyDocuments/610MtSundanceBayW/University_of_London_Computer_Science_BSc/CM3070_Computer_Science_Final_Project/multimodal-mammography-xai/data/processed/cbis_ddsm/model_input/full_mammograms_v4/test/P_01596_RIGHT_MLO_308e5276.jpg,0.05705955851728446,0.03248202330771138,0.021652341962060725,/Users/gibionmakiwa/MyDocuments/610MtSundanceBayW/University_of_London_Computer_Science_BSc/CM3070_Computer_Science_Final_Project/multimodal-mammography-xai/results/resnet50v2_finetuned/gradcam_roi_alignment/heatmaps/308e5276-b4a2-4e90-867f-5734a50ec1a6.npy
935e0954-9f18-42fb-8d62-09eb0be6d04b,P_01621,BENIGN,0,0,0.094425075,0.09442497044801712,1.0455198287684375e-07,TN,mass,mass,1,0.00077056884765625,small,0,240,143,0.0,0.0,0.024494387209415436,0.0,/Users/gibionmakiwa/MyDocuments/610MtSundanceBayW/University_of_London_Computer_Science_BSc/CM3070_Computer_Science_Final_Project/multimodal-mammography-xai/data/processed/cbis_ddsm/model_input/full_mammograms_v4/test/P_01621_RIGHT_CC_935e0954.jpg,0.0,0.0,0.0,/Users/gibionmakiwa/MyDocuments/610MtSundanceBayW/University_of_London_Computer_Science_BSc/CM3070_Computer_Science_Final_Project/multimodal-mammography-xai/results/resnet50v2_finetuned/gradcam_roi_alignment/heatmaps/935e0954-9f18-42fb-8d62-09eb0be6d04b.npy
0314783a-5f7c-4d70-86c5-abbd00cee33f,P_01621,BENIGN,0,0,0.10861775,0.10861767828464508,7.171535491845571e-08,TN,mass,mass,1,0.000858306884765625,small,0,304,207,0.0009837259406187153,0.03226782754063606,0.028150342404842377,1.1462672678685686,/Users/gibionmakiwa/MyDocuments/610MtSundanceBayW/University_of_London_Computer_Science_BSc/CM3070_Computer_Science_Final_Project/multimodal-mammography-xai/data/processed/cbis_ddsm/model_input/full_mammograms_v4/test/P_01621_RIGHT_MLO_0314783a.jpg,0.0008706514744293447,0.002207925691880163,0.0021211466893599727,/Users/gibionmakiwa/MyDocuments/610MtSundanceBayW/University_of_London_Computer_Science_BSc/CM3070_Computer_Science_Final_Project/multimodal-mammography-xai/results/resnet50v2_finetuned/gradcam_roi_alignment/heatmaps/0314783a-5f7c-4d70-86c5-abbd00cee33f.npy
c62e2f47-d0af-4414-8b2e-c28d08ab3e6b,P_01632,BENIGN,0,0,0.4808966,0.48089665174484253,5.174484252190581e-08,TN,mass,mass,2,0.0015106201171875,medium,0,431,79,0.0024765517624116534,0.13145963847637177,0.08010873198509216,1.6410148907448299,/Users/gibionmakiwa/MyDocuments/610MtSundanceBayW/University_of_London_Computer_Science_BSc/CM3070_Computer_Science_Final_Project/multimodal-mammography-xai/data/processed/cbis_ddsm/model_input/full_mammograms_v4/test/P_01632_LEFT_CC_c62e2f47.jpg,0.007229371688115064,0.0036288330736786107,0.002422382305194805,/Users/gibionmakiwa/MyDocuments/610MtSundanceBayW/University_of_London_Computer_Science_BSc/CM3070_Computer_Science_Final_Project/multimodal-mammography-xai/results/resnet50v2_finetuned/gradcam_roi_alignment/heatmaps/c62e2f47-d0af-4414-8b2e-c28d08ab3e6b.npy
bb1329ef-8119-4e21-924f-a08c97e76934,P_01632,BENIGN,0,0,0.4694391,0.46943941712379456,3.1712379455761663e-07,TN,mass,mass,2,0.001720428466796875,medium,0,463,48,0.00026175256604615106,0.0071601164527237415,0.047130268067121506,0.15192179521042762,/Users/gibionmakiwa/MyDocuments/610MtSundanceBayW/University_of_London_Computer_Science_BSc/CM3070_Computer_Science_Final_Project/multimodal-mammography-xai/data/processed/cbis_ddsm/model_input/full_mammograms_v4/test/P_01632_LEFT_MLO_bb1329ef.jpg,0.0,0.0,0.0,/Users/gibionmakiwa/MyDocuments/610MtSundanceBayW/University_of_London_Computer_Science_BSc/CM3070_Computer_Science_Final_Project/multimodal-mammography-xai/results/resnet50v2_finetuned/gradcam_roi_alignment/heatmaps/bb1329ef-8119-4e21-924f-a08c97e76934.npy
67fb9a01-2418-4b5f-9aba-ffa58bd3f303,P_01632,MALIGNANT,1,1,0.73294145,0.7329413890838623,6.091613768965942e-08,TP,mass,mass,1,0.003917694091796875,medium,0,336,80,0.02932892283873043,0.49598562717437744,0.06456251442432404,7.682252693754863,/Users/gibionmakiwa/MyDocuments/610MtSundanceBayW/University_of_London_Computer_Science_BSc/CM3070_Computer_Science_Final_Project/multimodal-mammography-xai/data/processed/cbis_ddsm/model_input/full_mammograms_v4/test/P_01632_RIGHT_CC_67fb9a01.jpg,0.03917604424947549,0.019588395735184727,0.013057021168393617,/Users/gibionmakiwa/MyDocuments/610MtSundanceBayW/University_of_London_Computer_Science_BSc/CM3070_Computer_Science_Final_Project/multimodal-mammography-xai/results/resnet50v2_finetuned/gradcam_roi_alignment/heatmaps/67fb9a01-2418-4b5f-9aba-ffa58bd3f303.npy
d0dc4381-00af-47cb-9c4b-c73d20ce80cd,P_01632,MALIGNANT,1,1,0.5098094,0.509809136390686,2.636093139329887e-07,TP,mass,mass,1,0.004291534423828125,medium,0,303,47,0.012917803605238904,0.10683441907167435,0.035184890031814575,3.036371255142788,/Users/gibionmakiwa/MyDocuments/610MtSundanceBayW/University_of_London_Computer_Science_BSc/CM3070_Computer_Science_Final_Project/multimodal-mammography-xai/data/processed/cbis_ddsm/model_input/full_mammograms_v4/test/P_01632_RIGHT_MLO_d0dc4381.jpg,0.03317965384324692,0.021360186138764923,0.01430351421451457,/Users/gibionmakiwa/MyDocuments/610MtSundanceBayW/University_of_London_Computer_Science_BSc/CM3070_Computer_Science_Final_Project/multimodal-mammography-xai/results/resnet50v2_finetuned/gradcam_roi_alignment/heatmaps/d0dc4381-00af-47cb-9c4b-c73d20ce80cd.npy
9ceb4a62-6d30-4a0c-aa9a-843ef1f92401,P_01668,MALIGNANT,1,1,0.65341747,0.6534172892570496,1.8074295038417176e-07,TP,mass,mass,1,0.0139617919921875,large,0,368,0,0.01366976408551982,0.11121094226837158,0.11362039297819138,0.978793767257785,/Users/gibionmakiwa/MyDocuments/610MtSundanceBayW/University_of_London_Computer_Science_BSc/CM3070_Computer_Science_Final_Project/multimodal-mammography-xai/data/processed/cbis_ddsm/model_input/full_mammograms_v4/test/P_01668_LEFT_CC_9ceb4a62.jpg,0.007384677636903156,0.02013386199119712,0.018967203575540725,/Users/gibionmakiwa/MyDocuments/610MtSundanceBayW/University_of_London_Computer_Science_BSc/CM3070_Computer_Science_Final_Project/multimodal-mammography-xai/results/resnet50v2_finetuned/gradcam_roi_alignment/heatmaps/9ceb4a62-6d30-4a0c-aa9a-843ef1f92401.npy
2bde2b86-5ee2-499c-ac5c-2bfc57c6a021,P_01668,MALIGNANT,1,1,0.7403635,0.7403634786605835,2.1339416456100935e-08,TP,mass,mass,1,0.013446807861328125,large,1,240,304,0.10004256334939866,0.3829165995121002,0.04695047810673714,8.15575332553686,/Users/gibionmakiwa/MyDocuments/610MtSundanceBayW/University_of_London_Computer_Science_BSc/CM3070_Computer_Science_Final_Project/multimodal-mammography-xai/data/processed/cbis_ddsm/model_input/full_mammograms_v4/test/P_01668_LEFT_MLO_2bde2b86.jpg,0.10664582868199747,0.06368337008592502,0.04317798062640446,/Users/gibionmakiwa/MyDocuments/610MtSundanceBayW/University_of_London_Computer_Science_BSc/CM3070_Computer_Science_Final_Project/multimodal-mammography-xai/results/resnet50v2_finetuned/gradcam_roi_alignment/heatmaps/2bde2b86-5ee2-499c-ac5c-2bfc57c6a021.npy
186fcf1b-4a2a-4d60-9a1a-8abab682b999,P_01680,BENIGN,0,0,0.36721426,0.36721405386924744,2.061307525780265e-07,TN,mass,mass,1,0.001865386962890625,medium,0,111,111,0.0,0.0,0.050260912626981735,0.0,/Users/gibionmakiwa/MyDocuments/610MtSundanceBayW/University_of_London_Computer_Science_BSc/CM3070_Computer_Science_Final_Project/multimodal-mammography-xai/data/processed/cbis_ddsm/model_input/full_mammograms_v4/test/P_01680_LEFT_MLO_186fcf1b.jpg,0.0,0.0,0.0,/Users/gibionmakiwa/MyDocuments/610MtSundanceBayW/University_of_London_Computer_Science_BSc/CM3070_Computer_Science_Final_Project/multimodal-mammography-xai/results/resnet50v2_finetuned/gradcam_roi_alignment/heatmaps/186fcf1b-4a2a-4d60-9a1a-8abab682b999.npy
d12810ce-7133-4dfa-961e-8749348630e6,P_01689,BENIGN,0,0,0.48928893,0.48928871750831604,2.1249168397075024e-07,TN,mass,mass,1,0.001804351806640625,medium,0,143,143,1.9455203199647795e-05,0.0005227115470916033,0.048565011471509933,0.0107631280961802,/Users/gibionmakiwa/MyDocuments/610MtSundanceBayW/University_of_London_Computer_Science_BSc/CM3070_Computer_Science_Final_Project/multimodal-mammography-xai/data/processed/cbis_ddsm/model_input/full_mammograms_v4/test/P_01689_LEFT_MLO_d12810ce.jpg,0.0,0.0,0.0,/Users/gibionmakiwa/MyDocuments/610MtSundanceBayW/University_of_London_Computer_Science_BSc/CM3070_Computer_Science_Final_Project/multimodal-mammography-xai/results/resnet50v2_finetuned/gradcam_roi_alignment/heatmaps/d12810ce-7133-4dfa-961e-8749348630e6.npy
2a1259f8-1e6a-44ab-84ba-bf06851213d1,P_01694,MALIGNANT,1,1,0.8782575,0.8782574534416199,4.655838015121816e-08,TP,mass,mass,1,0.00274658203125,medium,0,175,79,0.0004474904005672679,0.01219624001532793,0.07502999901771545,0.1625514933957726,/Users/gibionmakiwa/MyDocuments/610MtSundanceBayW/University_of_London_Computer_Science_BSc/CM3070_Computer_Science_Final_Project/multimodal-mammography-xai/data/processed/cbis_ddsm/model_input/full_mammograms_v4/test/P_01694_RIGHT_CC_2a1259f8.jpg,0.0,0.0,0.00012601918011921414,/Users/gibionmakiwa/MyDocuments/610MtSundanceBayW/University_of_London_Computer_Science_BSc/CM3070_Computer_Science_Final_Project/multimodal-mammography-xai/results/resnet50v2_finetuned/gradcam_roi_alignment/heatmaps/2a1259f8-1e6a-44ab-84ba-bf06851213d1.npy
2870684a-4aa2-44c3-9542-678a992c083a,P_01694,MALIGNANT,1,0,0.49213696,0.49213704466819763,8.466819761965283e-08,FN,mass,mass,1,0.00058746337890625,small,0,175,368,8.101666366629168e-06,0.001374806510284543,0.0997469574213028,0.013782940432441939,/Users/gibionmakiwa/MyDocuments/610MtSundanceBayW/University_of_London_Computer_Science_BSc/CM3070_Computer_Science_Final_Project/multimodal-mammography-xai/data/processed/cbis_ddsm/model_input/full_mammograms_v4/test/P_01694_RIGHT_MLO_2870684a.jpg,0.0,0.0,0.0,/Users/gibionmakiwa/MyDocuments/610MtSundanceBayW/University_of_London_Computer_Science_BSc/CM3070_Computer_Science_Final_Project/multimodal-mammography-xai/results/resnet50v2_finetuned/gradcam_roi_alignment/heatmaps/2870684a-4aa2-44c3-9542-678a992c083a.npy
e92b7a6a-2282-40c8-b960-717eee14fe45,P_01710,BENIGN,0,0,0.09396986,0.09396971017122269,1.4982877731550825e-07,TN,mass,mass,1,0.001373291015625,medium,0,367,79,0.0,0.0,0.04465920478105545,0.0,/Users/gibionmakiwa/MyDocuments/610MtSundanceBayW/University_of_London_Computer_Science_BSc/CM3070_Computer_Science_Final_Project/multimodal-mammography-xai/data/processed/cbis_ddsm/model_input/full_mammograms_v4/test/P_01710_LEFT_CC_e92b7a6a.jpg,0.0,0.0,0.0,/Users/gibionmakiwa/MyDocuments/610MtSundanceBayW/University_of_London_Computer_Science_BSc/CM3070_Computer_Science_Final_Project/multimodal-mammography-xai/results/resnet50v2_finetuned/gradcam_roi_alignment/heatmaps/e92b7a6a-2282-40c8-b960-717eee14fe45.npy
3365f08b-71ce-4a57-aa10-c1d365f18527,P_01710,BENIGN,0,0,0.23682046,0.2368205487728119,8.877281187924524e-08,TN,mass,mass,1,0.00196075439453125,medium,0,368,79,0.00015006043111844835,0.0036846857983618975,0.048233043402433395,0.07639337629361034,/Users/gibionmakiwa/MyDocuments/610MtSundanceBayW/University_of_London_Computer_Science_BSc/CM3070_Computer_Science_Final_Project/multimodal-mammography-xai/data/processed/cbis_ddsm/model_input/full_mammograms_v4/test/P_01710_LEFT_MLO_3365f08b.jpg,0.0,0.0,0.0,/Users/gibionmakiwa/MyDocuments/610MtSundanceBayW/University_of_London_Computer_Science_BSc/CM3070_Computer_Science_Final_Project/multimodal-mammography-xai/results/resnet50v2_finetuned/gradcam_roi_alignment/heatmaps/3365f08b-71ce-4a57-aa10-c1d365f18527.npy
e6bffbef-317a-4bcc-be85-d3f24476f33e,P_01739,BENIGN,0,0,0.10627502,0.10627497732639313,4.2673606870380354e-08,TN,mass,mass,1,0.002655029296875,medium,0,272,207,0.0006514145686948372,0.012867255136370659,0.05254959315061569,0.24485922566324653,/Users/gibionmakiwa/MyDocuments/610MtSundanceBayW/University_of_London_Computer_Science_BSc/CM3070_Computer_Science_Final_Project/multimodal-mammography-xai/data/processed/cbis_ddsm/model_input/full_mammograms_v4/test/P_01739_LEFT_CC_e6bffbef.jpg,0.0,0.0,0.0002773680295523028,/Users/gibionmakiwa/MyDocuments/610MtSundanceBayW/University_of_London_Computer_Science_BSc/CM3070_Computer_Science_Final_Project/multimodal-mammography-xai/results/resnet50v2_finetuned/gradcam_roi_alignment/heatmaps/e6bffbef-317a-4bcc-be85-d3f24476f33e.npy
e843809f-7ce6-4a24-bccb-ca7fa0833969,P_01739,BENIGN,0,0,0.16667326,0.1666729897260666,2.7027393340040007e-07,TN,mass,mass,1,0.001911163330078125,medium,0,271,400,0.002834058136619968,0.07654448598623276,0.05157048627734184,1.4842689427416573,/Users/gibionmakiwa/MyDocuments/610MtSundanceBayW/University_of_London_Computer_Science_BSc/CM3070_Computer_Science_Final_Project/multimodal-mammography-xai/data/processed/cbis_ddsm/model_input/full_mammograms_v4/test/P_01739_LEFT_MLO_e843809f.jpg,0.0,0.0033552594165260742,0.00637056063476724,/Users/gibionmakiwa/MyDocuments/610MtSundanceBayW/University_of_London_Computer_Science_BSc/CM3070_Computer_Science_Final_Project/multimodal-mammography-xai/results/resnet50v2_finetuned/gradcam_roi_alignment/heatmaps/e843809f-7ce6-4a24-bccb-ca7fa0833969.npy
c1821418-dce5-4d6f-917f-ce20314b1164,P_01739,BENIGN,0,0,0.12721586,0.12721581757068634,4.2429313645842015e-08,TN,mass,mass,1,0.00128936767578125,small,0,432,79,3.6633191123901156e-05,0.0011075842194259167,0.0390322171151638,0.02837614712985789,/Users/gibionmakiwa/MyDocuments/610MtSundanceBayW/University_of_London_Computer_Science_BSc/CM3070_Computer_Science_Final_Project/multimodal-mammography-xai/data/processed/cbis_ddsm/model_input/full_mammograms_v4/test/P_01739_RIGHT_CC_c1821418.jpg,0.0,0.0,0.0,/Users/gibionmakiwa/MyDocuments/610MtSundanceBayW/University_of_London_Computer_Science_BSc/CM3070_Computer_Science_Final_Project/multimodal-mammography-xai/results/resnet50v2_finetuned/gradcam_roi_alignment/heatmaps/c1821418-dce5-4d6f-917f-ce20314b1164.npy
ce4d9eb2-293d-4920-a9cd-62a00e1d1285,P_01739,BENIGN,0,0,0.42966628,0.4296658933162689,3.8668373109063126e-07,TN,mass,mass,1,0.001190185546875,small,0,239,335,0.011029662059717915,0.39521464705467224,0.04222659021615982,9.359376436453589,/Users/gibionmakiwa/MyDocuments/610MtSundanceBayW/University_of_London_Computer_Science_BSc/CM3070_Computer_Science_Final_Project/multimodal-mammography-xai/data/processed/cbis_ddsm/model_input/full_mammograms_v4/test/P_01739_RIGHT_MLO_ce4d9eb2.jpg,0.01189795217938451,0.005950905033473841,0.0039672952456035505,/Users/gibionmakiwa/MyDocuments/610MtSundanceBayW/University_of_London_Computer_Science_BSc/CM3070_Computer_Science_Final_Project/multimodal-mammography-xai/results/resnet50v2_finetuned/gradcam_roi_alignment/heatmaps/ce4d9eb2-293d-4920-a9cd-62a00e1d1285.npy
af676fc7-9883-44bc-95d6-d73e3b6a79a7,P_01775,MALIGNANT,1,1,0.57223856,0.5722386240959167,6.40959167963473e-08,TP,mass,mass,1,0.011272430419921875,large,0,368,79,0.020823416995560933,0.08965277671813965,0.048063308000564575,1.8653056103427261,/Users/gibionmakiwa/MyDocuments/610MtSundanceBayW/University_of_London_Computer_Science_BSc/CM3070_Computer_Science_Final_Project/multimodal-mammography-xai/data/processed/cbis_ddsm/model_input/full_mammograms_v4/test/P_01775_LEFT_MLO_af676fc7.jpg,0.05443898207056102,0.05531525695013433,0.037324248048613055,/Users/gibionmakiwa/MyDocuments/610MtSundanceBayW/University_of_London_Computer_Science_BSc/CM3070_Computer_Science_Final_Project/multimodal-mammography-xai/results/resnet50v2_finetuned/gradcam_roi_alignment/heatmaps/af676fc7-9883-44bc-95d6-d73e3b6a79a7.npy
6152adb3-b164-42ab-80ab-c7f74d8f813d,P_01788,MALIGNANT,1,0,0.31391472,0.3139144778251648,2.4217483518551575e-07,FN,mass,mass,1,0.002246856689453125,medium,0,432,48,0.0004326353368284705,0.010029183700680733,0.0521804615855217,0.19220186012008925,/Users/gibionmakiwa/MyDocuments/610MtSundanceBayW/University_of_London_Computer_Science_BSc/CM3070_Computer_Science_Final_Project/multimodal-mammography-xai/data/processed/cbis_ddsm/model_input/full_mammograms_v4/test/P_01788_RIGHT_CC_6152adb3.jpg,0.0,0.0,0.0,/Users/gibionmakiwa/MyDocuments/610MtSundanceBayW/University_of_London_Computer_Science_BSc/CM3070_Computer_Science_Final_Project/multimodal-mammography-xai/results/resnet50v2_finetuned/gradcam_roi_alignment/heatmaps/6152adb3-b164-42ab-80ab-c7f74d8f813d.npy
e698da37-6be3-434d-baa2-d3029992c7c3,P_01788,MALIGNANT,1,0,0.45980686,0.45980706810951233,2.0810951234517816e-07,FN,mass,mass,1,0.00307464599609375,medium,0,431,48,0.0,0.0,0.05054880306124687,0.0,/Users/gibionmakiwa/MyDocuments/610MtSundanceBayW/University_of_London_Computer_Science_BSc/CM3070_Computer_Science_Final_Project/multimodal-mammography-xai/data/processed/cbis_ddsm/model_input/full_mammograms_v4/test/P_01788_RIGHT_MLO_e698da37.jpg,0.0,0.0,0.0,/Users/gibionmakiwa/MyDocuments/610MtSundanceBayW/University_of_London_Computer_Science_BSc/CM3070_Computer_Science_Final_Project/multimodal-mammography-xai/results/resnet50v2_finetuned/gradcam_roi_alignment/heatmaps/e698da37-6be3-434d-baa2-d3029992c7c3.npy
ac8aaee6-93cc-4a3a-98fd-06add7b2e610,P_01799,MALIGNANT,1,1,0.73457146,0.7345717549324036,2.949324036105594e-07,TP,mass,mass,1,0.00218963623046875,medium,0,367,47,0.0003371044445193375,0.008912976831197739,0.05800105631351471,0.15366918916662992,/Users/gibionmakiwa/MyDocuments/610MtSundanceBayW/University_of_London_Computer_Science_BSc/CM3070_Computer_Science_Final_Project/multimodal-mammography-xai/data/processed/cbis_ddsm/model_input/full_mammograms_v4/test/P_01799_LEFT_CC_ac8aaee6.jpg,0.0,0.0,0.0,/Users/gibionmakiwa/MyDocuments/610MtSundanceBayW/University_of_London_Computer_Science_BSc/CM3070_Computer_Science_Final_Project/multimodal-mammography-xai/results/resnet50v2_finetuned/gradcam_roi_alignment/heatmaps/ac8aaee6-93cc-4a3a-98fd-06add7b2e610.npy
faa75023-c8d7-4fe1-801f-54e2493b03b0,P_01799,MALIGNANT,1,0,0.33796623,0.3379664421081543,2.1210815431826902e-07,FN,mass,mass,1,0.007152557373046875,large,0,175,48,6.17298789887895e-05,0.0004450612177606672,0.051936931908130646,0.008569261134933968,/Users/gibionmakiwa/MyDocuments/610MtSundanceBayW/University_of_London_Computer_Science_BSc/CM3070_Computer_Science_Final_Project/multimodal-mammography-xai/data/processed/cbis_ddsm/model_input/full_mammograms_v4/test/P_01799_LEFT_MLO_faa75023.jpg,0.0,0.0,0.0,/Users/gibionmakiwa/MyDocuments/610MtSundanceBayW/University_of_London_Computer_Science_BSc/CM3070_Computer_Science_Final_Project/multimodal-mammography-xai/results/resnet50v2_finetuned/gradcam_roi_alignment/heatmaps/faa75023-c8d7-4fe1-801f-54e2493b03b0.npy
b12b063d-e492-4b65-8813-cce39e96958a,P_01821,BENIGN,0,0,0.10663832,0.1066383421421051,2.2142105107758603e-08,TN,mass,mass,1,0.002292633056640625,medium,0,208,175,0.002112377086413216,0.01510319858789444,0.01639496348798275,0.9212090888079104,/Users/gibionmakiwa/MyDocuments/610MtSundanceBayW/University_of_London_Computer_Science_BSc/CM3070_Computer_Science_Final_Project/multimodal-mammography-xai/data/processed/cbis_ddsm/model_input/full_mammograms_v4/test/P_01821_LEFT_CC_b12b063d.jpg,0.008419470024431499,0.007849174221259289,0.002292633056640625,/Users/gibionmakiwa/MyDocuments/610MtSundanceBayW/University_of_London_Computer_Science_BSc/CM3070_Computer_Science_Final_Project/multimodal-mammography-xai/results/resnet50v2_finetuned/gradcam_roi_alignment/heatmaps/b12b063d-e492-4b65-8813-cce39e96958a.npy
b8af6810-ac9d-4eb0-abcd-f9506622d6ea,P_01821,BENIGN,0,0,0.14310607,0.1431061029434204,3.294342040827125e-08,TN,mass,mass,1,0.0027313232421875,medium,0,304,207,5.1615176264321227e-05,0.0006278406362980604,0.033312760293483734,0.018846845542019406,/Users/gibionmakiwa/MyDocuments/610MtSundanceBayW/University_of_London_Computer_Science_BSc/CM3070_Computer_Science_Final_Project/multimodal-mammography-xai/data/processed/cbis_ddsm/model_input/full_mammograms_v4/test/P_01821_LEFT_MLO_b8af6810.jpg,0.0,0.0,0.0011100879240094356,/Users/gibionmakiwa/MyDocuments/610MtSundanceBayW/University_of_London_Computer_Science_BSc/CM3070_Computer_Science_Final_Project/multimodal-mammography-xai/results/resnet50v2_finetuned/gradcam_roi_alignment/heatmaps/b8af6810-ac9d-4eb0-abcd-f9506622d6ea.npy
59c0de48-587d-4c9a-a4a3-af9a781621ef,P_01831,BENIGN,0,1,0.7487496,0.748749315738678,2.8426132203662746e-07,FP,mass,mass,1,0.00199127197265625,medium,0,144,47,0.0002654865890991734,0.010777629911899567,0.08097697049379349,0.13309498386057533,/Users/gibionmakiwa/MyDocuments/610MtSundanceBayW/University_of_London_Computer_Science_BSc/CM3070_Computer_Science_Final_Project/multimodal-mammography-xai/data/processed/cbis_ddsm/model_input/full_mammograms_v4/test/P_01831_RIGHT_CC_59c0de48.jpg,0.0,0.0,0.0,/Users/gibionmakiwa/MyDocuments/610MtSundanceBayW/University_of_London_Computer_Science_BSc/CM3070_Computer_Science_Final_Project/multimodal-mammography-xai/results/resnet50v2_finetuned/gradcam_roi_alignment/heatmaps/59c0de48-587d-4c9a-a4a3-af9a781621ef.npy
4d9fff99-9c9f-4c03-8563-82d79ab4b3cb,P_01831,BENIGN,0,0,0.4557545,0.4557543098926544,1.9010734558788656e-07,TN,mass,mass,1,0.00185394287109375,medium,0,367,79,0.0,0.0,0.11534395813941956,0.0,/Users/gibionmakiwa/MyDocuments/610MtSundanceBayW/University_of_London_Computer_Science_BSc/CM3070_Computer_Science_Final_Project/multimodal-mammography-xai/data/processed/cbis_ddsm/model_input/full_mammograms_v4/test/P_01831_RIGHT_MLO_4d9fff99.jpg,0.0,0.0,0.0,/Users/gibionmakiwa/MyDocuments/610MtSundanceBayW/University_of_London_Computer_Science_BSc/CM3070_Computer_Science_Final_Project/multimodal-mammography-xai/results/resnet50v2_finetuned/gradcam_roi_alignment/heatmaps/4d9fff99-9c9f-4c03-8563-82d79ab4b3cb.npy
ed439d03-6c0b-48f5-a683-63d38c157e26,P_01860,MALIGNANT,1,1,0.8170396,0.8170392513275146,3.4867248532854944e-07,TP,mass,mass,1,0.00283050537109375,medium,0,176,79,0.008297548373750227,0.23037217557430267,0.07815496623516083,2.9476328529757967,/Users/gibionmakiwa/MyDocuments/610MtSundanceBayW/University_of_London_Computer_Science_BSc/CM3070_Computer_Science_Final_Project/multimodal-mammography-xai/data/processed/cbis_ddsm/model_input/full_mammograms_v4/test/P_01860_RIGHT_CC_ed439d03.jpg,0.02280315677644559,0.014152472868069199,0.009435041898198186,/Users/gibionmakiwa/MyDocuments/610MtSundanceBayW/University_of_London_Computer_Science_BSc/CM3070_Computer_Science_Final_Project/multimodal-mammography-xai/results/resnet50v2_finetuned/gradcam_roi_alignment/heatmaps/ed439d03-6c0b-48f5-a683-63d38c157e26.npy
b5eaa364-c1d8-4cf7-9914-f8ddccd6caa4,P_00114,BENIGN,0,0,0.1662388,0.1662389636039734,1.636039733965422e-07,TN,mass,mass,1,0.0026702880859375,medium,0,368,48,0.0003996635724712637,0.005720160435885191,0.03830534219741821,0.1493305793510164,/Users/gibionmakiwa/MyDocuments/610MtSundanceBayW/University_of_London_Computer_Science_BSc/CM3070_Computer_Science_Final_Project/multimodal-mammography-xai/data/processed/cbis_ddsm/model_input/full_mammograms_v4/test/P_00114_LEFT_MLO_b5eaa364.jpg,0.0,0.0,0.0006431922514251123,/Users/gibionmakiwa/MyDocuments/610MtSundanceBayW/University_of_London_Computer_Science_BSc/CM3070_Computer_Science_Final_Project/multimodal-mammography-xai/results/resnet50v2_finetuned/gradcam_roi_alignment/heatmaps/b5eaa364-c1d8-4cf7-9914-f8ddccd6caa4.npy
ed063ab8-f543-4b3a-9610-c5975771bb68,P_00147,MALIGNANT,1,1,0.8727607,0.8727607131004333,1.3100433404744649e-08,TP,mass,mass,1,0.001560211181640625,medium,0,112,111,0.0037109482007998775,0.12339568138122559,0.05176806077361107,2.3836252643227125,/Users/gibionmakiwa/MyDocuments/610MtSundanceBayW/University_of_London_Computer_Science_BSc/CM3070_Computer_Science_Final_Project/multimodal-mammography-xai/data/processed/cbis_ddsm/model_input/full_mammograms_v4/test/P_00147_RIGHT_CC_ed063ab8.jpg,0.008370260955194485,0.007801026149650003,0.0052007171649097825,/Users/gibionmakiwa/MyDocuments/610MtSundanceBayW/University_of_London_Computer_Science_BSc/CM3070_Computer_Science_Final_Project/multimodal-mammography-xai/results/resnet50v2_finetuned/gradcam_roi_alignment/heatmaps/ed063ab8-f543-4b3a-9610-c5975771bb68.npy
c2f4048f-c731-4b2d-be73-bec2e859e9db,P_00147,MALIGNANT,1,1,0.5370117,0.5370118021965027,1.0219650270482106e-07,TP,mass,mass,1,0.00101470947265625,small,0,399,0,0.0031184578387055514,0.25689393281936646,0.083414226770401,3.0797372578792643,/Users/gibionmakiwa/MyDocuments/610MtSundanceBayW/University_of_London_Computer_Science_BSc/CM3070_Computer_Science_Final_Project/multimodal-mammography-xai/data/processed/cbis_ddsm/model_input/full_mammograms_v4/test/P_00147_RIGHT_MLO_c2f4048f.jpg,0.00983756577442233,0.005073528009307826,0.0033823735106748216,/Users/gibionmakiwa/MyDocuments/610MtSundanceBayW/University_of_London_Computer_Science_BSc/CM3070_Computer_Science_Final_Project/multimodal-mammography-xai/results/resnet50v2_finetuned/gradcam_roi_alignment/heatmaps/c2f4048f-c731-4b2d-be73-bec2e859e9db.npy
73acfb03-8ab7-4fc9-8a6a-65f1e620e6f6,P_00156,BENIGN,0,0,0.16136935,0.16136950254440308,1.525444030814338e-07,TN,mass,mass,1,0.004573822021484375,medium,0,368,48,0.003665158968984546,0.025770531967282295,0.03218889608979225,0.8006029125498815,/Users/gibionmakiwa/MyDocuments/610MtSundanceBayW/University_of_London_Computer_Science_BSc/CM3070_Computer_Science_Final_Project/multimodal-mammography-xai/data/processed/cbis_ddsm/model_input/full_mammograms_v4/test/P_00156_RIGHT_MLO_73acfb03.jpg,0.006055268083232412,0.0056255625562556255,0.005098379848181578,/Users/gibionmakiwa/MyDocuments/610MtSundanceBayW/University_of_London_Computer_Science_BSc/CM3070_Computer_Science_Final_Project/multimodal-mammography-xai/results/resnet50v2_finetuned/gradcam_roi_alignment/heatmaps/73acfb03-8ab7-4fc9-8a6a-65f1e620e6f6.npy
1e6158fc-bfca-42c8-bb9a-3240fab8038b,P_00238,BENIGN,0,1,0.6128952,0.6128954291343689,2.29134368923134e-07,FP,mass,mass,1,0.000553131103515625,small,0,304,239,0.00016247867437609116,0.028866199776530266,0.0983084887266159,0.29362873149760627,/Users/gibionmakiwa/MyDocuments/610MtSundanceBayW/University_of_London_Computer_Science_BSc/CM3070_Computer_Science_Final_Project/multimodal-mammography-xai/data/processed/cbis_ddsm/model_input/full_mammograms_v4/test/P_00238_RIGHT_CC_1e6158fc.jpg,0.0,0.0,0.0,/Users/gibionmakiwa/MyDocuments/610MtSundanceBayW/University_of_London_Computer_Science_BSc/CM3070_Computer_Science_Final_Project/multimodal-mammography-xai/results/resnet50v2_finetuned/gradcam_roi_alignment/heatmaps/1e6158fc-bfca-42c8-bb9a-3240fab8038b.npy
5394e7d9-fe20-4880-881f-180d9b3eade6,P_00238,BENIGN,0,0,0.3150434,0.31504347920417786,7.92041778829855e-08,TN,mass,mass,1,0.00084686279296875,small,0,367,80,0.0,0.0,0.058916132897138596,0.0,/Users/gibionmakiwa/MyDocuments/610MtSundanceBayW/University_of_London_Computer_Science_BSc/CM3070_Computer_Science_Final_Project/multimodal-mammography-xai/data/processed/cbis_ddsm/model_input/full_mammograms_v4/test/P_00238_RIGHT_MLO_5394e7d9.jpg,0.0,0.0,0.0,/Users/gibionmakiwa/MyDocuments/610MtSundanceBayW/University_of_London_Computer_Science_BSc/CM3070_Computer_Science_Final_Project/multimodal-mammography-xai/results/resnet50v2_finetuned/gradcam_roi_alignment/heatmaps/5394e7d9-fe20-4880-881f-180d9b3eade6.npy
d96235e7-7f0b-44a0-8313-6cd69ef2db37,P_00387,BENIGN,0,0,0.4359793,0.43597909808158875,2.0191841126893095e-07,TN,mass,mass,1,0.000972747802734375,small,0,368,80,7.688764510294072e-05,0.005432817153632641,0.06879518181085587,0.07897088460149251,/Users/gibionmakiwa/MyDocuments/610MtSundanceBayW/University_of_London_Computer_Science_BSc/CM3070_Computer_Science_Final_Project/multimodal-mammography-xai/data/processed/cbis_ddsm/model_input/full_mammograms_v4/test/P_00387_RIGHT_CC_d96235e7.jpg,0.0,0.0,0.0,/Users/gibionmakiwa/MyDocuments/610MtSundanceBayW/University_of_London_Computer_Science_BSc/CM3070_Computer_Science_Final_Project/multimodal-mammography-xai/results/resnet50v2_finetuned/gradcam_roi_alignment/heatmaps/d96235e7-7f0b-44a0-8313-6cd69ef2db37.npy
bceafeba-0c45-4946-8389-53055c013cec,P_00387,BENIGN,0,0,0.19316004,0.19316017627716064,1.3627716063946416e-07,TN,mass,mass,1,0.00148773193359375,medium,0,240,47,0.0,0.0,0.057026416063308716,0.0,/Users/gibionmakiwa/MyDocuments/610MtSundanceBayW/University_of_London_Computer_Science_BSc/CM3070_Computer_Science_Final_Project/multimodal-mammography-xai/data/processed/cbis_ddsm/model_input/full_mammograms_v4/test/P_00387_RIGHT_MLO_bceafeba.jpg,0.0,0.0,0.0,/Users/gibionmakiwa/MyDocuments/610MtSundanceBayW/University_of_London_Computer_Science_BSc/CM3070_Computer_Science_Final_Project/multimodal-mammography-xai/results/resnet50v2_finetuned/gradcam_roi_alignment/heatmaps/bceafeba-0c45-4946-8389-53055c013cec.npy
b3ec166c-9151-4981-be25-2160eefc815e,P_00510,BENIGN,0,0,0.17588985,0.17588987946510315,2.946510316292894e-08,TN,mass,mass,1,0.000728607177734375,small,0,368,143,0.0,0.0,0.05661331117153168,0.0,/Users/gibionmakiwa/MyDocuments/610MtSundanceBayW/University_of_London_Computer_Science_BSc/CM3070_Computer_Science_Final_Project/multimodal-mammography-xai/data/processed/cbis_ddsm/model_input/full_mammograms_v4/test/P_00510_LEFT_CC_b3ec166c.jpg,0.0,0.0,0.0,/Users/gibionmakiwa/MyDocuments/610MtSundanceBayW/University_of_London_Computer_Science_BSc/CM3070_Computer_Science_Final_Project/multimodal-mammography-xai/results/resnet50v2_finetuned/gradcam_roi_alignment/heatmaps/b3ec166c-9151-4981-be25-2160eefc815e.npy
e4b3698b-1c3b-43e1-bb8c-a872f85c7696,P_00510,BENIGN,0,0,0.14784397,0.14784400165081024,3.1650810250472006e-08,TN,mass,mass,1,0.000732421875,small,0,240,335,0.0,0.0,0.07203482836484909,0.0,/Users/gibionmakiwa/MyDocuments/610MtSundanceBayW/University_of_London_Computer_Science_BSc/CM3070_Computer_Science_Final_Project/multimodal-mammography-xai/data/processed/cbis_ddsm/model_input/full_mammograms_v4/test/P_00510_LEFT_MLO_e4b3698b.jpg,0.0,0.0,0.0,/Users/gibionmakiwa/MyDocuments/610MtSundanceBayW/University_of_London_Computer_Science_BSc/CM3070_Computer_Science_Final_Project/multimodal-mammography-xai/results/resnet50v2_finetuned/gradcam_roi_alignment/heatmaps/e4b3698b-1c3b-43e1-bb8c-a872f85c7696.npy
76069014-2437-46f5-9308-c72e6b4225c2,P_00524,MALIGNANT,1,0,0.1668721,0.16687217354774475,7.354774475554215e-08,FN,mass,mass,1,0.00180816650390625,medium,0,431,48,0.0,0.0,0.02692159079015255,0.0,/Users/gibionmakiwa/MyDocuments/610MtSundanceBayW/University_of_London_Computer_Science_BSc/CM3070_Computer_Science_Final_Project/multimodal-mammography-xai/data/processed/cbis_ddsm/model_input/full_mammograms_v4/test/P_00524_LEFT_CC_76069014.jpg,0.0,0.0,0.0,/Users/gibionmakiwa/MyDocuments/610MtSundanceBayW/University_of_London_Computer_Science_BSc/CM3070_Computer_Science_Final_Project/multimodal-mammography-xai/results/resnet50v2_finetuned/gradcam_roi_alignment/heatmaps/76069014-2437-46f5-9308-c72e6b4225c2.npy
895c4a32-cb2d-4e97-908e-36b12e5cf632,P_00524,MALIGNANT,1,0,0.32394475,0.3239447772502899,2.725028991346079e-08,FN,mass,mass,1,0.00051116943359375,small,0,400,47,0.0,0.0,0.026213927194476128,0.0,/Users/gibionmakiwa/MyDocuments/610MtSundanceBayW/University_of_London_Computer_Science_BSc/CM3070_Computer_Science_Final_Project/multimodal-mammography-xai/data/processed/cbis_ddsm/model_input/full_mammograms_v4/test/P_00524_LEFT_MLO_895c4a32.jpg,0.0,0.0,0.0,/Users/gibionmakiwa/MyDocuments/610MtSundanceBayW/University_of_London_Computer_Science_BSc/CM3070_Computer_Science_Final_Project/multimodal-mammography-xai/results/resnet50v2_finetuned/gradcam_roi_alignment/heatmaps/895c4a32-cb2d-4e97-908e-36b12e5cf632.npy
657ec130-f060-4193-9744-9cd140702dcd,P_00598,MALIGNANT,1,1,0.6936919,0.6936922669410706,3.669410705287035e-07,TP,mass,mass,1,0.008960723876953125,large,0,239,303,0.12265735170633144,0.5881510376930237,0.038037922233343124,15.462224236717704,/Users/gibionmakiwa/MyDocuments/610MtSundanceBayW/University_of_London_Computer_Science_BSc/CM3070_Computer_Science_Final_Project/multimodal-mammography-xai/data/processed/cbis_ddsm/model_input/full_mammograms_v4/test/P_00598_LEFT_CC_657ec130.jpg,0.08960518786954035,0.044803448473173246,0.02986915555103442,/Users/gibionmakiwa/MyDocuments/610MtSundanceBayW/University_of_London_Computer_Science_BSc/CM3070_Computer_Science_Final_Project/multimodal-mammography-xai/results/resnet50v2_finetuned/gradcam_roi_alignment/heatmaps/657ec130-f060-4193-9744-9cd140702dcd.npy
6aadc716-3896-46e5-bdbb-60954254fa4a,P_00598,MALIGNANT,1,1,0.89951915,0.8995190262794495,1.2372055058218479e-07,TP,mass,mass,1,0.00568389892578125,large,0,239,303,0.11213345062285551,0.827194333076477,0.037440523505210876,22.093550909506945,/Users/gibionmakiwa/MyDocuments/610MtSundanceBayW/University_of_London_Computer_Science_BSc/CM3070_Computer_Science_Final_Project/multimodal-mammography-xai/data/processed/cbis_ddsm/model_input/full_mammograms_v4/test/P_00598_LEFT_MLO_6aadc716.jpg,0.056837688346366586,0.028419386217551357,0.018946377935734903,/Users/gibionmakiwa/MyDocuments/610MtSundanceBayW/University_of_London_Computer_Science_BSc/CM3070_Computer_Science_Final_Project/multimodal-mammography-xai/results/resnet50v2_finetuned/gradcam_roi_alignment/heatmaps/6aadc716-3896-46e5-bdbb-60954254fa4a.npy
e6719065-539e-4e21-a058-3e848ebbd39b,P_00612,BENIGN,0,0,0.3898285,0.38982823491096497,2.6508903505639836e-07,TN,mass,mass,1,0.00293731689453125,medium,0,399,80,0.0,0.0,0.05549927055835724,0.0,/Users/gibionmakiwa/MyDocuments/610MtSundanceBayW/University_of_London_Computer_Science_BSc/CM3070_Computer_Science_Final_Project/multimodal-mammography-xai/data/processed/cbis_ddsm/model_input/full_mammograms_v4/test/P_00612_RIGHT_MLO_e6719065.jpg,0.0,0.0,0.0,/Users/gibionmakiwa/MyDocuments/610MtSundanceBayW/University_of_London_Computer_Science_BSc/CM3070_Computer_Science_Final_Project/multimodal-mammography-xai/results/resnet50v2_finetuned/gradcam_roi_alignment/heatmaps/e6719065-539e-4e21-a058-3e848ebbd39b.npy
49f77e6b-6aac-4623-9886-19a0f20e3b25,P_00615,BENIGN,0,0,0.30724895,0.3072492480278015,2.980278014930171e-07,TN,mass,mass,1,0.00316619873046875,medium,0,176,112,0.0,0.0,0.07913366705179214,0.0,/Users/gibionmakiwa/MyDocuments/610MtSundanceBayW/University_of_London_Computer_Science_BSc/CM3070_Computer_Science_Final_Project/multimodal-mammography-xai/data/processed/cbis_ddsm/model_input/full_mammograms_v4/test/P_00615_RIGHT_CC_49f77e6b.jpg,0.0,0.0,0.0,/Users/gibionmakiwa/MyDocuments/610MtSundanceBayW/University_of_London_Computer_Science_BSc/CM3070_Computer_Science_Final_Project/multimodal-mammography-xai/results/resnet50v2_finetuned/gradcam_roi_alignment/heatmaps/49f77e6b-6aac-4623-9886-19a0f20e3b25.npy
496eb73c-1354-4b5d-8222-d14b39c6d021,P_00615,BENIGN,0,0,0.122231536,0.12223146110773087,7.48922691362619e-08,TN,mass,mass,1,0.00215911865234375,medium,0,303,47,0.0,0.0,0.05970825254917145,0.0,/Users/gibionmakiwa/MyDocuments/610MtSundanceBayW/University_of_London_Computer_Science_BSc/CM3070_Computer_Science_Final_Project/multimodal-mammography-xai/data/processed/cbis_ddsm/model_input/full_mammograms_v4/test/P_00615_RIGHT_MLO_496eb73c.jpg,0.0,0.0,0.0,/Users/gibionmakiwa/MyDocuments/610MtSundanceBayW/University_of_London_Computer_Science_BSc/CM3070_Computer_Science_Final_Project/multimodal-mammography-xai/results/resnet50v2_finetuned/gradcam_roi_alignment/heatmaps/496eb73c-1354-4b5d-8222-d14b39c6d021.npy
2c4013a5-ba81-45f0-8e72-dc80a3644933,P_00662,BENIGN,0,0,0.4137944,0.41379451751708984,1.1751708983709364e-07,TN,mass,mass,1,0.004058837890625,medium,0,207,144,0.0321315183488747,0.3160296380519867,0.03879546374082565,8.146044050479505,/Users/gibionmakiwa/MyDocuments/610MtSundanceBayW/University_of_London_Computer_Science_BSc/CM3070_Computer_Science_Final_Project/multimodal-mammography-xai/data/processed/cbis_ddsm/model_input/full_mammograms_v4/test/P_00662_LEFT_CC_2c4013a5.jpg,0.040565785962103015,0.020294112037231304,0.013529494042699286,/Users/gibionmakiwa/MyDocuments/610MtSundanceBayW/University_of_London_Computer_Science_BSc/CM3070_Computer_Science_Final_Project/multimodal-mammography-xai/results/resnet50v2_finetuned/gradcam_roi_alignment/heatmaps/2c4013a5-ba81-45f0-8e72-dc80a3644933.npy
dfa89bb1-00a9-44aa-9421-9e9b2640b9b4,P_00662,BENIGN,0,0,0.14179356,0.14179354906082153,1.0939178479718592e-08,TN,mass,mass,1,0.008670806884765625,large,0,368,48,0.037665230228159235,0.20160254836082458,0.04505293443799019,4.474791844921603,/Users/gibionmakiwa/MyDocuments/610MtSundanceBayW/University_of_London_Computer_Science_BSc/CM3070_Computer_Science_Final_Project/multimodal-mammography-xai/data/processed/cbis_ddsm/model_input/full_mammograms_v4/test/P_00662_LEFT_MLO_dfa89bb1.jpg,0.06592830951133727,0.04335386904194244,0.028902763119413043,/Users/gibionmakiwa/MyDocuments/610MtSundanceBayW/University_of_London_Computer_Science_BSc/CM3070_Computer_Science_Final_Project/multimodal-mammography-xai/results/resnet50v2_finetuned/gradcam_roi_alignment/heatmaps/dfa89bb1-00a9-44aa-9421-9e9b2640b9b4.npy
6852ac59-5223-4cf7-9365-d08b1649655d,P_00699,BENIGN,0,0,0.2687357,0.2687361240386963,4.240386962672815e-07,TN,mass,mass,1,0.001377105712890625,medium,0,399,176,0.0,0.0,0.08632847666740417,0.0,/Users/gibionmakiwa/MyDocuments/610MtSundanceBayW/University_of_London_Computer_Science_BSc/CM3070_Computer_Science_Final_Project/multimodal-mammography-xai/data/processed/cbis_ddsm/model_input/full_mammograms_v4/test/P_00699_RIGHT_CC_6852ac59.jpg,0.0,0.0,0.0,/Users/gibionmakiwa/MyDocuments/610MtSundanceBayW/University_of_London_Computer_Science_BSc/CM3070_Computer_Science_Final_Project/multimodal-mammography-xai/results/resnet50v2_finetuned/gradcam_roi_alignment/heatmaps/6852ac59-5223-4cf7-9365-d08b1649655d.npy
fd535c1e-f796-47f9-8244-1df879c00355,P_00699,BENIGN,0,1,0.71883965,0.7188395857810974,6.421890264007857e-08,FP,mass,mass,1,0.000652313232421875,small,0,463,464,0.0,0.0,0.0624505989253521,0.0,/Users/gibionmakiwa/MyDocuments/610MtSundanceBayW/University_of_London_Computer_Science_BSc/CM3070_Computer_Science_Final_Project/multimodal-mammography-xai/data/processed/cbis_ddsm/model_input/full_mammograms_v4/test/P_00699_RIGHT_MLO_fd535c1e.jpg,0.0,0.0,0.0,/Users/gibionmakiwa/MyDocuments/610MtSundanceBayW/University_of_London_Computer_Science_BSc/CM3070_Computer_Science_Final_Project/multimodal-mammography-xai/results/resnet50v2_finetuned/gradcam_roi_alignment/heatmaps/fd535c1e-f796-47f9-8244-1df879c00355.npy
e8a5a157-6edb-4544-91e2-40f169e911f2,P_00738,BENIGN,0,0,0.2495763,0.24957643449306488,1.3449306487944845e-07,TN,mass,mass,1,0.00174713134765625,medium,0,367,496,2.3195084609577095e-07,5.520704235095764e-06,0.04165656492114067,0.0001325290004170269,/Users/gibionmakiwa/MyDocuments/610MtSundanceBayW/University_of_London_Computer_Science_BSc/CM3070_Computer_Science_Final_Project/multimodal-mammography-xai/data/processed/cbis_ddsm/model_input/full_mammograms_v4/test/P_00738_RIGHT_CC_e8a5a157.jpg,0.0,0.0,0.0,/Users/gibionmakiwa/MyDocuments/610MtSundanceBayW/University_of_London_Computer_Science_BSc/CM3070_Computer_Science_Final_Project/multimodal-mammography-xai/results/resnet50v2_finetuned/gradcam_roi_alignment/heatmaps/e8a5a157-6edb-4544-91e2-40f169e911f2.npy
4be68804-e5b7-4252-ae62-d1bbb2bdb700,P_00738,BENIGN,0,0,0.46591517,0.4659149944782257,1.755217742815951e-07,TN,mass,mass,1,0.00135040283203125,small,0,367,80,0.0006720938760347578,0.02623947523534298,0.05275740474462509,0.4973608991713577,/Users/gibionmakiwa/MyDocuments/610MtSundanceBayW/University_of_London_Computer_Science_BSc/CM3070_Computer_Science_Final_Project/multimodal-mammography-xai/data/processed/cbis_ddsm/model_input/full_mammograms_v4/test/P_00738_RIGHT_MLO_4be68804.jpg,0.0,0.0007394205976035189,0.0013563189250855622,/Users/gibionmakiwa/MyDocuments/610MtSundanceBayW/University_of_London_Computer_Science_BSc/CM3070_Computer_Science_Final_Project/multimodal-mammography-xai/results/resnet50v2_finetuned/gradcam_roi_alignment/heatmaps/4be68804-e5b7-4252-ae62-d1bbb2bdb700.npy
7e5e766e-55aa-4174-98f0-f471084a5359,P_00773,MALIGNANT,1,1,0.5285174,0.5285171866416931,2.133583069108269e-07,TP,mass,mass,1,0.001522064208984375,medium,0,144,143,0.0,0.0,0.08268962055444717,0.0,/Users/gibionmakiwa/MyDocuments/610MtSundanceBayW/University_of_London_Computer_Science_BSc/CM3070_Computer_Science_Final_Project/multimodal-mammography-xai/data/processed/cbis_ddsm/model_input/full_mammograms_v4/test/P_00773_LEFT_CC_7e5e766e.jpg,0.0,0.0,0.0,/Users/gibionmakiwa/MyDocuments/610MtSundanceBayW/University_of_London_Computer_Science_BSc/CM3070_Computer_Science_Final_Project/multimodal-mammography-xai/results/resnet50v2_finetuned/gradcam_roi_alignment/heatmaps/7e5e766e-55aa-4174-98f0-f471084a5359.npy
653582a9-c2df-456c-86f8-092d2b404ef2,P_00773,MALIGNANT,1,0,0.26041415,0.26041433215141296,1.8215141295296888e-07,FN,mass,mass,1,0.001575469970703125,medium,0,175,47,0.0,0.0,0.08307997137308121,0.0,/Users/gibionmakiwa/MyDocuments/610MtSundanceBayW/University_of_London_Computer_Science_BSc/CM3070_Computer_Science_Final_Project/multimodal-mammography-xai/data/processed/cbis_ddsm/model_input/full_mammograms_v4/test/P_00773_LEFT_MLO_653582a9.jpg,0.0,0.0,0.0,/Users/gibionmakiwa/MyDocuments/610MtSundanceBayW/University_of_London_Computer_Science_BSc/CM3070_Computer_Science_Final_Project/multimodal-mammography-xai/results/resnet50v2_finetuned/gradcam_roi_alignment/heatmaps/653582a9-c2df-456c-86f8-092d2b404ef2.npy
fb6e0369-aa8a-4a6a-b513-a92897b1ec48,P_00788,BENIGN,0,0,0.30704162,0.30704164505004883,2.505004881303563e-08,TN,mass,mass,1,0.003253936767578125,medium,0,144,144,7.411621781608102e-06,7.43638229323551e-05,0.032754406332969666,0.0022703449262047324,/Users/gibionmakiwa/MyDocuments/610MtSundanceBayW/University_of_London_Computer_Science_BSc/CM3070_Computer_Science_Final_Project/multimodal-mammography-xai/data/processed/cbis_ddsm/model_input/full_mammograms_v4/test/P_00788_RIGHT_MLO_fb6e0369.jpg,0.0,0.0,0.0,/Users/gibionmakiwa/MyDocuments/610MtSundanceBayW/University_of_London_Computer_Science_BSc/CM3070_Computer_Science_Final_Project/multimodal-mammography-xai/results/resnet50v2_finetuned/gradcam_roi_alignment/heatmaps/fb6e0369-aa8a-4a6a-b513-a92897b1ec48.npy
47560cfc-19aa-4f5c-bdad-8e4f29930c90,P_00951,BENIGN,0,0,0.35879046,0.35879039764404297,6.2355957008986e-08,TN,mass,mass,1,0.003490447998046875,medium,0,399,48,0.0,0.0,0.022454185411334038,0.0,/Users/gibionmakiwa/MyDocuments/610MtSundanceBayW/University_of_London_Computer_Science_BSc/CM3070_Computer_Science_Final_Project/multimodal-mammography-xai/data/processed/cbis_ddsm/model_input/full_mammograms_v4/test/P_00951_LEFT_CC_47560cfc.jpg,0.0,0.0,0.0,/Users/gibionmakiwa/MyDocuments/610MtSundanceBayW/University_of_London_Computer_Science_BSc/CM3070_Computer_Science_Final_Project/multimodal-mammography-xai/results/resnet50v2_finetuned/gradcam_roi_alignment/heatmaps/47560cfc-19aa-4f5c-bdad-8e4f29930c90.npy
19abec85-4ac9-4321-9fbe-03af4c7e1c01,P_00951,MALIGNANT,1,1,0.5641011,0.5641013383865356,2.3838653562258116e-07,TP,mass,mass,1,0.002574920654296875,medium,0,368,80,0.0,0.0,0.03077775426208973,0.0,/Users/gibionmakiwa/MyDocuments/610MtSundanceBayW/University_of_London_Computer_Science_BSc/CM3070_Computer_Science_Final_Project/multimodal-mammography-xai/data/processed/cbis_ddsm/model_input/full_mammograms_v4/test/P_00951_RIGHT_CC_19abec85.jpg,0.0,0.0,0.0,/Users/gibionmakiwa/MyDocuments/610MtSundanceBayW/University_of_London_Computer_Science_BSc/CM3070_Computer_Science_Final_Project/multimodal-mammography-xai/results/resnet50v2_finetuned/gradcam_roi_alignment/heatmaps/19abec85-4ac9-4321-9fbe-03af4c7e1c01.npy
8248b470-93f8-4957-ae9e-720e7837050e,P_00951,MALIGNANT,1,0,0.25575852,0.2557584345340729,8.546592711322631e-08,FN,mass,mass,1,0.0023651123046875,medium,0,463,496,0.006870421626626676,0.2537879943847656,0.08697084337472916,2.9180809953798614,/Users/gibionmakiwa/MyDocuments/610MtSundanceBayW/University_of_London_Computer_Science_BSc/CM3070_Computer_Science_Final_Project/multimodal-mammography-xai/data/processed/cbis_ddsm/model_input/full_mammograms_v4/test/P_00951_RIGHT_MLO_8248b470.jpg,0.01578469225528049,0.011764481561987568,0.00788372773164808,/Users/gibionmakiwa/MyDocuments/610MtSundanceBayW/University_of_London_Computer_Science_BSc/CM3070_Computer_Science_Final_Project/multimodal-mammography-xai/results/resnet50v2_finetuned/gradcam_roi_alignment/heatmaps/8248b470-93f8-4957-ae9e-720e7837050e.npy
510eb901-549e-4d80-b25a-55389598eb3a,P_01044,MALIGNANT,1,1,0.7461798,0.7461797595024109,4.0497589059995676e-08,TP,mass,mass,1,0.00331878662109375,medium,0,399,80,0.005584301178131143,0.10839064419269562,0.06427085399627686,1.68646626874309,/Users/gibionmakiwa/MyDocuments/610MtSundanceBayW/University_of_London_Computer_Science_BSc/CM3070_Computer_Science_Final_Project/multimodal-mammography-xai/data/processed/cbis_ddsm/model_input/full_mammograms_v4/test/P_01044_LEFT_MLO_510eb901.jpg,0.01529407354650073,0.01315414298477389,0.009778646990843631,/Users/gibionmakiwa/MyDocuments/610MtSundanceBayW/University_of_London_Computer_Science_BSc/CM3070_Computer_Science_Final_Project/multimodal-mammography-xai/results/resnet50v2_finetuned/gradcam_roi_alignment/heatmaps/510eb901-549e-4d80-b25a-55389598eb3a.npy
22e7aba0-1bce-4729-8b8e-b4cfbcaae21d,P_01251,BENIGN,0,1,0.74148893,0.7414891123771667,1.8237716670199688e-07,FP,mass,mass,1,0.001873016357421875,medium,0,143,143,0.006109406660348761,0.4203539788722992,0.12832476198673248,3.2757040777423683,/Users/gibionmakiwa/MyDocuments/610MtSundanceBayW/University_of_London_Computer_Science_BSc/CM3070_Computer_Science_Final_Project/multimodal-mammography-xai/data/processed/cbis_ddsm/model_input/full_mammograms_v4/test/P_01251_LEFT_CC_22e7aba0.jpg,0.012895395585223395,0.00936343872764026,0.00624340373586969,/Users/gibionmakiwa/MyDocuments/610MtSundanceBayW/University_of_London_Computer_Science_BSc/CM3070_Computer_Science_Final_Project/multimodal-mammography-xai/results/resnet50v2_finetuned/gradcam_roi_alignment/heatmaps/22e7aba0-1bce-4729-8b8e-b4cfbcaae21d.npy
293b5160-92ff-4a31-978e-f2c049fccc69,P_01251,BENIGN,0,1,0.7713672,0.7713671922683716,7.731628448581773e-09,FP,mass,mass,1,0.00188446044921875,medium,0,111,144,0.005374768036469866,0.21810920536518097,0.07620438188314438,2.862160565491298,/Users/gibionmakiwa/MyDocuments/610MtSundanceBayW/University_of_London_Computer_Science_BSc/CM3070_Computer_Science_Final_Project/multimodal-mammography-xai/data/processed/cbis_ddsm/model_input/full_mammograms_v4/test/P_01251_LEFT_MLO_293b5160.jpg,0.007886792452830188,0.008864234244538489,0.0062815508055389544,/Users/gibionmakiwa/MyDocuments/610MtSundanceBayW/University_of_London_Computer_Science_BSc/CM3070_Computer_Science_Final_Project/multimodal-mammography-xai/results/resnet50v2_finetuned/gradcam_roi_alignment/heatmaps/293b5160-92ff-4a31-978e-f2c049fccc69.npy
505f74da-843f-4204-9b04-88010fa9c1d1,P_01257,BENIGN,0,0,0.21360162,0.21360161900520325,9.94796744979709e-10,TN,mass,mass,1,0.001373291015625,medium,0,367,79,0.001002345348118396,0.04457397386431694,0.061092495918273926,0.7296144296969167,/Users/gibionmakiwa/MyDocuments/610MtSundanceBayW/University_of_London_Computer_Science_BSc/CM3070_Computer_Science_Final_Project/multimodal-mammography-xai/data/processed/cbis_ddsm/model_input/full_mammograms_v4/test/P_01257_RIGHT_CC_505f74da.jpg,0.0,3.7888116392293556e-05,0.0008361098090882603,/Users/gibionmakiwa/MyDocuments/610MtSundanceBayW/University_of_London_Computer_Science_BSc/CM3070_Computer_Science_Final_Project/multimodal-mammography-xai/results/resnet50v2_finetuned/gradcam_roi_alignment/heatmaps/505f74da-843f-4204-9b04-88010fa9c1d1.npy
e09b9bcc-f576-4ce6-9144-39e140ccf924,P_01257,BENIGN,0,0,0.44962364,0.44962364435195923,4.3519592374252625e-09,TN,mass,mass,1,0.001270294189453125,small,0,272,47,0.0004994303294273309,0.033739931881427765,0.08588328212499619,0.3928579243599794,/Users/gibionmakiwa/MyDocuments/610MtSundanceBayW/University_of_London_Computer_Science_BSc/CM3070_Computer_Science_Final_Project/multimodal-mammography-xai/data/processed/cbis_ddsm/model_input/full_mammograms_v4/test/P_01257_RIGHT_MLO_e09b9bcc.jpg,0.0,3.7907505686125855e-05,0.0003039821663795724,/Users/gibionmakiwa/MyDocuments/610MtSundanceBayW/University_of_London_Computer_Science_BSc/CM3070_Computer_Science_Final_Project/multimodal-mammography-xai/results/resnet50v2_finetuned/gradcam_roi_alignment/heatmaps/e09b9bcc-f576-4ce6-9144-39e140ccf924.npy
8e3e9a65-fdb3-4586-9938-d3ca8d05cf76,P_01331,BENIGN,0,0,0.14244618,0.142446368932724,1.889327239934513e-07,TN,mass,mass,1,0.00164794921875,medium,0,368,79,0.0002550043079353268,0.003300464479252696,0.021358799189329147,0.15452474199271402,/Users/gibionmakiwa/MyDocuments/610MtSundanceBayW/University_of_London_Computer_Science_BSc/CM3070_Computer_Science_Final_Project/multimodal-mammography-xai/data/processed/cbis_ddsm/model_input/full_mammograms_v4/test/P_01331_LEFT_CC_8e3e9a65.jpg,0.0,0.0019333194336511306,0.0041397351077474,/Users/gibionmakiwa/MyDocuments/610MtSundanceBayW/University_of_London_Computer_Science_BSc/CM3070_Computer_Science_Final_Project/multimodal-mammography-xai/results/resnet50v2_finetuned/gradcam_roi_alignment/heatmaps/8e3e9a65-fdb3-4586-9938-d3ca8d05cf76.npy
951504f3-fc12-4e21-b562-c633189bb69c,P_01331,BENIGN,0,0,0.22657122,0.2265714854001999,2.6540019990028973e-07,TN,mass,mass,1,0.00225067138671875,medium,0,240,272,0.0036020878692326523,0.07014424353837967,0.04376845434308052,1.602620621746099,/Users/gibionmakiwa/MyDocuments/610MtSundanceBayW/University_of_London_Computer_Science_BSc/CM3070_Computer_Science_Final_Project/multimodal-mammography-xai/data/processed/cbis_ddsm/model_input/full_mammograms_v4/test/P_01331_LEFT_MLO_951504f3.jpg,0.007138831486004133,0.008445078459343794,0.007271710250314641,/Users/gibionmakiwa/MyDocuments/610MtSundanceBayW/University_of_London_Computer_Science_BSc/CM3070_Computer_Science_Final_Project/multimodal-mammography-xai/results/resnet50v2_finetuned/gradcam_roi_alignment/heatmaps/951504f3-fc12-4e21-b562-c633189bb69c.npy
3d6d7e7a-e230-423c-8e2c-a5f241f3f14c,P_01365,BENIGN,0,1,0.8121698,0.8121694922447205,3.077552795938132e-07,FP,mass,mass,1,0.008098602294921875,large,1,304,303,0.08880182263648356,0.5841121673583984,0.04893603175878525,11.936236490838281,/Users/gibionmakiwa/MyDocuments/610MtSundanceBayW/University_of_London_Computer_Science_BSc/CM3070_Computer_Science_Final_Project/multimodal-mammography-xai/data/processed/cbis_ddsm/model_input/full_mammograms_v4/test/P_01365_LEFT_CC_3d6d7e7a.jpg,0.08098416936868205,0.04049285700661848,0.026995409635949798,/Users/gibionmakiwa/MyDocuments/610MtSundanceBayW/University_of_London_Computer_Science_BSc/CM3070_Computer_Science_Final_Project/multimodal-mammography-xai/results/resnet50v2_finetuned/gradcam_roi_alignment/heatmaps/3d6d7e7a-e230-423c-8e2c-a5f241f3f14c.npy
8e1a2572-a7ea-4949-8d9b-af5e6349ede9,P_01539,BENIGN,0,0,0.46657124,0.4665708541870117,3.8581298827944366e-07,TN,mass,mass,1,0.002048492431640625,medium,0,304,111,0.0023962264424733917,0.07732795923948288,0.06608328968286514,1.1701588693449185,/Users/gibionmakiwa/MyDocuments/610MtSundanceBayW/University_of_London_Computer_Science_BSc/CM3070_Computer_Science_Final_Project/multimodal-mammography-xai/data/processed/cbis_ddsm/model_input/full_mammograms_v4/test/P_01539_RIGHT_CC_8e1a2572.jpg,0.0,0.005849063769987466,0.006150249059672664,/Users/gibionmakiwa/MyDocuments/610MtSundanceBayW/University_of_London_Computer_Science_BSc/CM3070_Computer_Science_Final_Project/multimodal-mammography-xai/results/resnet50v2_finetuned/gradcam_roi_alignment/heatmaps/8e1a2572-a7ea-4949-8d9b-af5e6349ede9.npy
955f1fa1-320b-41b0-b680-42447e4f8330,P_01539,BENIGN,0,0,0.43371338,0.43371322751045227,1.524895477111876e-07,TN,mass,mass,1,0.002933502197265625,medium,0,304,335,0.0070303791681312795,0.13359931111335754,0.055516716092824936,2.4064695545983232,/Users/gibionmakiwa/MyDocuments/610MtSundanceBayW/University_of_London_Computer_Science_BSc/CM3070_Computer_Science_Final_Project/multimodal-mammography-xai/data/processed/cbis_ddsm/model_input/full_mammograms_v4/test/P_01539_RIGHT_MLO_955f1fa1.jpg,0.018379439181794164,0.014666615807140678,0.009778365525221572,/Users/gibionmakiwa/MyDocuments/610MtSundanceBayW/University_of_London_Computer_Science_BSc/CM3070_Computer_Science_Final_Project/multimodal-mammography-xai/results/resnet50v2_finetuned/gradcam_roi_alignment/heatmaps/955f1fa1-320b-41b0-b680-42447e4f8330.npy
55d05287-0808-4667-b9fc-196c651f0d95,P_01595,BENIGN,0,0,0.20622405,0.20622383058071136,2.1941928862734272e-07,TN,mass,mass,1,0.004119873046875,medium,0,240,303,0.019170508547292082,0.1938604861497879,0.04103230684995651,4.724580550951593,/Users/gibionmakiwa/MyDocuments/610MtSundanceBayW/University_of_London_Computer_Science_BSc/CM3070_Computer_Science_Final_Project/multimodal-mammography-xai/data/processed/cbis_ddsm/model_input/full_mammograms_v4/test/P_01595_LEFT_CC_55d05287.jpg,0.022093240966111215,0.017281368821292775,0.013732945080935366,/Users/gibionmakiwa/MyDocuments/610MtSundanceBayW/University_of_London_Computer_Science_BSc/CM3070_Computer_Science_Final_Project/multimodal-mammography-xai/results/resnet50v2_finetuned/gradcam_roi_alignment/heatmaps/55d05287-0808-4667-b9fc-196c651f0d95.npy
d027cb47-4875-4a17-b669-2e38cd50e488,P_01595,BENIGN,0,1,0.6336777,0.6336780786514282,3.7865142821225106e-07,FP,mass,mass,1,0.003475189208984375,medium,0,239,80,0.0013483363322334683,0.03299008309841156,0.08520980924367905,0.3871629278319212,/Users/gibionmakiwa/MyDocuments/610MtSundanceBayW/University_of_London_Computer_Science_BSc/CM3070_Computer_Science_Final_Project/multimodal-mammography-xai/data/processed/cbis_ddsm/model_input/full_mammograms_v4/test/P_01595_LEFT_MLO_d027cb47.jpg,0.0,0.0,0.001485472581700992,/Users/gibionmakiwa/MyDocuments/610MtSundanceBayW/University_of_London_Computer_Science_BSc/CM3070_Computer_Science_Final_Project/multimodal-mammography-xai/results/resnet50v2_finetuned/gradcam_roi_alignment/heatmaps/d027cb47-4875-4a17-b669-2e38cd50e488.npy
6c37715f-8426-4aab-8242-4f84dd47bc66,P_01599,BENIGN,0,1,0.76763713,0.7676371335983276,3.5983276358564353e-09,FP,mass,mass,1,0.001041412353515625,small,0,112,47,0.0025956254656861804,0.17428484559059143,0.069817453622818,2.4962929981551354,/Users/gibionmakiwa/MyDocuments/610MtSundanceBayW/University_of_London_Computer_Science_BSc/CM3070_Computer_Science_Final_Project/multimodal-mammography-xai/data/processed/cbis_ddsm/model_input/full_mammograms_v4/test/P_01599_LEFT_CC_6c37715f.jpg,0.005504308544964507,0.003924108503505029,0.002858776443682104,/Users/gibionmakiwa/MyDocuments/610MtSundanceBayW/University_of_London_Computer_Science_BSc/CM3070_Computer_Science_Final_Project/multimodal-mammography-xai/results/resnet50v2_finetuned/gradcam_roi_alignment/heatmaps/6c37715f-8426-4aab-8242-4f84dd47bc66.npy
7ee45284-9b84-400b-ac46-880d821c0f81,P_01599,BENIGN,0,1,0.62716436,0.6271642446517944,1.1534820554270908e-07,FP,mass,mass,1,0.001201629638671875,small,0,143,47,0.0022091072319422836,0.0649617537856102,0.0352998785674572,1.8402821204795001,/Users/gibionmakiwa/MyDocuments/610MtSundanceBayW/University_of_London_Computer_Science_BSc/CM3070_Computer_Science_Final_Project/multimodal-mammography-xai/data/processed/cbis_ddsm/model_input/full_mammograms_v4/test/P_01599_LEFT_MLO_7ee45284.jpg,0.0030245746691871457,0.006008010680907877,0.004005442315272815,/Users/gibionmakiwa/MyDocuments/610MtSundanceBayW/University_of_London_Computer_Science_BSc/CM3070_Computer_Science_Final_Project/multimodal-mammography-xai/results/resnet50v2_finetuned/gradcam_roi_alignment/heatmaps/7ee45284-9b84-400b-ac46-880d821c0f81.npy
659b5502-a2e1-4896-9d78-568a9c92166c,P_01623,MALIGNANT,1,0,0.37850758,0.3785078823566437,3.023566436666236e-07,FN,mass,mass,1,0.003753662109375,medium,0,143,48,0.00025742766986940004,0.007144224364310503,0.10453855246305466,0.06834056443846134,/Users/gibionmakiwa/MyDocuments/610MtSundanceBayW/University_of_London_Computer_Science_BSc/CM3070_Computer_Science_Final_Project/multimodal-mammography-xai/data/processed/cbis_ddsm/model_input/full_mammograms_v4/test/P_01623_RIGHT_CC_659b5502.jpg,0.0,0.0,0.0001758506776531471,/Users/gibionmakiwa/MyDocuments/610MtSundanceBayW/University_of_London_Computer_Science_BSc/CM3070_Computer_Science_Final_Project/multimodal-mammography-xai/results/resnet50v2_finetuned/gradcam_roi_alignment/heatmaps/659b5502-a2e1-4896-9d78-568a9c92166c.npy
7e71b99f-ffd3-447e-a924-b976e4b812fc,P_01623,BENIGN,0,1,0.5627823,0.5627824664115906,1.66411590618587e-07,FP,mass,mass,1,0.004734039306640625,medium,1,335,304,0.02760498352442549,0.6948283910751343,0.11641945689916611,5.96831792467271,/Users/gibionmakiwa/MyDocuments/610MtSundanceBayW/University_of_London_Computer_Science_BSc/CM3070_Computer_Science_Final_Project/multimodal-mammography-xai/data/processed/cbis_ddsm/model_input/full_mammograms_v4/test/P_01623_RIGHT_MLO_7e71b99f.jpg,0.04602255409935995,0.02367010623891358,0.015780171153185914,/Users/gibionmakiwa/MyDocuments/610MtSundanceBayW/University_of_London_Computer_Science_BSc/CM3070_Computer_Science_Final_Project/multimodal-mammography-xai/results/resnet50v2_finetuned/gradcam_roi_alignment/heatmaps/7e71b99f-ffd3-447e-a924-b976e4b812fc.npy
ff28f26a-1fee-4408-90c0-9d5071b33de9,P_01697,BENIGN,0,0,0.14785933,0.14785932004451752,9.955482493939627e-09,TN,mass,mass,1,0.001834869384765625,medium,0,367,0,0.0,0.0,0.02778712287545204,0.0,/Users/gibionmakiwa/MyDocuments/610MtSundanceBayW/University_of_London_Computer_Science_BSc/CM3070_Computer_Science_Final_Project/multimodal-mammography-xai/data/processed/cbis_ddsm/model_input/full_mammograms_v4/test/P_01697_LEFT_CC_ff28f26a.jpg,0.0,0.0,0.0,/Users/gibionmakiwa/MyDocuments/610MtSundanceBayW/University_of_London_Computer_Science_BSc/CM3070_Computer_Science_Final_Project/multimodal-mammography-xai/results/resnet50v2_finetuned/gradcam_roi_alignment/heatmaps/ff28f26a-1fee-4408-90c0-9d5071b33de9.npy
7bbc2e6c-b874-4c82-8d96-95b38b35a546,P_01697,BENIGN,0,0,0.22753024,0.22753024101257324,1.0125732474719484e-09,TN,mass,mass,1,0.00151824951171875,medium,0,336,47,1.2728407383955704e-05,0.0002270788827445358,0.027126900851726532,0.008370982010658359,/Users/gibionmakiwa/MyDocuments/610MtSundanceBayW/University_of_London_Computer_Science_BSc/CM3070_Computer_Science_Final_Project/multimodal-mammography-xai/data/processed/cbis_ddsm/model_input/full_mammograms_v4/test/P_01697_LEFT_MLO_7bbc2e6c.jpg,0.0,0.0,0.0,/Users/gibionmakiwa/MyDocuments/610MtSundanceBayW/University_of_London_Computer_Science_BSc/CM3070_Computer_Science_Final_Project/multimodal-mammography-xai/results/resnet50v2_finetuned/gradcam_roi_alignment/heatmaps/7bbc2e6c-b874-4c82-8d96-95b38b35a546.npy
6c046ec0-a900-4d85-a4cd-cc94584d5c96,P_01741,MALIGNANT,1,1,0.97810006,0.978100061416626,1.416625927674886e-09,TP,mass,mass,1,0.005573272705078125,large,0,208,335,0.14387440078978705,0.8504084944725037,0.02836083620786667,29.985300446945732,/Users/gibionmakiwa/MyDocuments/610MtSundanceBayW/University_of_London_Computer_Science_BSc/CM3070_Computer_Science_Final_Project/multimodal-mammography-xai/data/processed/cbis_ddsm/model_input/full_mammograms_v4/test/P_01741_LEFT_CC_6c046ec0.jpg,0.05573145145908831,0.02786625722405539,0.01857762292893201,/Users/gibionmakiwa/MyDocuments/610MtSundanceBayW/University_of_London_Computer_Science_BSc/CM3070_Computer_Science_Final_Project/multimodal-mammography-xai/results/resnet50v2_finetuned/gradcam_roi_alignment/heatmaps/6c046ec0-a900-4d85-a4cd-cc94584d5c96.npy
b2e15306-e355-4ac8-861c-64b3e8eb67bb,P_01741,MALIGNANT,1,1,0.7478695,0.7478694319725037,6.802749630274718e-08,TP,mass,mass,1,0.0035247802734375,medium,0,272,47,0.023373811808839472,0.3071867525577545,0.04540114849805832,6.766055376558112,/Users/gibionmakiwa/MyDocuments/610MtSundanceBayW/University_of_London_Computer_Science_BSc/CM3070_Computer_Science_Final_Project/multimodal-mammography-xai/data/processed/cbis_ddsm/model_input/full_mammograms_v4/test/P_01741_LEFT_MLO_b2e15306.jpg,0.035246995994659545,0.01761946531406125,0.01174929745813359,/Users/gibionmakiwa/MyDocuments/610MtSundanceBayW/University_of_London_Computer_Science_BSc/CM3070_Computer_Science_Final_Project/multimodal-mammography-xai/results/resnet50v2_finetuned/gradcam_roi_alignment/heatmaps/b2e15306-e355-4ac8-861c-64b3e8eb67bb.npy
f436a17f-12e1-416e-a853-f6e07acb96af,P_01778,MALIGNANT,1,1,0.8103428,0.8103429079055786,1.0790557858353367e-07,TP,mass,mass,1,0.00144195556640625,medium,0,144,175,0.007231499315728837,0.24625827372074127,0.04881901666522026,5.044309371620082,/Users/gibionmakiwa/MyDocuments/610MtSundanceBayW/University_of_London_Computer_Science_BSc/CM3070_Computer_Science_Final_Project/multimodal-mammography-xai/data/processed/cbis_ddsm/model_input/full_mammograms_v4/test/P_01778_RIGHT_CC_f436a17f.jpg,0.014419225634178905,0.0072097503290163845,0.004806530778327378,/Users/gibionmakiwa/MyDocuments/610MtSundanceBayW/University_of_London_Computer_Science_BSc/CM3070_Computer_Science_Final_Project/multimodal-mammography-xai/results/resnet50v2_finetuned/gradcam_roi_alignment/heatmaps/f436a17f-12e1-416e-a853-f6e07acb96af.npy
