image_id,patient_id,abnormality_id,abnormality_type,pathology,predicted_probability,pointing_game_hit,gradcam_peak_x,gradcam_peak_y,energy_inside_roi,inside_mean_activation,outside_mean_activation,inside_outside_ratio,roi_foreground_fraction_512,iou_top_10_percent,iou_top_20_percent,iou_top_30_percent
6ab0591c-34da-4eb8-a484-d097ea0a4789,P_00005,1,calcification,MALIGNANT,0.5071081,0,239,143,0.0,0.0,0.047579918056726456,0.0,0.0110244750976562,0.0,0.0,0.0
8970edd3-807a-4f63-b7b5-5070195f86b8,P_00005,1,calcification,MALIGNANT,0.19423117,0,272,0,0.0,0.0,0.07204993069171906,0.0,0.008209228515625,0.0,0.0,0.0
4cfb0584-1104-4c08-aab0-e9a96d532f6c,P_00014,1,calcification,MALIGNANT,0.450805,0,400,272,0.0,0.0,0.07290760427713394,0.0,0.0028114318847656,0.0,0.0,0.0
3611aaec-343a-4139-b266-8fdee4968c8c,P_00014,1,calcification,MALIGNANT,0.53293926,0,400,80,0.0006658941283965086,0.0346471332013607,0.08821694552898407,0.3927491375507426,0.0016937255859375,0.0,0.0,0.0
271fa1f1-f4a8-430a-948b-d05b82b35f15,P_00043,1,calcification,MALIGNANT,0.8119294,0,144,239,0.0,0.0,0.06671354174613953,0.0,0.0181236267089843,0.0,0.0,0.0
c4c621e8-d6fc-4686-882d-238331b7f536,P_00047,1,calcification,MALIGNANT,0.6578604,0,367,400,0.0,0.0,0.08370483666658401,0.0,0.0002365112304687,0.0,0.0,0.0
c4c621e8-d6fc-4686-882d-238331b7f536,P_00047,2,calcification,MALIGNANT,0.6578604,0,367,400,0.0,0.0,0.08371122926473618,0.0,0.0003128051757812,0.0,0.0,0.0
c4c621e8-d6fc-4686-882d-238331b7f536,P_00047,3,calcification,MALIGNANT,0.6578604,0,367,400,0.0,0.0,0.08371378481388092,0.0,0.0003433227539062,0.0,0.0,0.0
38da94ed-0bbb-44d2-95a7-025b322f1f23,P_00047,1,calcification,MALIGNANT,0.8563191,0,367,79,0.0003530861258873177,0.13549333810806274,0.15371182560920715,0.8814762869174068,0.0004005432128906,0.0,0.0,0.0
38da94ed-0bbb-44d2-95a7-025b322f1f23,P_00047,2,calcification,MALIGNANT,0.8563191,0,367,79,0.00010170797046677628,0.051874566823244095,0.1537352353334427,0.3374279379509313,0.0003013610839843,0.0,0.0,0.0
38da94ed-0bbb-44d2-95a7-025b322f1f23,P_00047,3,calcification,MALIGNANT,0.8563191,0,367,79,0.0005167341406523268,0.206144779920578,0.1536843329668045,1.3413518640939555,0.0003852844238281,0.0,0.0001142334932602239,0.0007625438462711606
1ff3a1d1-ec57-490f-b135-b00cdc4d854c,P_00071,1,calcification,BENIGN,0.11101018,0,175,240,0.04567230594083184,0.1746833771467209,0.00910092145204544,19.194010862202536,0.0024871826171875,0.01950442074906083,0.00983506762797953,0.0024871826171875
9cbd4b6f-f40b-4dfa-a0bd-f98f29d970da,P_00071,1,calcification,BENIGN,0.70605093,0,431,79,0.0,0.0,0.06616099178791046,0.0,0.0028152465820312,0.0,0.0,0.0
2310fa87-537b-481f-a107-0dbf43d2387d,P_00088,1,calcification,MALIGNANT,0.8378818,0,144,48,0.0004798737492047929,0.057483818382024765,0.07861106842756271,0.731243223370788,0.0006561279296875,0.0,0.0,0.0006856185167786087
988f9991-aa6f-4db1-9ad5-228ddab6fa97,P_00088,1,calcification,MALIGNANT,0.42005396,0,175,48,3.079874380904901e-05,0.0015501485904678702,0.03362134471535683,0.04610607167949206,0.0006675720214843,0.0,0.0,0.0
1303e1d5-07d5-4caf-a908-c6110b643286,P_00112,1,calcification,BENIGN_WITHOUT_CALLBACK,0.86560327,0,367,79,0.002223402089137986,0.1358182728290558,0.0786883682012558,1.7260270948993615,0.0012893676757812,0.0,0.006254886630179828,0.004297520661157025
1303e1d5-07d5-4caf-a908-c6110b643286,P_00112,2,calcification,BENIGN_WITHOUT_CALLBACK,0.86560327,0,367,79,0.0014389034526459566,0.1539328247308731,0.07870664447546005,1.9557790349082598,0.0007362365722656,0.0,0.003681168818783498,0.0024539097266369995
1303e1d5-07d5-4caf-a908-c6110b643286,P_00112,3,calcification,BENIGN_WITHOUT_CALLBACK,0.86560327,0,367,79,0.0008443799907120834,0.13836437463760376,0.07873337715864182,1.7573786627369408,0.0004806518554687,0.0,0.002403250109672128,0.0016020343293070567
1303e1d5-07d5-4caf-a908-c6110b643286,P_00112,4,calcification,BENIGN_WITHOUT_CALLBACK,0.86560327,0,367,79,0.00044078971964570075,0.06947315484285355,0.07876668870449066,0.8820117636705362,0.0004997253417968,0.0,0.0,0.0011691596029940652
65af4185-7d29-45ff-99e7-f141afa1c4bb,P_00112,1,calcification,BENIGN_WITHOUT_CALLBACK,0.35921666,0,239,240,0.0027001206665260564,0.13717691600322723,0.05630657449364662,2.4362499916631535,0.0011100769042968,0.0,0.0055503633485284865,0.003700265757918696
65af4185-7d29-45ff-99e7-f141afa1c4bb,P_00112,2,calcification,BENIGN_WITHOUT_CALLBACK,0.35921666,0,239,240,0.01466475695726564,0.6159182190895081,0.05564402788877487,11.068898707901964,0.0013427734375,0.013427427045584589,0.006713841576226898,0.004475922841193749
65af4185-7d29-45ff-99e7-f141afa1c4bb,P_00112,3,calcification,BENIGN_WITHOUT_CALLBACK,0.35921666,0,239,240,0.0015775368704627282,0.15974141657352448,0.056338753551244736,2.835373133956455,0.0005569458007812,0.0,0.0027847183810486564,0.0018564907239042253
65af4185-7d29-45ff-99e7-f141afa1c4bb,P_00112,4,calcification,BENIGN_WITHOUT_CALLBACK,0.35921666,0,239,240,0.002118617324578642,0.15204641222953796,0.05632111802697182,2.699633646483855,0.0007858276367187,0.0005301624569243004,0.003929123195178241,0.0026194321172895237
65af4185-7d29-45ff-99e7-f141afa1c4bb,P_00112,5,calcification,BENIGN_WITHOUT_CALLBACK,0.35921666,0,239,240,0.0019375211873111555,0.16949255764484406,0.05632338300347328,3.0092746300705286,0.0006446838378906,0.0017845616433154877,0.003223406893131664,0.0021489515913685896
65af4185-7d29-45ff-99e7-f141afa1c4bb,P_00112,6,calcification,BENIGN_WITHOUT_CALLBACK,0.35921666,0,239,240,0.00020542323095385407,0.012814217247068882,0.056435778737068176,0.22705835310940276,0.0009040832519531,0.0,0.0,0.0
fa6a85f2-da51-4377-8962-2ca679286f5f,P_00112,1,calcification,BENIGN_WITHOUT_CALLBACK,0.76467836,0,176,239,4.232061309454606e-05,0.007144217379391193,0.09922481328248978,0.07200030338226801,0.0005874633789062,0.0,0.0,0.0
fa6a85f2-da51-4377-8962-2ca679286f5f,P_00112,2,calcification,BENIGN_WITHOUT_CALLBACK,0.76467836,0,176,239,0.0024019513632876975,0.35278844833374023,0.09899935126304626,3.5635426717184937,0.0006752014160156,0.006751859622353615,0.0033759942016822753,0.0022506771104866294
fa6a85f2-da51-4377-8962-2ca679286f5f,P_00112,3,calcification,BENIGN_WITHOUT_CALLBACK,0.76467836,0,176,239,0.0010823654588267733,0.19815681874752045,0.09911707043647766,1.9992196892291998,0.0005416870117187,0.0007593879333257394,0.0023451799877974373,0.0018056279643452057
fa6a85f2-da51-4377-8962-2ca679286f5f,P_00112,4,calcification,BENIGN_WITHOUT_CALLBACK,0.76467836,0,176,239,0.0023645800542730646,0.3573954403400421,0.09900118410587311,3.610011410143589,0.0006561279296875,0.006561129124547015,0.003280627133838143,0.0021870986610378544
fa6a85f2-da51-4377-8962-2ca679286f5f,P_00112,5,calcification,BENIGN_WITHOUT_CALLBACK,0.76467836,0,176,239,0.0008998892765432025,0.1933424174785614,0.09912721067667007,1.950447275317033,0.0004615783691406,0.0,0.002307883041827996,0.0015385984766603511
fa6a85f2-da51-4377-8962-2ca679286f5f,P_00112,6,calcification,BENIGN_WITHOUT_CALLBACK,0.76467836,0,176,239,0.00016329738479604777,0.01489559281617403,0.09926243871450424,0.15006271766492785,0.0010871887207031,0.0,0.0,0.0
c2dd4094-0867-423d-8fd5-c7577d786f23,P_00112,1,calcification,BENIGN_WITHOUT_CALLBACK,0.84330374,0,207,303,0.004068693018766434,0.5414658784866333,0.10879287123680115,4.97703408836159,0.0008201599121093,0.008201411405683768,0.004100783917297679,0.002733873326297318
c2dd4094-0867-423d-8fd5-c7577d786f23,P_00112,2,calcification,BENIGN_WITHOUT_CALLBACK,0.84330374,0,207,303,0.001074174553386757,0.19957619905471802,0.10909456759691238,1.8293869727615726,0.0005874633789062,0.0007210626185958255,0.0019435605266667937,0.0018435640543152114
c2dd4094-0867-423d-8fd5-c7577d786f23,P_00112,3,calcification,BENIGN_WITHOUT_CALLBACK,0.84330374,0,207,303,0.0014529035982991981,0.337976336479187,0.10904031991958618,3.0995535021623097,0.0004692077636718,0.0036965054685415954,0.002346029868965649,0.001564029856439861
c2dd4094-0867-423d-8fd5-c7577d786f23,P_00112,4,calcification,BENIGN_WITHOUT_CALLBACK,0.84330374,0,207,303,0.004238442144337441,0.6187351942062378,0.10876642912626266,5.688659104560484,0.0007476806640625,0.007476635514018692,0.003738389059489977,0.0024922752183919737
c2dd4094-0867-423d-8fd5-c7577d786f23,P_00112,5,calcification,BENIGN_WITHOUT_CALLBACK,0.84330374,0,207,303,0.0015584717753468363,0.2322481870651245,0.10905750840902328,2.129593543418723,0.000732421875,0.0017830045523520486,0.0031454933658685374,0.002441412458832954
c2dd4094-0867-423d-8fd5-c7577d786f23,P_00112,6,calcification,BENIGN_WITHOUT_CALLBACK,0.84330374,0,207,303,0.00017149105875449502,0.01674667000770569,0.10925111174583435,0.15328602343018255,0.0011177062988281,0.0,0.0,0.0
c2dd4094-0867-423d-8fd5-c7577d786f23,P_00112,7,calcification,BENIGN_WITHOUT_CALLBACK,0.84330374,0,207,303,0.0006597885075131949,0.16135168075561523,0.10912442207336426,1.4786027078440018,0.0004463195800781,0.0,0.0007618176970251019,0.0014877357171013312
53264962-00c8-49aa-b462-e635fadb8da5,P_00136,1,calcification,MALIGNANT,0.669347,0,368,111,0.0,0.0,0.029643993824720383,0.0,0.0050048828125,0.0,0.0,0.0
0026c10a-140b-40a5-8af1-a44930cd296b,P_00136,1,calcification,MALIGNANT,0.6864877,0,368,80,7.052797131217553e-05,0.0010992087190970778,0.04345954954624176,0.025292679690586826,0.0027809143066406,0.0,0.0,0.0
0026c10a-140b-40a5-8af1-a44930cd296b,P_00136,2,calcification,MALIGNANT,0.6864877,0,368,80,8.762352236285646e-05,0.0009330449975095689,0.04351507127285004,0.02144187647632213,0.0040702819824218,0.0,0.0,0.0
9644f5fb-9429-4752-84c6-a45305da8b40,P_00183,1,calcification,BENIGN,0.06554496,0,368,79,0.0,0.0,0.03908215090632439,0.0,0.0035858154296875,0.0,0.0,0.0
479ad26f-4902-4bcb-89bd-20446cc91e33,P_00201,1,calcification,MALIGNANT,0.080422245,0,367,0,0.0097526913911036,0.01832164265215397,0.04756869375705719,0.38516169676866185,0.024932861328125,0.0,0.011666809642275029,0.02187005134603388
d9aa5ece-6df8-4595-a335-eb89e4d52921,P_00208,1,calcification,BENIGN,0.2384427,0,208,336,0.00015192653983252637,0.0013954380992799997,0.03629642352461815,0.0384455981972317,0.003936767578125,0.0,0.0,0.0004394721311887093
d9aa5ece-6df8-4595-a335-eb89e4d52921,P_00208,2,calcification,BENIGN,0.2384427,1,208,336,0.08166782381126445,0.2906942367553711,0.03354678303003311,8.665336102175969,0.0101585388183593,0.060287854310471435,0.03451383933601232,0.02453377016129032
cc7da04a-3c87-46f7-bbbc-75d1c1cef6e6,P_00208,1,calcification,BENIGN,0.045419723,0,304,496,0.0,0.0,0.04083018749952316,0.0,0.0045089721679687,0.0,0.0,0.0
cc7da04a-3c87-46f7-bbbc-75d1c1cef6e6,P_00208,2,calcification,BENIGN,0.045419723,0,304,496,0.0,0.0,0.04084271192550659,0.0,0.0048141479492187,0.0,0.0,0.0
6edea915-254e-4f75-b1a2-2d96f66ab47b,P_00220,1,calcification,BENIGN,0.31776175,0,335,79,0.0,0.0,0.10056321322917938,0.0,0.0081405639648437,0.0,0.0,0.0
3ba676d3-5faa-4073-b246-f09fa020d2b8,P_00220,1,calcification,BENIGN,0.23359182,0,144,0,0.0004285029379519036,0.004135101102292538,0.06945311278104782,0.05953801552348505,0.0071487426757812,0.0,0.0,0.0
24bd986d-a86d-4717-87f9-8c7fbae3d048,P_00232,1,calcification,MALIGNANT,0.26720044,0,400,496,1.9130807174887234e-05,0.001106609241105616,0.07357138395309448,0.015041297733343697,0.0012702941894531,0.0,0.0,0.0
a20f3828-a179-4c85-9c52-26213f69833c,P_00232,1,calcification,MALIGNANT,0.64374876,0,304,47,0.001348870337841147,0.12151575833559036,0.08622357994318008,1.4093098932167778,0.0009574890136718,0.0020824656393169513,0.003638511067931573,0.002668903461949062
94bdae4d-278f-4857-a83a-cb1f90a49c1b,P_00260,1,calcification,BENIGN,0.5681865,0,207,175,0.0014792809711715038,0.038474809378385544,0.03164190053939819,1.2159445723253506,0.0012168884277343,0.009703565584687393,0.006083954761314439,0.004056305074831835
a8dfe328-98b3-49c9-b3fa-a172a9335012,P_00260,1,calcification,BENIGN,0.3873554,0,271,367,0.00023933251586273619,0.00402434729039669,0.04945976659655571,0.08136606283573344,0.0029335021972656,0.0,0.0,0.0
987b9c7a-2a3a-4968-b57f-3ce6dfebff8e,P_00269,1,calcification,BENIGN,0.3304446,0,335,112,3.180751013217937e-05,0.0014148232294246554,0.06882485747337341,0.02055686093361552,0.0015449523925781,0.0,0.0,0.0
9db8c33b-b64c-4e12-8910-f8f4d4ffd6c1,P_00269,1,calcification,BENIGN,0.2994298,0,175,431,5.699303560059623e-06,0.0003609324339777231,0.08805755525827408,0.004098823683338317,0.0013885498046875,0.0,0.0,0.0
18986dee-6565-439b-b654-3a6a933ade25,P_00276,1,calcification,BENIGN,0.38347232,0,335,239,0.00401318452333618,0.3009072244167328,0.08641756325960159,3.4820142832846783,0.0011558532714843,0.009363580998781974,0.005778583007533136,0.0038528540365957557
be17af6b-73a0-4fb1-b185-f8276331afbd,P_00276,1,calcification,BENIGN,0.22931771,0,143,48,0.006650402797217209,0.1919795125722885,0.03811757639050484,5.036507574364965,0.0013275146484375,0.013274842647339309,0.006637547921951592,0.004425060081634729
583ddcea-8b81-4574-9906-f0e65d54bd74,P_00282,1,calcification,BENIGN,0.5499062,0,431,336,5.7457229996190345e-06,0.00010252615174977109,0.1099233403801918,0.0009327058481675092,0.0061225891113281,0.0,0.0,0.0
ff4f41e9-b47e-4ba1-b26d-e897d0e080c3,P_00282,1,calcification,BENIGN,0.52212536,0,432,304,0.006854994213393064,0.12158763408660889,0.08704598993062973,1.3968204648519944,0.0049171447753906,0.0013835287264253988,0.013279511072546874,0.012386959495402387
a0eddc41-b63b-4e18-bf3a-84df1584b74f,P_00307,1,calcification,MALIGNANT,0.6447755,0,239,272,0.01567450326163442,0.43477773666381836,0.10959060490131378,3.9672898729086903,0.003997802734375,0.038630043049259016,0.019988937420130082,0.013325873556787549
3cdb6e70-2bb2-4d11-a0bc-2010b43a181b,P_00307,1,calcification,MALIGNANT,0.32024062,0,399,47,0.0035689251304464385,0.02822970040142536,0.035243961960077286,0.8009795386684179,0.0044517517089843,0.002232142857142857,0.0075942704612955375,0.007727467865350135
7b1f89f2-47e0-48b3-8d00-4806a2be723e,P_00308,1,calcification,BENIGN,0.7359254,0,207,143,0.0036148100770195942,0.1646055430173874,0.11017252504825592,1.4940705770752178,0.0024223327636718,0.0,0.005095179467752628,0.006002157223526426
14b2159c-be37-4294-ba76-f12991377a99,P_00308,1,calcification,BENIGN,0.22546373,0,400,79,0.0001376152321893432,0.0031373347155749798,0.05395255982875824,0.05814986617936208,0.0023612976074218,0.0,0.0,0.0
e212b36c-93c4-4136-b817-b481aa0476d3,P_00392,1,calcification,MALIGNANT,0.6952498,0,336,112,0.0036274960867781468,0.07356452196836472,0.0569683276116848,1.2913229532833668,0.0028114318847656,0.006234832928878104,0.00865110984632897,0.006976508194225988
662393fe-edeb-4e84-aa5c-fa33758a80a2,P_00392,1,calcification,MALIGNANT,0.32926923,0,144,0,0.001328494621215505,0.06003931164741516,0.05395377427339554,1.1127914835997958,0.0011940002441406,0.0,0.0007399958256645732,0.0028068838508922334
98129de0-bd23-4cb3-a356-aa14484412d8,P_00425,1,calcification,BENIGN,0.05170524,0,208,175,0.001519634235893255,0.025717701762914658,0.04718745872378349,0.5450112595243403,0.0027847290039062,0.0,0.0017525345795801454,0.0028047655746610907
93eeaaa6-453f-4b3d-861c-6492e5d1c938,P_00425,1,calcification,BENIGN,0.032495435,0,80,208,0.0,0.0,0.04879568889737129,0.0,0.0034523010253906,0.0,0.0,0.0
3bcea6d4-c7b5-4607-9e87-2be8c873f276,P_00471,1,calcification,BENIGN_WITHOUT_CALLBACK,0.6200688,0,272,48,0.00031129029887324097,0.03991846367716789,0.06213657185435295,0.6424309559018883,0.0004844665527343,0.0,0.0001332090049287332,0.0009784860152745479
3bcea6d4-c7b5-4607-9e87-2be8c873f276,P_00471,2,calcification,BENIGN_WITHOUT_CALLBACK,0.6200688,0,272,48,0.0007684047664785966,0.10174120962619781,0.062107209116220474,1.6381543252775614,0.0004692077636718,0.0,0.002346029868965649,0.001564029856439861
3bcea6d4-c7b5-4607-9e87-2be8c873f276,P_00471,3,calcification,BENIGN_WITHOUT_CALLBACK,0.6200688,0,272,48,7.906921775973774e-06,0.0005989366909489036,0.06217631697654724,0.009632873475701145,0.0008201599121093,0.0,0.0,0.0
5846e77d-dfdc-44e1-9173-76aa44716b0e,P_00471,1,calcification,BENIGN_WITHOUT_CALLBACK,0.8480379,0,207,176,0.004201905353223734,0.08121001720428467,0.11083304136991501,0.7327238238099133,0.0057258605957031,0.001698651920922332,0.003965225161494499,0.004612916165262736
5846e77d-dfdc-44e1-9173-76aa44716b0e,P_00471,2,calcification,BENIGN_WITHOUT_CALLBACK,0.8480379,0,207,176,4.833586905420382e-05,0.003253391245380044,0.1108403131365776,0.02935205485977527,0.0016441345214843,0.0,0.0,0.0
5846e77d-dfdc-44e1-9173-76aa44716b0e,P_00471,3,calcification,BENIGN_WITHOUT_CALLBACK,0.8480379,0,207,176,0.00024484110982312725,0.021523576229810715,0.11077578365802765,0.19429855132661425,0.0012588500976562,0.0,0.0,8.864574627054681e-05
a1faf574-ea50-4095-98d1-85dffacfcab4,P_00484,1,calcification,MALIGNANT,0.18461502,0,175,47,0.000306243805351909,0.0006468240753747523,0.04852382466197014,0.013330028013669979,0.0224647521972656,0.0,0.0,0.0
3a9ce543-a55a-4b3e-b04b-3b944e607b74,P_00484,1,calcification,MALIGNANT,0.28160706,0,335,47,0.0071348134219250845,0.024236245080828667,0.09266649186611176,0.26154267823604865,0.0267410278320312,0.0,0.009939851157100622,0.013189178958823738
5ed360cf-44ca-48ba-95f2-96c97a365eb1,P_00486,1,calcification,BENIGN,0.3159402,0,399,0,0.07490845287294666,0.04383021220564842,0.022198142483830452,1.9744982037390346,0.0393943786621093,0.10655365521416679,0.10429534216685143,0.08366524159267244
b231d176-ad94-4337-a5f3-458faefe776c,P_00486,1,calcification,BENIGN,0.76775134,0,400,79,7.78117564753145e-05,0.0001026670215651393,0.04138544574379921,0.002480751262006385,0.0304145812988281,0.0,0.0,0.0
3b4aca2f-db27-41a3-8032-36c082de547e,P_00491,1,calcification,BENIGN,0.38616678,0,143,111,4.664765095808002e-09,1.0282418827500805e-07,0.05529903620481491,1.8594206470428255e-06,0.00250244140625,0.0,0.0,0.0
11cc6dc6-aba5-483c-b97d-1eb69c752977,P_00503,1,calcification,BENIGN,0.33487514,0,144,496,0.0,0.0,0.09205751121044159,0.0,0.0022621154785156,0.0,0.0,0.0
4e359560-c8a9-43c5-a34b-7d62e08d1ec3,P_00503,1,calcification,BENIGN,0.8213129,0,399,112,0.0,0.0,0.05350751802325249,0.0,0.0018768310546875,0.0,0.0,0.0
2a96024c-42f9-4913-b040-80c62d6d0db7,P_00510,1,calcification,BENIGN_WITHOUT_CALLBACK,0.17588985,0,368,143,0.0027094457790482213,0.2406056970357895,0.056454744189977646,4.261920904413467,0.0006370544433593,0.006025015253203173,0.003185260065994011,0.00212352021158908
2a96024c-42f9-4913-b040-80c62d6d0db7,P_00510,2,calcification,BENIGN_WITHOUT_CALLBACK,0.17588985,0,368,143,7.636911603580064e-08,1.5951492969179526e-05,0.05658738315105438,0.00028189128498283376,0.0002708435058593,0.0,0.0,0.0
2a96024c-42f9-4913-b040-80c62d6d0db7,P_00510,3,calcification,BENIGN_WITHOUT_CALLBACK,0.17588985,0,368,143,1.475447510727777e-09,1.6702996674666792e-07,0.05660034716129303,2.951040861291486e-06,0.0004997253417968,0.0,0.0,0.0
2a96024c-42f9-4913-b040-80c62d6d0db7,P_00510,5,calcification,BENIGN_WITHOUT_CALLBACK,0.17588985,0,368,143,0.0015461187467432885,0.03919484093785286,0.05661093443632126,0.6923544789460476,0.0022315979003906,0.0,0.005500341400500721,0.004908613538641062
b71531c4-d0d8-4a55-9f94-64fb634690aa,P_00510,1,calcification,BENIGN_WITHOUT_CALLBACK,0.14784397,0,240,335,0.0,0.0,0.07202905416488647,0.0,0.0006523132324218,0.0,0.0,0.0
b71531c4-d0d8-4a55-9f94-64fb634690aa,P_00510,3,calcification,BENIGN_WITHOUT_CALLBACK,0.14784397,0,240,335,1.2547256939760306e-07,9.743314876686782e-06,0.0720488503575325,0.00013523204709050123,0.0009269714355468,0.0,0.0,0.0
2c9ccb77-87cd-4120-8c0a-60591ddc6faa,P_00510,1,calcification,BENIGN_WITHOUT_CALLBACK,0.21274887,0,431,111,0.0,0.0,0.06469739228487015,0.0,0.0009689331054687,0.0,0.0,0.0
2c9ccb77-87cd-4120-8c0a-60591ddc6faa,P_00510,2,calcification,BENIGN_WITHOUT_CALLBACK,0.21274887,0,431,111,0.0,0.0,0.064679354429245,0.0,0.0006904602050781,0.0,0.0,0.0
2c9ccb77-87cd-4120-8c0a-60591ddc6faa,P_00510,3,calcification,BENIGN_WITHOUT_CALLBACK,0.21274887,0,431,111,1.9517726209833933e-05,0.0003303702105768025,0.06488117575645447,0.005091926214433232,0.0038185119628906,0.0,0.0,0.0
69b7e3f4-221d-4ef5-a508-ea85b7667bc0,P_00510,1,calcification,BENIGN_WITHOUT_CALLBACK,0.033870444,0,335,496,0.0009204166619512199,0.055979397147893906,0.03850233182311058,1.4539218784425452,0.0006332397460937,0.0005689145111127967,0.0016378144699003981,0.0016522623284189121
69b7e3f4-221d-4ef5-a508-ea85b7667bc0,P_00510,2,calcification,BENIGN_WITHOUT_CALLBACK,0.033870444,0,335,496,0.0,0.0,0.038533542305231094,0.0,0.0005226135253906,0.0,0.0,0.0
69b7e3f4-221d-4ef5-a508-ea85b7667bc0,P_00510,3,calcification,BENIGN_WITHOUT_CALLBACK,0.033870444,0,335,496,2.8740869799394256e-05,0.00024822025443427265,0.038684796541929245,0.006416479145765781,0.0044593811035156,0.0,0.0,0.0
3eac41cc-a2c8-439c-922c-8183ede7a369,P_00534,1,calcification,MALIGNANT,0.7383969,1,207,304,0.18962309907773262,0.4825485050678253,0.060005176812410355,8.041779897734173,0.0282745361328125,0.22400174716994867,0.1267157462672516,0.08861480075901328
c1a0738b-0b37-45aa-8a89-a5a45e19ed13,P_00534,1,calcification,MALIGNANT,0.91683173,0,207,336,0.1599149808880536,0.2601349353790283,0.038092684000730515,6.828998111134897,0.0271186828613281,0.1920188800686548,0.11814750126767705,0.0818803461936363
b8c884cb-0c6f-4d72-89fe-2b7ed08868d6,P_00538,1,calcification,BENIGN_WITHOUT_CALLBACK,0.56629115,0,367,144,0.0,0.0,0.03810209035873413,0.0,7.2479248046875e-05,0.0,0.0,0.0
b8c884cb-0c6f-4d72-89fe-2b7ed08868d6,P_00538,2,calcification,BENIGN_WITHOUT_CALLBACK,0.56629115,0,367,144,0.0,0.0,0.03810993209481239,0.0,0.0002784729003906,0.0,0.0,0.0
8aab97f4-9ca9-4123-a882-892fe8959bf5,P_00538,1,calcification,BENIGN_WITHOUT_CALLBACK,0.5167336,0,368,80,0.0,0.0,0.059029702097177505,0.0,0.0001296997070312,0.0,0.0,0.0
8aab97f4-9ca9-4123-a882-892fe8959bf5,P_00538,2,calcification,BENIGN_WITHOUT_CALLBACK,0.5167336,0,368,80,2.8332722696568404e-05,0.0035069736186414957,0.05904853343963623,0.059391365381037425,0.0004768371582031,0.0,0.0,0.0
eb46d48b-9fa3-46b0-bd1c-345bf45da435,P_00546,1,calcification,MALIGNANT,0.43649867,0,367,112,8.18786750830254e-05,0.0005722048226743937,0.08302395045757294,0.006892044411285377,0.0117416381835937,0.0,0.0,0.0
6346db0d-788e-4eb2-8a25-9583c52a6745,P_00635,1,calcification,BENIGN_WITHOUT_CALLBACK,0.110020585,0,240,464,5.118654457300284e-05,0.007846430875360966,0.04269704967737198,0.18376981774975276,0.0002784729003906,0.0,0.0,0.0007373693712019121
a1a73296-63f8-4cb3-a1fe-3683a9555294,P_00635,1,calcification,BENIGN_WITHOUT_CALLBACK,0.27525914,0,367,496,0.003027342418816271,0.3028164505958557,0.0807139202952385,3.7517247578974553,0.0008087158203125,0.005019965772960639,0.0040435636765912,0.0026957262566280533
b5fa3bde-c577-4415-9e6d-3f8400963b06,P_00635,1,calcification,BENIGN_WITHOUT_CALLBACK,0.21295841,0,144,0,7.308350805813232e-06,0.0004681932623498142,0.04622083157300949,0.010129483722408336,0.0007209777832031,0.0,0.0,0.0
b5fa3bde-c577-4415-9e6d-3f8400963b06,P_00635,2,calcification,BENIGN_WITHOUT_CALLBACK,0.21295841,0,144,0,0.0028422069926016583,0.2073075920343399,0.04608575627207756,4.498299774608356,0.0006332397460937,0.00587181149197392,0.003165643235821351,0.0021104019934399553
e743dde7-55a0-4263-a901-0b3f9bf2b3e3,P_00635,1,calcification,BENIGN_WITHOUT_CALLBACK,0.3210193,0,271,143,0.0,0.0,0.07693351060152054,0.0,0.0015640258789062,0.0,0.0,0.0
e743dde7-55a0-4263-a901-0b3f9bf2b3e3,P_00635,2,calcification,BENIGN_WITHOUT_CALLBACK,0.3210193,0,271,143,0.0,0.0,0.07687947899103165,0.0,0.0008621215820312,0.0,0.0,0.0
7e7e6bcb-eb27-4db9-873e-7cf0b4218780,P_00680,1,calcification,BENIGN,0.11421764,1,175,335,0.3494639392508393,0.16175006330013275,0.01814054325222969,8.916490089972957,0.05682373046875,0.15691571689883213,0.10493837291362361,0.08181155816669944
e4b248c9-a34e-4683-b1e4-c5351b5ffa30,P_00680,1,calcification,BENIGN,0.08240829,0,272,176,0.04765305971911412,0.012751921080052853,0.022365789860486984,0.5701526956154742,0.0806808471679687,0.05609935561550982,0.09324992942365125,0.08068084716796875
967bc58a-0520-4ff2-98be-27fa68b72db4,P_00680,1,calcification,BENIGN,0.6248888,0,239,176,0.2346244089744573,0.1671430617570877,0.035734862089157104,4.6773096414077635,0.0615081787109375,0.2338336004662684,0.2013632142419092,0.1509230021860578
c65664a6-8712-471d-b1c4-e12455f03c77,P_00680,1,calcification,BENIGN,0.5612675,0,240,240,0.2017069475018342,0.24628227949142456,0.049280717968940735,4.9975373668717795,0.048126220703125,0.22037147616204156,0.17181307198962312,0.12865287344949977
7d56d0aa-1ca2-42e3-8294-4a7c7df0bf12,P_00693,1,calcification,MALIGNANT,0.771555,1,208,143,0.36965517560198397,0.25150007009506226,0.052446916699409485,4.795325215841369,0.1089668273925781,0.408552107171325,0.2924093251847006,0.2194922194922195
2a1de420-9169-4574-926c-109eb7b2d5d1,P_00693,1,calcification,MALIGNANT,0.5802405,0,240,47,0.002931244343137963,0.0019928826950490475,0.05727432668209076,0.034795386738581055,0.0779075622558593,0.0,0.0,0.00017163048965169106
97763bcb-f3da-4b36-ba0b-270495cc0a41,P_00792,1,calcification,BENIGN,0.57524484,0,399,48,0.0001302183195489245,0.001239508856087923,0.02785554900765419,0.04449771967409913,0.0029182434082031,0.0,0.0,0.0
f436b4e1-d1c5-4abc-bb1c-e4472028ca0b,P_00792,1,calcification,BENIGN,0.3754092,0,399,79,0.0,0.0,0.02834276109933853,0.0,0.0042381286621093,0.0,0.0,0.0
722b3ce1-2587-465b-bb1e-5440ca2366d5,P_00855,1,calcification,MALIGNANT,0.58039016,0,175,47,0.003427481812379764,0.1176171824336052,0.057235442101955414,2.0549707936977555,0.0016708374023437,0.0046741301971427495,0.0083344458642458,0.005569472171712676
49724a88-c5a1-46a6-a060-abbc4891b61d,P_00862,1,calcification,MALIGNANT,0.4704176,0,175,47,0.0,0.0,0.08604744076728821,0.0,0.0005874633789062,0.0,0.0,0.0
cacc8818-8f75-42ea-bb46-86bf3a0eef79,P_00862,1,calcification,MALIGNANT,0.2928294,0,175,80,1.7289733118725205e-05,0.004208858124911785,0.0863904356956482,0.048719023163041754,0.0003547668457031,0.0,0.0,0.0
5a47c47e-6f72-4af3-8e9c-38016ee4d440,P_00880,1,calcification,MALIGNANT,0.4680449,0,176,47,0.0,0.0,0.08332900702953339,0.0,0.0006637573242187,0.0,0.0,0.0
7e312056-cc11-473d-bb54-31ea918c5ac4,P_00912,1,calcification,BENIGN,0.70948243,0,143,175,0.0003744609548259506,0.03169059008359909,0.06459259241819382,0.49062259294684796,0.000762939453125,0.0,0.00032312020071466584,0.001613394989582804
8a7c94ef-b0d8-4f42-93c2-a319381b8d3a,P_00912,1,calcification,BENIGN,0.33127856,0,367,400,0.0,0.0,0.06124645099043846,0.0,0.00067138671875,0.0,0.0,0.0
26cd2a8a-f712-46cc-a473-80df457f350f,P_00926,1,calcification,BENIGN,0.19561778,0,176,176,7.244057324923304e-05,0.0009333245106972754,0.028863489627838135,0.03233580552363466,0.0022354125976562,0.0,0.0,0.0004672071116498725
14067339-c113-4066-aaf4-944b9c4ef100,P_00926,1,calcification,BENIGN,0.18192093,0,208,47,0.00025898364610123356,0.002484915778040886,0.028884664177894592,0.08602886647558548,0.0030021667480468,0.0,0.0,0.004501998077798573
bbef24ec-eae0-428a-89f2-1f93fc591c6b,P_00933,1,calcification,MALIGNANT,0.7086514,0,303,271,0.0016189739184827188,0.15886639058589935,0.10138343274593353,1.566985557829377,0.0010337829589843,0.0016261392428998222,0.002110707562417996,0.0020570906135717187
a088674c-0788-4468-96c8-97b9c1fe4aef,P_00933,1,calcification,MALIGNANT,0.53461546,0,144,464,0.0,0.0,0.120289646089077,0.0,0.00128173828125,0.0,0.0,0.0
91b5907b-a0a3-48c6-a088-249c096856d2,P_00953,1,calcification,BENIGN,0.06900883,0,111,496,0.0,0.0,0.04167794808745384,0.0,0.0039405822753906,0.0,0.0,0.0
9eddf69f-9dd7-4137-acd5-a3c282b43544,P_00953,1,calcification,BENIGN,0.14233728,0,271,79,0.007181598435394121,0.10850855708122253,0.060729868710041046,1.7867408825119517,0.0040321350097656,0.011797877865993915,0.013875725063502294,0.010190630703711215
c0460e2f-d9ae-4df4-aeb6-1da1528d7076,P_00967,1,calcification,MALIGNANT,0.49264285,1,176,239,0.10756209069680207,0.4894234538078308,0.04558318853378296,10.736926533251186,0.0111007690429687,0.10263496630574695,0.05508102955195424,0.03700265757918696
409e6bdc-dbb0-4e60-a0bb-96d133b455c8,P_00967,1,calcification,MALIGNANT,0.5015022,0,239,80,0.06697203351292703,0.23009280860424042,0.0487380214035511,4.721011538177876,0.0149765014648437,0.08800490921560841,0.06320158475615507,0.04577290861883351
439208f4-216a-4ffe-9eb9-61ed7e4e87c8,P_00993,1,calcification,MALIGNANT,0.9432852,0,399,80,0.00016185114765369303,0.026420414447784424,0.09843115508556366,0.26841513482866775,0.0006027221679687,0.0,0.0,0.0
978baeae-f2a1-4931-b371-3a981040a7b4,P_00993,1,calcification,MALIGNANT,0.98252195,0,271,272,4.116796526342359e-06,0.0008730592089705169,0.08983580768108368,0.0097183866246965,0.0004234313964843,0.0,0.0,0.0
1f78bd8b-fe42-424c-bac7-02144b18c966,P_01049,1,calcification,BENIGN_WITHOUT_CALLBACK,0.29648978,0,368,47,0.0006470189048087792,0.06636406481266022,0.02972586452960968,2.2325353202495544,0.0002899169921875,0.001790885535741503,0.001354083228439562,0.0009027565863086156
1ef86b48-a7a7-4f49-ac92-64d7eb38c4f1,P_01049,1,calcification,BENIGN_WITHOUT_CALLBACK,0.11594916,0,367,47,0.0,0.0,0.03300394117832184,0.0,0.0002822875976562,0.0,0.0,0.0
48097a61-1efa-4141-9a6d-6d00b6c872b5,P_01053,1,calcification,BENIGN,0.44121727,0,399,79,0.00477482136982051,0.11826083809137344,0.05475263297557831,2.1599110410820193,0.0022163391113281,0.0032948929159802307,0.011081653283488146,0.0073878158259476365
555a8715-81a0-4c29-bee6-a463f8bb9754,P_01053,1,calcification,BENIGN,0.36414075,0,463,496,0.0,0.0,0.09719336777925491,0.0,0.0008735656738281,0.0,0.0,0.0
9565c7cf-9552-4cec-b351-00656d488299,P_01056,1,calcification,BENIGN,0.18362746,0,144,496,0.0,0.0,0.07590660452842712,0.0,0.0006675720214843,0.0,0.0,0.0
d82a15cd-285c-4dd2-9a95-f70dfd2a1bf9,P_01056,1,calcification,BENIGN,0.17661735,0,143,47,0.00014833726704191358,0.009706951677799225,0.059456538408994675,0.16326127125688888,0.0009078979492187,0.0,0.0,0.0
da8b7a0f-ed6e-4131-8da3-03fcdba0b4f4,P_01063,1,calcification,BENIGN,0.45333856,0,175,80,0.00034973700052402893,0.07534236460924149,0.062451861798763275,1.2064068287979397,0.0002899169921875,0.0,0.0014495794312308075,0.0009663801434311581
93157302-0d3c-4588-8870-9d00cc2fc555,P_01065,1,calcification,MALIGNANT,0.17639188,0,239,48,0.0003194415179143601,0.0005013111513108015,0.07949778437614441,0.006305975596490691,0.0482292175292968,0.0,0.0,0.0
acf3492b-fd62-4ca5-930b-a680647b5609,P_01065,1,calcification,MALIGNANT,0.30202425,0,304,47,9.978053404898189e-05,0.00037100553163327277,0.11211829632520676,0.0033090540144010564,0.0292739868164062,0.0,0.0,0.0
d5a93f8c-d490-43cb-90b6-b54e2f396e09,P_01066,1,calcification,BENIGN,0.3617798,0,112,48,5.242840754408513e-05,0.002438625320792198,0.03480139374732971,0.07007261369390343,0.0007476806640625,0.0,0.0,0.0
c6f068de-73d5-4a45-8fc6-1706e05636a5,P_01066,1,calcification,BENIGN,0.279529,0,399,400,0.0,0.0,0.071527861058712,0.0,0.0003662109375,0.0,0.0,0.0
3e17e084-ce4c-49e7-b8a9-823b7252ba9d,P_01143,1,calcification,MALIGNANT,0.24065,0,240,79,0.0054387216954141105,0.03322887793183327,0.057090189307928085,0.5820417223034425,0.009307861328125,0.0075952037694715,0.007639615815473895,0.006267219340266574
3522a212-495e-45b1-84f4-ed4dfbb7056a,P_01186,1,calcification,BENIGN,0.34785146,0,368,0,0.007792206854705593,0.1254810243844986,0.04130933806300163,3.0375939168327037,0.0025787353515625,0.02018285974429986,0.012893627572526656,0.008595806365474358
dc4b898c-dac8-4759-ba19-076feb6de777,P_01186,1,calcification,BENIGN,0.49982378,0,400,48,0.00017477773589718277,0.0032939231023192406,0.046188388019800186,0.0713149458205325,0.0024452209472656,0.0,0.0,0.0
f148bb2a-1274-400d-9013-c2431c4fa676,P_01250,1,calcification,MALIGNANT,0.78739744,0,239,112,0.029167968697366594,0.04443242773413658,0.09543498605489731,0.46557792812793336,0.0606193542480468,0.02740160554376205,0.030277442702050662,0.025136635724819986
ea8853cd-39fd-42cd-8b6c-142f2df2d902,P_01250,1,calcification,MALIGNANT,0.88769865,1,239,144,0.26203947204513306,0.3189648687839508,0.06381935626268387,4.997932249453475,0.0663337707519531,0.27818490942135193,0.19048999215739762,0.13922368795672393
fa01275d-e65f-4664-9e06-140bfcc7fce6,P_01284,1,calcification,MALIGNANT,0.13718255,0,399,80,0.0,0.0,0.03892118111252785,0.0,0.0096092224121093,0.0,0.0,0.0
fa01275d-e65f-4664-9e06-140bfcc7fce6,P_01284,2,calcification,BENIGN,0.13718255,0,399,80,0.0,0.0,0.03864402323961258,0.0,0.0025062561035156,0.0,0.0,0.0
db921a13-3b46-448d-9bd6-3dcfeb5e8da0,P_01288,1,calcification,BENIGN,0.2836536,0,144,79,2.31328279834194e-05,0.0012134654680266976,0.049271028488874435,0.024628372066902996,0.0009384155273437,0.0,0.0,0.0
8b0fb77d-feae-4833-8c0d-afcb9d0bde98,P_01292,1,calcification,BENIGN,0.42287642,0,144,47,0.0,0.0,0.04534635692834854,0.0,0.0002517700195312,0.0,0.0,0.0
8b0fb77d-feae-4833-8c0d-afcb9d0bde98,P_01292,2,calcification,BENIGN,0.42287642,0,144,47,0.000610008287248369,0.05215475708246231,0.04533131793141365,1.1505234781864877,0.0005302429199218,0.0,0.0005329272934906738,0.000825658939345824
8b0fb77d-feae-4833-8c0d-afcb9d0bde98,P_01292,3,calcification,BENIGN,0.42287642,0,144,47,0.0005375325719363629,0.035688210278749466,0.045341528952121735,0.7870974630224687,0.0006828308105468,0.0,0.0,0.0
ab2d709d-0d11-4a34-b5cd-ca77231b370f,P_01292,1,calcification,BENIGN,0.53476286,0,144,47,0.00019889844966538864,0.015050659887492657,0.0381145216524601,0.3948798328346037,0.0005035400390625,0.0,0.0,0.0
ab2d709d-0d11-4a34-b5cd-ca77231b370f,P_01292,2,calcification,BENIGN,0.53476286,0,144,47,0.0,0.0,0.03810887783765793,0.0,0.0001564025878906,0.0,0.0,0.0
ab2d709d-0d11-4a34-b5cd-ca77231b370f,P_01292,3,calcification,BENIGN,0.53476286,0,144,47,0.00034020796349594533,0.02980833314359188,0.038106519728899,0.7822368857950877,0.0004348754882812,0.0,5.709500609013398e-05,0.0009023206161197672
72ef9b96-d3fc-4932-8029-5b142920e954,P_01345,1,calcification,MALIGNANT,0.31702656,0,336,144,0.0003039600639116315,0.01492722611874342,0.1002114936709404,0.14895721121757857,0.0020370483398437,0.0,0.0,0.0
12d98e2e-1d58-44a7-855c-8d7385eb02fd,P_01362,1,calcification,BENIGN,0.24076836,0,144,47,0.0012117759200384625,0.057483308017253876,0.05029890686273575,1.1428339137823607,0.0010604858398437,0.0011714911949210188,0.00235817659699903,0.0019421172886519421
bc9be185-409b-465c-83f4-39d89840e50b,P_01362,1,calcification,BENIGN,0.632381,0,303,240,0.0012319130955779016,0.05001780018210411,0.03561052307486534,1.404578810346642,0.0008773803710937,0.0026920451960263897,0.003391703664183228,0.002516682554814109
4c5e12c0-e627-4269-96a8-7059adcc98ba,P_01365,1,calcification,MALIGNANT,0.8121698,0,304,303,0.025007340669661385,0.2211616188287735,0.05225280672311783,4.232530085424592,0.0060234069824218,0.051886613934829504,0.030116920025176908,0.020078074335923096
7b2166db-d1a1-43ba-85e7-48f421bbf0fe,P_01365,1,calcification,MALIGNANT,0.55285305,0,304,304,0.001211771587309603,0.012643563561141491,0.0550706721842289,0.22958792336809558,0.0052566528320312,0.0006890549067962574,0.0026273618305817465,0.002367471690550155
8c181f2b-dd84-42d9-837b-41f703978993,P_01369,1,calcification,BENIGN,0.18896258,0,175,111,0.0006292915238337804,0.07969234138727188,0.07294213026762009,1.0925418570785796,0.0005760192871093,0.0,0.0013902908183670748,0.0015252815415512113
5e552de1-b5c5-4b78-a086-4136f27d6d9f,P_01385,1,calcification,BENIGN,0.31032702,0,303,175,0.01155440826942492,0.6688874959945679,0.0688415989279747,9.716325728156487,0.0012016296386718,0.012016021361815754,0.00600812527418032,0.004005442315272815
b15de486-7bc8-4639-a917-8819f13d10f8,P_01385,1,calcification,BENIGN,0.46935254,0,175,143,0.0,0.0,0.062464017421007156,0.0,0.0014991760253906,0.0,0.0,0.0
f9e2b12b-6011-486d-9c27-565320fbe315,P_01387,1,calcification,BENIGN,0.6933607,0,143,111,1.3143044600224699e-05,0.00016015883011277765,0.048536550253629684,0.0032997564985211445,0.00396728515625,0.0,0.0,0.0
63a5c634-1fb6-410a-87e5-c91f65b68b5a,P_01387,1,calcification,BENIGN,0.31703147,0,336,367,0.00022999709453974467,0.0075843664817512035,0.0977562889456749,0.07758442743383714,0.0029563903808593,0.0,0.0,0.0
00ed72af-5564-4328-a084-ca4efde462d8,P_01401,1,calcification,BENIGN,0.2041321,0,112,496,0.016696804318353593,0.22881914675235748,0.03246326372027397,7.04855427471738,0.0024032592773437,0.021926986181430585,0.012015104703055269,0.00801088463054563
10f81c3d-da36-4f9c-a198-4d4d3e09591f,P_01401,1,calcification,BENIGN,0.0679328,0,175,47,0.0,0.0,0.02472488209605217,0.0,0.0018882751464843,0.0,0.001888275146484375,0.001888275146484375
a248ac61-924b-4df5-a529-02a8b2863195,P_01409,1,calcification,BENIGN,0.39138097,0,368,79,0.0018533664082330083,0.08588158339262009,0.04167698696255684,2.0606471111576785,0.0009002685546875,0.0,0.004501325602243034,0.0030009028139821726
a248ac61-924b-4df5-a529-02a8b2863195,P_01409,2,calcification,BENIGN,0.39138097,0,368,79,0.0,0.0,0.04173939302563667,0.0,0.0005416870117187,0.0,0.0,0.0
6275e55d-842f-4330-8331-279dfc2040fa,P_01409,1,calcification,BENIGN,0.16453207,0,368,79,0.0,0.0,0.025430163368582726,0.0,0.0008926391601562,0.0,0.0,0.0
6275e55d-842f-4330-8331-279dfc2040fa,P_01409,2,calcification,BENIGN,0.16453207,0,368,79,0.0,0.0,0.02542443573474884,0.0,0.0006675720214843,0.0,0.0,0.0
2ca202fb-6ccc-451a-95c3-4e5ee60e7763,P_01409,1,calcification,BENIGN_WITHOUT_CALLBACK,0.40733728,0,175,0,0.02100480016265524,0.08422242105007172,0.03842240944504738,2.1920124309331572,0.0096931457519531,0.03097662412161193,0.021462417541577627,0.016502641925224753
637cce60-9522-4b55-9e5b-bb1fa4c932d6,P_01409,1,calcification,BENIGN_WITHOUT_CALLBACK,0.51808757,0,368,111,0.0,0.0,0.035319168120622635,0.0,0.0093002319335937,0.0,0.0,0.0
6335e100-0e58-459b-9a7b-83e284170a00,P_01455,1,calcification,MALIGNANT,0.6800202,0,239,175,0.18816279707231412,0.5133788585662842,0.032510947436094284,15.790948623257744,0.01446533203125,0.1446500095365249,0.07232638425298976,0.048212991570355114
ad3bf4f4-1515-44d8-af64-b898229c2f08,P_01455,1,calcification,MALIGNANT,0.71947634,0,399,48,0.052553257990162215,0.19708625972270966,0.039621952921152115,4.974166981956754,0.0110282897949218,0.0954316248965154,0.05295214892078115,0.03676105947128162
23700b6d-4964-4c47-bbb7-da28c84b6a96,P_01524,1,calcification,MALIGNANT,0.8077572,1,303,208,0.07606548184673202,0.5802362561225891,0.07529571652412415,7.706098113505633,0.0105705261230468,0.09820413730393271,0.05285242899921799,0.03523517668451102
6c4d6b66-d3fa-4c6e-b6bc-f20daa075ced,P_01524,1,calcification,MALIGNANT,0.2271962,0,272,303,0.01226663595718101,0.11300505697727203,0.08301656693220139,1.361234841922739,0.0090408325195312,0.020346243084062108,0.014683553679220827,0.010994359307143214
da8cfc1c-264b-46cb-bf92-bea04d5bbafa,P_01537,1,calcification,MALIGNANT,0.5720087,0,207,47,0.21961316071081594,0.29549723863601685,0.04927852004766464,5.996470234607186,0.0448265075683593,0.28389300328024075,0.18373971743701353,0.12746479751555895
fa971372-e1d0-4634-9c00-7560568760cd,P_01577,1,calcification,BENIGN_WITHOUT_CALLBACK,0.4399978,0,207,239,0.00017720969537733577,0.06399355083703995,0.06612300127744675,0.967795470906917,0.00018310546875,0.0,0.0002859212382295757,0.0005467399043840911
0dcb1379-baff-4506-8628-33175b9d5f7e,P_01577,1,calcification,BENIGN_WITHOUT_CALLBACK,0.08378661,0,303,47,0.0,0.0,0.04550972953438759,0.0,0.0001640319824218,0.0,0.0,0.0
52912602-7889-4593-8c38-6f713776ea6b,P_01596,1,calcification,MALIGNANT,0.5173641,0,143,111,0.00038880353623655685,0.0019444557838141918,0.04428890347480774,0.04390389447960222,0.0087814331054687,0.0,0.0,0.0
b1a397c3-8bbe-422e-9d6b-c3efa2c43134,P_01596,1,calcification,MALIGNANT,0.73984355,0,144,111,0.00020382119560609008,0.0011961838463321328,0.04708840325474739,0.02540293383556591,0.0079612731933593,0.0,0.0,0.0
9fc14b61-b517-490f-8edf-ca741f17f204,P_01625,1,calcification,MALIGNANT,0.3038751,0,431,79,0.001526806535577279,0.001976375002413988,0.0447467640042305,0.04416798856219524,0.0334625244140625,0.0,0.002736179834190779,0.0032938152020474446
241eb37b-2e99-42a4-aae3-6db22c436670,P_01625,1,calcification,MALIGNANT,0.5501681,0,431,79,0.00414948780244435,0.007939096540212631,0.05660292133688927,0.14025945923119643,0.0288505554199218,0.003565274229009448,0.006356713964643924,0.005869106098969698
7980e192-db55-4e3b-a43b-f89312f7dc59,P_01628,1,calcification,BENIGN_WITHOUT_CALLBACK,0.16356668,0,175,303,0.01329758727046521,0.39561229944229126,0.015461476519703865,25.586951095428596,0.0005264282226562,0.00526416173946214,0.002632131072498045,0.0017547428920197344
7980e192-db55-4e3b-a43b-f89312f7dc59,P_01628,2,calcification,BENIGN_WITHOUT_CALLBACK,0.16356668,0,175,303,0.007270175484199638,0.3430849611759186,0.01555289700627327,22.05921767792575,0.0003318786621093,0.0033187106618348273,0.001659386980487898,0.0011062509536646152
7980e192-db55-4e3b-a43b-f89312f7dc59,P_01628,3,calcification,BENIGN_WITHOUT_CALLBACK,0.16356668,0,175,303,0.0,0.0,0.015671702101826668,0.0,0.0006446838378906,0.0,0.0,0.0
aad1a826-e308-4577-9bb3-3c4090a5cadd,P_01628,1,calcification,BENIGN_WITHOUT_CALLBACK,0.11668993,0,240,144,0.0,0.0,0.0405743271112442,0.0,0.0008926391601562,0.0,0.0,0.0
aad1a826-e308-4577-9bb3-3c4090a5cadd,P_01628,2,calcification,BENIGN_WITHOUT_CALLBACK,0.11668993,0,240,144,0.0,0.0,0.0405610017478466,0.0,0.0005645751953125,0.0,0.0,0.0
aad1a826-e308-4577-9bb3-3c4090a5cadd,P_01628,3,calcification,BENIGN_WITHOUT_CALLBACK,0.11668993,0,240,144,0.0,0.0,0.040559764951467514,0.0,0.0005340576171875,0.0,0.0,0.0
6c46c8ad-3a1c-4cd4-a49c-147af3299a52,P_01628,1,calcification,BENIGN_WITHOUT_CALLBACK,0.3429085,0,240,144,2.1656482466646714e-06,0.0002090422494802624,0.056370288133621216,0.00370837580075849,0.0005836486816406,0.0,0.0,0.0
6c46c8ad-3a1c-4cd4-a49c-147af3299a52,P_01628,2,calcification,BENIGN_WITHOUT_CALLBACK,0.3429085,0,240,144,0.0,0.0,0.05635792762041092,0.0,0.0003623962402343,0.0,0.0,0.0
eea80aeb-0373-41bf-bbbf-387d6e50978e,P_01628,1,calcification,BENIGN_WITHOUT_CALLBACK,0.30997047,0,176,79,1.9709775026098777e-07,1.316470206802478e-05,0.044873885810375214,0.0002933710530428471,0.00067138671875,0.0,0.0,0.0
eea80aeb-0373-41bf-bbbf-387d6e50978e,P_01628,2,calcification,BENIGN_WITHOUT_CALLBACK,0.30997047,0,176,79,0.0,0.0,0.044880740344524384,0.0,0.000823974609375,0.0,0.0,0.0
6b2c645d-67e9-49dc-af5a-0c8d46b94209,P_01639,1,calcification,BENIGN,0.85173666,0,239,144,0.0018132962082392733,0.2661324143409729,0.1348085105419159,1.974151287108181,0.0009193420410156,0.002842955157120655,0.004596692670087166,0.0030644812634309476
6edd652b-89c7-4d19-95e6-9725b51bead1,P_01639,1,calcification,BENIGN,0.8085678,0,399,144,8.115431156506715e-05,0.0024487250484526157,0.04610801860690117,0.05310843084030935,0.00152587890625,0.0,0.0,0.0
32fb41ed-8628-4c5c-889b-e07ab23d7273,P_01660,1,calcification,BENIGN,0.78602546,0,144,175,0.0033750509369722815,0.06323406100273132,0.06045563519001007,1.0459579217786656,0.0032272338867187,0.0,0.011678693505507026,0.010280326327293058
7a816379-c6c5-4d5a-ad5d-5bdaf41caaad,P_01660,1,calcification,BENIGN,0.6765249,0,144,112,0.0014705537108747643,0.02187022753059864,0.03406746685504913,0.6419679280520963,0.002288818359375,0.0,0.0065102683824925026,0.005008940006847665
8fd18238-4124-41aa-a849-c5d01ee72e34,P_01678,1,calcification,BENIGN,0.51955867,0,399,143,0.0,0.0,0.05548957362771034,0.0,0.0031089782714843,0.0,0.0,0.0
f47a4568-dbc2-4fac-8722-219cc7dfb273,P_01678,1,calcification,BENIGN,0.3979782,0,431,112,9.171870669092051e-06,0.00019806534692179412,0.07605386525392532,0.002604276853224143,0.003509521484375,0.0,0.0,0.0
db6f9f83-79ac-450c-a6a7-131956f48082,P_01741,1,calcification,BENIGN,0.65152204,0,400,48,0.0013220540161109537,0.05432923138141632,0.06664437055587769,0.8152109889574894,0.0016212463378906,0.0001501726986033939,0.0016297756215888418,0.0018372104809690334
ebe834b3-f6c4-4fe1-9eea-84ae9e826177,P_01741,1,calcification,BENIGN,0.60141575,0,400,79,0.0022614285653150047,0.07035955786705017,0.06538565456867218,1.0760700886224701,0.0021018981933593,0.0,0.001417635384179189,0.002214657234336046
1ba1c13d-7d16-4f6c-92ad-7974b6d7d6bf,P_01766,1,calcification,BENIGN,0.107845806,0,207,239,0.012535769823424584,0.15786504745483398,0.05115683376789093,3.085902800632111,0.0040969848632812,0.01514024254147757,0.011360414343231953,0.008475969992536086
38b4af7a-5b2d-4e1f-b577-1eb03dbb6382,P_01766,1,calcification,BENIGN,0.13320386,0,367,272,0.0,0.0,0.042138662189245224,0.0,0.0056266784667968,0.0,0.0,0.0
b6d2be5c-6b70-4a74-a9e4-be918c931de4,P_01769,1,calcification,BENIGN_WITHOUT_CALLBACK,0.3747968,0,207,175,0.0007256747724411958,0.10950303077697754,0.043728891760110855,2.504134025082361,0.0002899169921875,0.0004566383804558773,0.0014495794312308075,0.0009663924316213776
6cf2e84f-6e16-49d1-be12-9cba6d8ff090,P_01769,1,calcification,BENIGN_WITHOUT_CALLBACK,0.8500211,0,368,112,0.0008803716439669551,0.09448450803756714,0.045832742005586624,2.0615063225103802,0.00042724609375,0.003239082387013185,0.0021362223197085584,0.0014241572676525565
8cf571ac-2cdd-4183-ae7c-05e750dba1e9,P_01769,1,calcification,BENIGN_WITHOUT_CALLBACK,0.53681356,0,431,79,0.0,0.0,0.09759674221277237,0.0,0.0001640319824218,0.0,0.0,0.0
8cf571ac-2cdd-4183-ae7c-05e750dba1e9,P_01769,2,calcification,BENIGN_WITHOUT_CALLBACK,0.53681356,0,431,79,0.0008890325884751795,0.26443758606910706,0.09752596914768219,2.7114578944003527,0.0003280639648437,0.0016375337979359459,0.001353825032415529,0.0010298923063230302
8cf571ac-2cdd-4183-ae7c-05e750dba1e9,P_01769,3,calcification,BENIGN_WITHOUT_CALLBACK,0.53681356,0,431,79,0.000506355249383965,0.64763343334198,0.09753874689340591,6.6397548417572985,7.62939453125e-05,0.0007628928898382667,0.0003814682713765283,0.0002543105640608311
8cf571ac-2cdd-4183-ae7c-05e750dba1e9,P_01769,4,calcification,BENIGN_WITHOUT_CALLBACK,0.53681356,0,431,79,0.0003707004321550946,0.45155197381973267,0.0975523591041565,4.628816070449416,8.0108642578125e-05,0.00080103753433018,0.0004005416849453547,0.00026702609226387266
8cf571ac-2cdd-4183-ae7c-05e750dba1e9,P_01769,5,calcification,BENIGN_WITHOUT_CALLBACK,0.53681356,0,431,79,0.0008700526056156636,0.5706697702407837,0.09751032292842865,5.852403054142458,0.0001487731933593,0.00148764113518462,0.0007438631291842301,0.0004959055999186206
a402d6b3-5441-457c-a474-6a30be12c5a4,P_01769,1,calcification,BENIGN_WITHOUT_CALLBACK,0.68259555,0,239,240,0.004153940951761119,0.610592782497406,0.05083183944225311,12.012011941274384,0.0003471374511718,0.003471295060080107,0.0017356806347632037,0.0011571277799677022
a402d6b3-5441-457c-a474-6a30be12c5a4,P_01769,2,calcification,BENIGN_WITHOUT_CALLBACK,0.68259555,0,239,240,0.0009972887781490329,0.17324590682983398,0.05099024623632431,3.397627696297347,0.0002937316894531,0.002325492737600549,0.0014686528447996339,0.0009791081215111326
a402d6b3-5441-457c-a474-6a30be12c5a4,P_01769,3,calcification,BENIGN_WITHOUT_CALLBACK,0.68259555,0,239,240,0.0010060514566486403,0.19224493205547333,0.05098843574523926,3.7703626624748225,0.0002670288085937,0.0026702269692923898,0.001335138949817849,0.0008900982922828479
a402d6b3-5441-457c-a474-6a30be12c5a4,P_01769,4,calcification,BENIGN_WITHOUT_CALLBACK,0.68259555,0,239,240,0.0,0.0,0.051063939929008484,0.0,0.0007400512695312,0.0,0.0,0.0
956d19c3-b740-404d-87e6-6cb4744c3058,P_01839,1,calcification,MALIGNANT,0.7634451,0,175,47,0.05854017147687817,0.22297018766403198,0.0920230820775032,2.4229808261196353,0.0250205993652343,0.12002049880423642,0.07904220096218925,0.06112536428624804
d57fe51a-a7b8-4513-b6db-ee4ef61a46bb,P_01839,1,calcification,MALIGNANT,0.67498237,0,303,368,0.0040884403862250455,0.023838533088564873,0.08352132141590118,0.2854184994951647,0.0141792297363281,0.004126270589419303,0.004778181427727769,0.003704786974748952
024d90c3-f4f4-400b-a96b-4d841a0e94b2,P_01847,1,calcification,MALIGNANT,0.73745954,0,303,207,0.018419144772896655,0.3740847408771515,0.08668960630893707,4.315219709175089,0.0043296813964843,0.037084786895191874,0.02164832440061798,0.014432308024871889
9adda682-3619-4474-899d-722cdc31d709,P_01847,1,calcification,MALIGNANT,0.35944095,0,239,79,2.6667181410284915e-06,6.455682159867138e-05,0.08042372018098831,0.0008027086216144228,0.0033111572265625,0.0,0.0,0.0
6c6aafc3-ae0d-4290-bdf3-8c13b83df01c,P_01884,1,calcification,BENIGN,0.35802364,0,144,79,7.2201529583950794e-09,7.27963538338372e-07,0.041940201073884964,1.7357173931622275e-05,0.0004158020019531,0.0,0.0,0.0
f71c137d-5f4c-446d-9845-69c526ab5de1,P_01884,1,calcification,BENIGN,0.27343646,0,144,48,0.0,0.0,0.04899415001273155,0.0,0.0004539489746093,0.0,0.0,0.0
a431a884-40b8-4f17-b05d-d64050a0e98b,P_02105,1,calcification,MALIGNANT,0.33031648,0,272,80,0.0005788199058577179,0.0008339584455825388,0.09489795565605164,0.00878794861214559,0.06182861328125,0.0,0.0,0.0
63b005f3-fef9-4377-be86-a43a3303fa5c,P_02105,1,calcification,MALIGNANT,0.26944733,0,304,47,0.00022241220845682207,0.00014750093396287411,0.05555940791964531,0.0026548322406149457,0.0773162841796875,0.0,0.0,0.0
8f24614c-4b87-4c10-8660-fdbc93c1367e,P_02154,1,calcification,MALIGNANT,0.5162716,0,271,143,0.00038731167252308626,0.008629239164292812,0.05151841789484024,0.16749810731621845,0.0023078918457031,0.0,0.0,0.0
6f78a778-bfd6-4f1e-8230-22f697458e0e,P_02154,1,calcification,MALIGNANT,0.80052686,0,240,271,0.0001184309432137673,0.0024267996195703745,0.06916871666908264,0.03508521461123148,0.0033645629882812,0.0,0.0,0.0
54cbff75-6c37-4436-b9ed-c3c5fab129d6,P_02318,1,calcification,BENIGN,0.7240232,0,143,464,0.0,0.0,0.10153445601463318,0.0,0.0047607421875,0.0,0.0,0.0
e57a65ad-947a-486a-bafb-26f2fd450f0b,P_02318,1,calcification,BENIGN,0.26383117,0,143,463,0.01057782082398669,0.09797825664281845,0.06942877173423767,1.4112051831452788,0.0075187683105468,0.009454910106725879,0.016233584278268667,0.01640315707189147
ed10493d-688b-4015-99c5-262b4edeebf8,P_02368,1,calcification,MALIGNANT,0.62188756,0,240,207,0.0013281168402733436,0.02240910939872265,0.08196726441383362,0.2733909302093454,0.0048408508300781,0.0,0.0,0.0022072840373231666
870a78a1-b7c3-4c9e-be11-8f3ebfff3369,P_02368,1,calcification,MALIGNANT,0.5235401,0,271,143,6.745177588561168e-06,0.0001437055179849267,0.08444921672344208,0.001701679500933024,0.0039482116699218,0.0,0.0,0.0
c53d9413-d556-4335-977d-7f2d0517bdf2,P_02419,1,calcification,MALIGNANT,0.29012856,0,272,144,0.0,0.0,0.057562801986932755,0.0,0.0120391845703125,0.0,0.0,0.0
22bf511a-03d6-4521-a887-709a93e26638,P_02419,1,calcification,MALIGNANT,0.72680175,0,303,80,0.0,0.0,0.09518684446811676,0.0,0.0154762268066406,0.0,0.0,0.0
c9a6541b-7f5f-486c-b731-7f66244194c7,P_02584,1,calcification,BENIGN,0.9052832,0,400,111,0.0009022822827153273,0.012131472118198872,0.07057247310876846,0.17190088238076415,0.0052261352539062,0.0,0.0,0.0
b022987b-eae5-483c-b246-41b81c4d5287,P_02584,1,calcification,BENIGN,0.74217874,0,239,367,0.0014463857562404426,0.015423726290464401,0.05421760305762291,0.28447815056099834,0.00506591796875,0.0,0.0009682524904571269,0.003022701617960617
f77ccf53-2c2f-427c-b9de-b1ec2390413f,P_00315,1,calcification,BENIGN,0.65981966,0,368,47,0.00012701634098760976,0.007471239659935236,0.052546244114637375,0.1421840583276522,0.0008926391601562,0.0,0.0,0.0
6b2281e1-94dd-432c-a907-f97a7fb27a16,P_00485,4,calcification,MALIGNANT,0.68216187,0,271,335,0.0008901258744410461,0.015101809054613113,0.05331956967711449,0.2832319599303785,0.0031356811523437,0.0,0.0,0.000818639798488665
9d8167f3-f7f5-4230-93cd-0d506d6d29b7,P_01352,1,calcification,BENIGN_WITHOUT_CALLBACK,0.44091457,0,335,47,0.0008643561970930483,0.10718511044979095,0.03924116492271423,2.7314449850416755,0.0003166198730468,0.0017903397836355325,0.0015830933262125924,0.0010554022608496624
ee012ef3-3f82-42cc-a688-9dcbce2abd39,P_00045,1,mass,MALIGNANT,0.42421657,0,175,80,6.390386519466358e-10,1.7412620678669555e-08,0.04831526800990105,3.6039574635379846e-07,0.00177001953125,0.0,0.0,0.0
a9832453-041a-43f7-b861-2466cf58b86f,P_00045,1,mass,MALIGNANT,0.44924825,0,175,80,3.90286870382734e-06,0.00012161596532678232,0.039514221251010895,0.003077776322009833,0.0012664794921875,0.0,0.0,0.0
5a7154cb-9d47-480e-bd94-1aa0d2e4a21d,P_00079,1,mass,MALIGNANT,0.38535008,0,399,399,0.01712656503180177,0.22607530653476715,0.1353239268064499,1.6706231866289587,0.0103225708007812,0.0,0.018622868439041512,0.028783529143955586
8eec2de2-4655-436c-89ad-ff498c7572b9,P_00079,1,mass,MALIGNANT,0.5490673,0,207,208,1.38935558091512e-06,1.8212913346360438e-05,0.0709914043545723,0.0002565509296010724,0.0053863525390625,0.0,0.0,0.0
497899c5-bfa2-4c60-941f-836b400a7af6,P_00080,1,mass,MALIGNANT,0.9379862,0,239,303,0.0569110136239782,0.7202266454696655,0.04042941704392433,17.81441633311249,0.0033760070800781,0.033759298111768074,0.016879971008411376,0.011253385552433147
85abbf91-e8e8-4b24-a897-8dfd9035d365,P_00080,1,mass,MALIGNANT,0.4396459,0,399,48,0.0,0.0,0.03723836690187454,0.0,0.0041122436523437,0.0,0.0,0.0
4e8c790e-3b4c-496d-b138-af5a0c873e79,P_00086,1,mass,MALIGNANT,0.4743501,0,240,112,0.001999161524118103,0.047851115465164185,0.038973648101091385,1.2277809627478669,0.0016288757324218,0.0,0.007182730961952484,0.0053912468529868016
fbdb8e83-4329-4bdc-9d43-8643ec1e3b10,P_00086,1,mass,MALIGNANT,0.23694585,0,239,47,0.0017302192447329653,0.06548105180263519,0.05672397464513779,1.1543803245184756,0.0014991760253906,0.0,0.0033240260603643133,0.003440614486129626
b4203fcd-9461-4386-8935-c9a381a3e2a0,P_00169,1,mass,BENIGN_WITHOUT_CALLBACK,0.11368078,0,271,400,0.0,0.0,0.04851681739091873,0.0,0.0039138793945312,0.0,0.0,0.0
94ac7994-9ab3-4fbf-a109-5fb5de833031,P_00208,3,mass,BENIGN,0.045419723,0,304,496,0.0,0.0,0.04071582481265068,0.0,0.0017127990722656,0.0,0.0,0.0
0cf2d732-2a09-413e-8482-a315f410bb4e,P_00219,1,mass,BENIGN,0.7108725,0,240,143,0.00023311976643425127,0.005785033572465181,0.06404852122068405,0.09032265786911509,0.0025749206542968,0.0,0.0,0.0
2fccf9f6-8288-489a-84ae-844feb51a5d4,P_00221,1,mass,BENIGN,0.2773914,0,304,432,0.0,0.0,0.08385354280471802,0.0,0.0006332397460937,0.0,0.0,0.0
510ac08a-f1d6-4bb7-8d73-ff373ffbf27c,P_00234,1,mass,BENIGN,0.59431857,0,144,80,0.00979909954490094,0.07045840471982956,0.07931187748908997,0.8883713015847936,0.011016845703125,0.018299510146955914,0.014134858651413486,0.010911210028393944
22037c69-4955-4e93-b1a3-1309deb7d208,P_00273,1,mass,BENIGN,0.39564654,0,112,79,0.006909963191072951,0.12144485116004944,0.044656842947006226,2.719512082594952,0.0025520324707031,0.015486892800483494,0.011429006819307402,0.008108589003838235
0984a0be-efef-4b18-94d3-792b14d585cb,P_00294,1,mass,BENIGN,0.15257783,0,240,80,0.001127857214831827,0.02859814092516899,0.04112892597913742,0.6953289756796857,0.0016212463378906,0.0002628318251792889,0.004485071932191794,0.0036429641288619227
1830df32-f65c-4f41-bec7-fbd2dbfc784a,P_00294,1,mass,BENIGN,0.06599891,0,240,47,0.0,0.0,0.03370393440127373,0.0,0.0011672973632812,0.0,0.0,0.0
2ce28ed4-6372-4290-8d53-d54c6df07652,P_00328,1,mass,BENIGN_WITHOUT_CALLBACK,0.49418738,0,144,175,0.03805313752989805,0.6059679985046387,0.04759635776281357,12.731391637369306,0.0030975341796875,0.030974632843791722,0.015487611817887048,0.010325140190481034
628b3803-2fa4-4f65-850a-397d21a59380,P_00328,1,mass,MALIGNANT,0.14277384,0,176,175,0.00026114689831695047,0.005566146690398455,0.03835468739271164,0.14512294630842695,0.0017967224121093,0.0,0.0,0.0
628b3803-2fa4-4f65-850a-397d21a59380,P_00328,2,mass,MALIGNANT,0.14277384,0,176,175,0.0004964531681012323,0.016394393518567085,0.03832119703292847,0.427815165229002,0.00115966796875,0.0,0.0,0.00021538071709109336
820cfff3-7fa0-4e21-8324-829185f45dd9,P_00328,1,mass,MALIGNANT,0.10572,0,176,271,0.00023636333466147563,0.006535833235830069,0.030193833634257317,0.21646244562300923,0.0010910034179687,0.0,0.0,0.00016473212022910438
820cfff3-7fa0-4e21-8324-829185f45dd9,P_00328,2,mass,MALIGNANT,0.10572,0,176,271,0.0,0.0,0.030194638296961784,0.0,0.0008811950683593,0.0,0.0,0.0
b1e8454a-9d7e-48a9-9e8a-82d6d530d3da,P_00348,1,mass,BENIGN,0.35014907,0,304,144,0.0,0.0,0.06411658227443695,0.0,0.0007247924804687,0.0,0.0,0.0
cd05e1b3-a741-4149-8a5e-e0c880da3c00,P_00348,1,mass,BENIGN,0.56503636,0,144,175,0.0,0.0,0.06768596172332764,0.0,0.0011177062988281,0.0,0.0,0.0
28c0883c-8fb5-46d3-a993-43aff2d51627,P_00356,1,mass,MALIGNANT,0.67879516,0,304,399,0.012637048283135804,0.2677513360977173,0.07456204295158386,3.590986641309072,0.0035514831542968,0.024957523126297905,0.017699115044247787,0.011838307287361877
f48caaf5-b8e1-47a3-9fd9-72690e6438dc,P_00399,1,mass,MALIGNANT,0.5470381,0,431,80,0.0005251154811677936,0.014044874347746372,0.04218225181102753,0.33295688151256697,0.0015754699707031,0.00030049205574127636,0.0013644115974985787,0.001190446037334414
24af0887-6f14-43a3-94a1-7bef17f4405e,P_00399,1,mass,MALIGNANT,0.7099563,0,431,48,0.002474837643840195,0.09421582520008087,0.0637020617723465,1.4790072375790548,0.0016746520996093,0.000150093808630394,0.005553864881314668,0.0046623896334879
10e556dd-5b50-4d69-9b44-74dab4afa054,P_00411,1,mass,BENIGN,0.13158236,0,144,79,0.0010111093571108876,0.010891398414969444,0.027367236092686653,0.397972027513574,0.0025367736816406,0.0,0.0015846066779852859,0.008455933776687054
fc6e44f2-5539-44ca-ad62-99b0fcdb4572,P_00411,1,mass,BENIGN,0.54422355,0,271,0,0.002193083274003191,0.12948498129844666,0.08033983409404755,1.6117156158141004,0.0013618469238281,0.0,0.005141290273440475,0.0041692088671954446
6519ac0b-77f1-4c37-ac76-f3896c413c85,P_00426,1,mass,BENIGN,0.35041445,0,176,240,0.00018262105086343784,0.005622326396405697,0.0727376863360405,0.0772959095436724,0.0023574829101562,0.0,0.0,0.0
63f437bb-25c2-495e-94f9-ee3b8207fe3b,P_00426,1,mass,BENIGN,0.16311932,0,368,111,0.0,0.0,0.03472280874848366,0.0,0.0014228820800781,0.0,0.0,0.0
8d1bee27-f23c-4a66-a4b8-ce3c185000e9,P_00430,1,mass,BENIGN,0.5197982,0,207,47,2.288727573454821e-05,0.0006087094079703093,0.03840470686554909,0.015849860580962945,0.0014419555664062,0.0,0.0,0.0
1fcf020d-315c-4327-ab7f-975b147c8caa,P_00430,1,mass,BENIGN,0.45680824,0,272,47,7.272643853165263e-06,0.0005733805592171848,0.08249210566282272,0.006950731650050213,0.0010452270507812,0.0,0.0,0.0
c6d7be83-10f5-4e15-b01c-88ffe4d5f80b,P_00435,1,mass,MALIGNANT,0.48119944,0,144,143,0.0011899581443291602,0.10385124385356903,0.07088520377874374,1.4650621521397003,0.0008125305175781,0.0004921446148021957,0.0032398231437719164,0.0025937039108986423
d84f1600-96a0-4db3-a38b-097c4351f42c,P_00453,1,mass,BENIGN,0.5947215,0,208,47,0.0017622782501724593,0.05553170293569565,0.04169320687651634,1.3319121693143763,0.0013236999511718,0.00022593764121102577,0.004816937341736002,0.003927250543333206
4adde7c8-8a7f-426c-807e-a9bf36ec5e7f,P_00453,1,mass,BENIGN,0.40013245,0,240,47,0.0,0.0,0.08001630753278732,0.0,0.0013694763183593,0.0,0.0,0.0
e1349588-c4ef-428e-956f-888e9ae5800e,P_00471,1,mass,MALIGNANT,0.87730485,0,240,367,0.07151611648837054,0.8047860860824585,0.029377693310379982,27.394452097897815,0.0028038024902343,0.028037383177570093,0.014018958973087414,0.009346032068969902
8b6faeef-280c-4f8a-83b6-9939e792d7e8,P_00471,1,mass,MALIGNANT,0.66231644,0,240,336,0.044912628016793105,0.8293107151985168,0.04099813103675842,20.228007763936592,0.0023193359375,0.02318575296495443,0.01159663544984646,0.007731139452971021
45d0c677-e3cb-4fe6-9eb1-40147ca7835b,P_00484,1,mass,MALIGNANT,0.49042684,0,207,80,0.021180994673225803,0.2441684752702713,0.0544530488550663,4.484017618186639,0.0048027038574218,0.0467481997942622,0.024013427683152455,0.016009053571201505
2362b0b3-d30e-47f7-bdae-aa200bd2366a,P_00487,1,mass,BENIGN,0.10075956,0,304,496,3.1692555959633533e-06,0.0001870092673925683,0.07460041344165802,0.0025068124115786112,0.0012626647949218,0.0,0.0,0.0
e93185d5-c3db-4b29-bb0f-95a48ecf2aa6,P_00487,1,mass,BENIGN,0.07426436,0,240,47,0.0,0.0,0.05480661243200302,0.0,0.00140380859375,0.0,0.0,0.0
c50c3313-7cb7-4c37-958c-161a4c3f45fc,P_00488,1,mass,BENIGN,0.49883446,0,239,112,0.0,0.0,0.08700651675462723,0.0,0.000701904296875,0.0,0.0,0.0
8f129ad6-26b3-48f0-92ef-6d7b726387d6,P_00488,1,mass,BENIGN,0.7444602,0,399,144,0.0,0.0,0.05149032175540924,0.0,0.002166748046875,0.0,0.0,0.0
509e5b18-c4c0-4443-9c2c-014a8ecd0236,P_00492,1,mass,BENIGN,0.2492898,0,303,0,1.4718254054286797e-05,0.0004696921387221664,0.09976734220981598,0.004707874152401872,0.0031166076660156,0.0,0.0,0.0
b9522ec8-2de4-4ce5-91f2-af2ad96bf398,P_00512,1,mass,BENIGN,0.60990375,0,399,208,1.621321832159836e-05,0.0032251530792564154,0.10705005377531052,0.03012752132521614,0.0005378723144531,0.0,0.0,0.0
663e9b7e-53d1-4477-a5e7-ff24f106bc63,P_00512,1,mass,BENIGN,0.57261705,0,400,175,5.535709061337683e-08,2.2888191324454965e-06,0.09754540026187897,2.3464139689409597e-05,0.0023536682128906,0.0,0.0,0.0
37e9c07f-5c0d-427a-ab3d-3fd34467af8a,P_00515,2,mass,BENIGN,0.3547381,0,303,271,0.00021569776574165795,0.003999059554189444,0.03272552788257599,0.1221999640934445,0.0017623901367187,0.0,0.0,0.0
4f332d5a-a0ea-4ff2-9edc-8c93f4715df8,P_00515,2,mass,BENIGN,0.49793598,0,399,48,1.597627493637239e-07,2.8048441436112626e-06,0.04512085020542145,6.216291380176855e-05,0.0025634765625,0.0,0.0,0.0
7ba205bb-6494-41a9-bfca-b42e433297c7,P_00515,1,mass,BENIGN,0.2862584,0,399,48,0.02052507577829371,0.13386422395706177,0.044957730919122696,2.9775567281700948,0.006988525390625,0.03643619969698089,0.02221091895557816,0.015995859004140994
213a8fbd-c922-4ad7-9d26-dd6b85ba0df8,P_00518,1,mass,BENIGN,0.57341737,0,336,80,0.00011338217750107156,0.003663263749331236,0.04368419572710991,0.08385785407694518,0.0013504028320312,0.0,0.0,0.0
d5f3d525-4193-4bf7-8f72-878c28973003,P_00518,1,mass,BENIGN,0.6116139,0,368,111,0.0019248984208845453,0.056636977940797806,0.04128321632742882,1.3719125896700535,0.00140380859375,0.0015447215733554367,0.004470910543738823,0.004041020166978003
cca37566-70d3-461b-b618-816c1cf64e24,P_00534,1,mass,BENIGN,0.70287114,0,399,48,6.581896271992808e-05,0.005812468472868204,0.15623915195465088,0.03720237871318908,0.0017662048339843,0.0,0.0,0.0
972cd66a-568c-47fd-a613-3cf89051aeef,P_00534,1,mass,BENIGN,0.79664844,0,399,48,0.0,0.0,0.06584647297859192,0.0,0.0022773742675781,0.0,0.0,0.0
abb73f53-dc55-4018-971c-4cf4c16e7ac1,P_00564,1,mass,MALIGNANT,0.10568763,0,399,47,0.024831716373469502,0.2181117683649063,0.03915916383266449,5.569876660241722,0.0045509338378906,0.045508296776654585,0.022754582387609912,0.015169818038477677
3ae8d27f-4142-47d8-a2e0-21f6986588e2,P_00586,1,mass,MALIGNANT,0.35382253,0,175,47,0.008634240697135141,0.08074124157428741,0.06459786742925644,1.249905488964559,0.0069198608398437,0.0,0.023313716613852422,0.020095596718775754
20b00f7e-6bd7-415c-b40d-4a119c76f8c8,P_00586,1,mass,MALIGNANT,0.32069162,0,400,48,0.00040236769449398635,0.003972900565713644,0.03935035318136215,0.10096223375125957,0.0039710998535156,0.0,0.0,0.0004519887505022097
20b00f7e-6bd7-415c-b40d-4a119c76f8c8,P_00586,2,mass,MALIGNANT,0.32069162,0,400,48,0.0,0.0,0.039429012686014175,0.0,0.0055580139160156,0.0,0.0,0.0
a37cec21-d8c7-4c23-a9ea-174436fd3310,P_00604,1,mass,MALIGNANT,0.6504043,0,143,112,0.0004169428303908094,0.013654840178787708,0.03537893295288086,0.38595952957028107,0.0010795593261718,0.0,0.0005884474478464721,0.0009130798691252188
76d8568d-1dfa-41d5-af1c-3d145a53a1dd,P_00604,1,mass,MALIGNANT,0.87697136,0,367,47,0.0010849072997538192,0.06475552171468735,0.06352423876523972,1.0193827235013504,0.0010643005371093,0.0,0.00013282480408341398,0.0027061708317981424
92997382-e4a8-40fe-a1cc-dc688f689dd9,P_00617,1,mass,BENIGN_WITHOUT_CALLBACK,0.19225444,0,368,79,0.00011178198252412623,0.005561012774705887,0.024870360270142555,0.22359991887141337,0.0004997253417968,0.0,0.0,0.0
c88074b4-3814-43ae-94af-c850e609c735,P_00626,1,mass,BENIGN,0.2916828,0,368,464,0.0005355831857747946,0.014136143028736115,0.05889967456459999,0.24000371365710585,0.002227783203125,0.0,0.0003585311544703174,0.0007958162801273306
762443fa-0a46-4c72-ba72-d4d0b0e30133,P_00626,1,mass,BENIGN,0.19598113,0,400,48,0.00241275279229006,0.05071203038096428,0.06233319640159607,0.8135636414119357,0.0029640197753906,0.0,0.006393281380040856,0.008085500679080513
c1679199-c480-49a9-ab07-aa1f2b2f76e7,P_00640,1,mass,BENIGN,0.5281084,0,304,496,0.0,0.0,0.06113819405436516,0.0,0.0019302368164062,0.0,0.0,0.0
8ab32bec-b3e3-4276-a576-be7169a351cf,P_00640,1,mass,BENIGN,0.7208726,0,240,336,0.0011342471567955472,0.05727947875857353,0.10064557939767838,0.569120605297929,0.0019912719726562,0.0,0.000207782395164337,0.001251991805144548
39a0e094-29c1-49eb-932b-f5ac2a0f84cb,P_00659,1,mass,BENIGN,0.13348484,0,207,48,0.0,0.0,0.052718207240104675,0.0,0.0031929016113281,0.0,0.0,0.0
90b0d33c-dc98-406a-a6bf-64d4f7d772c5,P_00670,1,mass,BENIGN,0.6547792,0,175,48,0.00913943202709679,0.5535203814506531,0.08482076972723007,6.525763889823758,0.0014114379882812,0.014114056837688346,0.007057163020465773,0.004704685612562782
2cfe62a3-bbca-4a50-b6c9-02cfed541bb7,P_00670,1,mass,BENIGN,0.67078316,0,239,47,6.06152184527661e-05,0.0031260999385267496,0.06795883923768997,0.04599989513643817,0.0013160705566406,0.0,0.0,0.0
f2612606-b6ce-4e80-96ce-f9fa52b9420c,P_00702,1,mass,MALIGNANT,0.78945094,0,367,80,0.002379476598033071,0.25430262088775635,0.10788968950510025,2.357061165748587,0.0010108947753906,0.0017022886324947987,0.005054454595739,0.0033690580622195102
6e2624b4-57f5-403e-b63b-9e37aa81234a,P_00702,1,mass,MALIGNANT,0.849014,0,144,111,0.0008635773612552201,0.0471661314368248,0.04166537523269653,1.1320219691575444,0.000762939453125,0.0,0.0033171289676865883,0.0025431379779509936
374171f6-f159-4aff-be30-a818f1c2ffad,P_00717,1,mass,MALIGNANT,0.71331227,0,144,80,0.0026304247644561973,0.12444102764129639,0.041975513100624084,2.9646093353735052,0.0008888244628906,0.007504476019961144,0.0044441053615365544,0.002962755744312908
05998a0d-e42a-4bef-b0f5-63ca1279e7ca,P_00717,1,mass,MALIGNANT,0.7140215,0,143,80,1.2747076860620512e-05,0.0007464897935278714,0.0628405436873436,0.01187910910591194,0.0010719299316406,0.0,0.0,0.0
1ceba43d-300f-417c-bd27-72924b8c7d1c,P_00747,1,mass,BENIGN_WITHOUT_CALLBACK,0.058662947,0,144,0,0.0,0.0,0.020055338740348816,0.0,0.0021400451660156,0.0,0.002140045166015625,0.002140045166015625
28ea6cf7-bf13-4e38-8d1c-aa4cff60c97f,P_00747,1,mass,BENIGN_WITHOUT_CALLBACK,0.48156503,0,399,80,0.0,0.0,0.13603611290454865,0.0,0.0028190612792968,0.0,0.0,0.0
1330935a-51e0-4f7c-bfdd-1f6eeb7c3213,P_00753,1,mass,MALIGNANT,0.9591037,0,176,272,0.02794711231616074,0.49472641944885254,0.051221054047346115,9.65865174123585,0.0029678344726562,0.029677665458706846,0.01483911575654695,0.009892806734229365
a72745b8-39ad-4cf5-bb66-a54f9ad1b938,P_00753,1,mass,MALIGNANT,0.89236903,0,399,80,0.017328927772312278,0.390492707490921,0.07254436612129211,5.38281157505619,0.003265380859375,0.02853343465045593,0.01632684201491541,0.010884630545630254
9436ce53-ccb8-45a7-80a2-cbfb4a7729d1,P_00775,1,mass,BENIGN_WITHOUT_CALLBACK,0.20107481,0,399,48,0.0,0.0,0.022562982514500618,0.0,0.010711669921875,0.0,0.0,0.0
0d79dcba-a5a9-4c93-a3f9-7caf03ac253b,P_00775,1,mass,BENIGN_WITHOUT_CALLBACK,0.2729681,0,399,48,0.021505014849836832,0.045883145183324814,0.036571208387613297,1.254624461701431,0.0172157287597656,0.04502788736226364,0.037213792600958126,0.02724768715801435
eb3d4ddf-6001-49b6-97c9-0504bc2a7eca,P_00776,1,mass,MALIGNANT,0.5284189,0,400,271,0.0024414300289883934,0.09022204577922821,0.03941749036312103,2.2888829821294263,0.001068115234375,0.0062283999848087804,0.005301296720061022,0.0035603931691313914
c5602046-3986-4688-a316-817595e22557,P_00776,1,mass,MALIGNANT,0.6689064,0,271,271,0.0002680144980740943,0.020936626940965652,0.05813663452863693,0.3601278868210685,0.0007438659667968,0.0,0.0,6.342038838645848e-05
62a2a7fa-6cb1-406c-b376-d2d74709e26c,P_00781,1,mass,BENIGN,0.657889,0,239,336,0.15055359662833706,0.6736730337142944,0.03278838098049164,20.546083951332495,0.0085525512695312,0.08552355521647911,0.04276259322130882,0.02850857673283064
95b8d6b1-0d5e-4b6a-b75d-40b3814108b6,P_00781,1,mass,BENIGN,0.2220823,0,368,80,0.010062200709905194,0.058464378118515015,0.043930746614933014,1.3308302115297896,0.0075798034667968,0.008583077033116372,0.021187156342072175,0.01859243166776133
83a2775d-e25b-4480-bdd4-953ad5e46331,P_00797,1,mass,BENIGN,0.71225816,0,239,239,7.767763069305572e-05,0.0021211656276136637,0.04381779953837395,0.04840875548002984,0.0016021728515625,0.0,0.0,0.0
83a2775d-e25b-4480-bdd4-953ad5e46331,P_00797,2,mass,MALIGNANT,0.71225816,0,239,239,0.035890373890559345,0.3228462040424347,0.04238692298531532,7.616644595500284,0.0048637390136718,0.04819644627468924,0.024318602300253678,0.016212504609437586
602dec66-91f5-4d25-a258-1c65a80f8571,P_00797,1,mass,BENIGN,0.8676845,0,271,240,8.680368149331175e-05,0.003015391528606415,0.07622402161359787,0.03955959117843996,0.0021896362304687,0.0,1.886721255801668e-05,6.312174922991466e-05
602dec66-91f5-4d25-a258-1c65a80f8571,P_00797,2,mass,MALIGNANT,0.8676845,0,271,240,0.06496350094165998,0.7339088916778564,0.07160446047782898,10.24948424002518,0.0067329406738281,0.06732786572572955,0.03366457494897862,0.02244319265541752
21e47401-4252-419c-b922-e3b37ff03fe2,P_00797,1,mass,BENIGN,0.31659004,0,399,0,8.669503165438191e-05,0.0020251122768968344,0.06289525330066681,0.03219816836151737,0.002685546875,0.0,0.0,0.0
eb192418-85fd-409b-b79d-b54d1927e1dc,P_00797,1,mass,BENIGN,0.5872687,0,400,80,0.0,0.0,0.034651368856430054,0.0,0.0033378601074218,0.0,0.0,0.0
4c90e4e7-fed7-40ea-9186-6b9d4db25c0e,P_00810,1,mass,MALIGNANT,0.57707536,0,176,143,0.0001469762984732481,0.0117146335542202,0.04045289754867554,0.28958693612132574,0.0005073547363281,0.0,0.0,0.0
603bbfa1-0e04-48fe-9ae1-0319983b80ce,P_00831,1,mass,MALIGNANT,0.34265932,0,175,48,3.817063444007791e-08,3.8609786656707e-07,0.06657141447067261,5.7997537177105426e-06,0.0065383911132812,0.0,0.0,0.0
2b86688d-8d15-4ffc-aea6-091bafabfd23,P_00849,1,mass,MALIGNANT,0.6072292,0,240,304,0.1062216349541931,0.797240674495697,0.02251756377518177,35.405265347654506,0.0033454895019531,0.03345412931527751,0.016722918215967813,0.011151660033315108
9ea6033c-7b65-4a87-895f-803d05d51328,P_00849,1,mass,MALIGNANT,0.37532672,0,208,47,0.0013587184539134121,0.023027418181300163,0.054667387157678604,0.42122763070064556,0.0032196044921875,0.0,0.002483957772717864,0.007938017524505143
d4fd20b7-6792-482a-a4e5-711329c4e5c3,P_00871,1,mass,MALIGNANT,0.83466244,1,207,239,0.06914825059687829,0.5071571469306946,0.051033567637205124,9.93771494007429,0.0074195861816406,0.07312983499104454,0.037097789391367375,0.024731702354915824
dcb8137c-183c-4937-b114-f5407a950a1b,P_00871,1,mass,MALIGNANT,0.47305477,0,240,303,0.0640752369704312,0.61589515209198,0.07041766494512558,8.746314793436861,0.0077667236328125,0.07206284153005464,0.03883347002613058,0.02588486574450773
5268aeef-5e00-477c-bfb3-b410442623ca,P_00889,1,mass,MALIGNANT,0.7633013,0,240,112,0.0003743726975915518,0.018114794045686722,0.1089228168129921,0.16630851930410998,0.0022468566894531,0.0,0.0,0.0
ab96c94d-36cd-4991-b07c-78dc015357e7,P_00889,1,mass,MALIGNANT,0.3823404,0,400,48,0.0003241231531202106,0.0037145528476685286,0.033794764429330826,0.10991500639946958,0.0029411315917968,0.0,0.0,3.7778141567289165e-05
b5281aca-9a12-452c-8f94-cf1f470f0b8f,P_00901,1,mass,MALIGNANT,0.7788874,0,303,303,0.062425486524012856,0.5590133666992188,0.03854537010192871,14.5027332775283,0.0045700073242187,0.045699027274461186,0.022849949455454044,0.015233396487926452
bbffd60a-2811-4abe-91b6-1b0f8779e3f2,P_00901,1,mass,MALIGNANT,0.7069161,0,176,47,0.000752480862459045,0.031809188425540924,0.09447488933801651,0.33669459981886396,0.0022315979003906,0.0,0.0,0.0005177617538232286
7371a5d4-f85a-4155-a170-3d3710120970,P_00968,1,mass,MALIGNANT,0.35442764,0,368,111,0.00247808871363322,0.027839723974466324,0.04640351980924606,0.5999484110133183,0.0041236877441406,0.005785032609897196,0.00686800263430238,0.005765324788373472
ec03f9c4-3ca6-4e8e-bf2e-8d4791eb1a2a,P_00968,1,mass,MALIGNANT,0.57418466,0,368,80,0.003715788416718707,0.10103548318147659,0.08500427007675171,1.1885928930902074,0.0031280517578125,0.002521600474654207,0.007320948885778064,0.005949894294431152
b5def139-3b10-47d1-ad50-9880da8e96b5,P_00988,1,mass,BENIGN,0.5696383,0,368,79,0.006495296759711227,0.28635093569755554,0.0838683545589447,3.4142902058892686,0.0019111633300781,0.015508590542800668,0.009555780197982033,0.00637056063476724
a9f40833-8cf9-43e0-9fcc-c0ec67d20157,P_00988,1,mass,BENIGN,0.5114047,0,368,111,0.0,0.0,0.05721789598464966,0.0,0.0016632080078125,0.0,0.0,0.0
ac5453bb-32bf-413a-a4ef-c5dcfdd92629,P_01039,1,mass,MALIGNANT,0.47021428,0,399,48,0.007502221633518232,0.4508759677410126,0.08864441514015198,5.086343185464304,0.0014839172363281,0.014838832729353423,0.007419557878273475,0.004946403367114683
c97a1fbe-2a0f-4101-acca-7b0867a44ef0,P_01039,1,mass,BENIGN,0.6298125,0,400,48,0.0009395834697024728,0.05208316445350647,0.04905535653233528,1.061722052757987,0.000885009765625,0.0,0.00419519078583551,0.0029500025431056405
c97a1fbe-2a0f-4101-acca-7b0867a44ef0,P_01039,2,mass,BENIGN,0.6298125,0,400,48,0.0009725159939643462,0.03970417380332947,0.04906928166747093,0.8091450366227765,0.0012016296386718,0.0,0.002852036353956725,0.0034949926287428192
c97a1fbe-2a0f-4101-acca-7b0867a44ef0,P_01039,3,mass,BENIGN,0.6298125,0,400,48,0.00020585263709692667,0.006702075246721506,0.04912194982171059,0.13643745630359333,0.0015068054199218,0.0,0.0,0.0
c97a1fbe-2a0f-4101-acca-7b0867a44ef0,P_01039,4,mass,BENIGN,0.6298125,0,400,48,4.342060616989373e-05,0.0018613352440297604,0.049112096428871155,0.03789972329379771,0.0011444091796875,0.0,3.7931230678779375e-05,0.00016470081463556776
c97a1fbe-2a0f-4101-acca-7b0867a44ef0,P_01039,6,mass,BENIGN,0.6298125,0,400,48,0.006943649221465735,0.2947101593017578,0.04877375811338425,6.042390627204482,0.0011558532714843,0.011558268167079916,0.005779244311354403,0.0038528050455215908
e7eae071-2106-40cf-97ff-a4392e2b7981,P_01039,1,mass,BENIGN,0.6209673,0,431,48,0.0042788929120346755,0.19547243416309357,0.06847015768289566,2.854855490764688,0.0015029907226562,0.007725809505775422,0.0064399352195865485,0.004703369900974996
e7eae071-2106-40cf-97ff-a4392e2b7981,P_01039,2,mass,BENIGN,0.6209673,0,431,48,0.004540426663922386,0.17537231743335724,0.0684710144996643,2.561263230904586,0.0017776489257812,0.006070889894419306,0.008888210723073109,0.005925511488625816
e7eae071-2106-40cf-97ff-a4392e2b7981,P_01039,3,mass,BENIGN,0.6209673,0,431,48,6.860153965653128e-06,0.001543455757200718,0.06868153810501099,0.022472640757031915,0.00030517578125,0.0,0.0,0.0
e7eae071-2106-40cf-97ff-a4392e2b7981,P_01039,4,mass,BENIGN,0.6209673,0,431,48,2.9340250887644464e-07,1.8210259440820664e-05,0.06873707473278046,0.0002649262695910678,0.0011062622070312,0.0,0.0,0.0
e7eae071-2106-40cf-97ff-a4392e2b7981,P_01039,5,mass,BENIGN,0.6209673,0,431,48,0.0035904731432129396,0.19524233043193817,0.06850101798772812,2.850210225559179,0.0012626647949218,0.0064452532605398846,0.006313299891281543,0.004208893353508895
e7eae071-2106-40cf-97ff-a4392e2b7981,P_01039,6,mass,BENIGN,0.6209673,0,431,48,0.00013905936547260335,0.005429372191429138,0.06877244263887405,0.0789469036379859,0.0017585754394531,0.0,0.0,0.0
6689d38d-b850-4c29-b0e3-70478a838abc,P_01052,1,mass,BENIGN,0.5585991,0,207,47,0.00018758800070345946,0.009150694124400616,0.09394937753677368,0.09740025309711413,0.001922607421875,0.0,0.0,0.0
0cd34fcf-ffd1-4177-9745-52f458d48484,P_01052,1,mass,BENIGN,0.73253536,0,399,48,0.004101569822829077,0.0269265566021204,0.04603792726993561,0.5848775640020776,0.0069923400878906,0.0075436453768230475,0.0060442005339661825,0.00518354754499694
4d51adb4-f845-4f5f-bfad-a45e141a4f9b,P_01076,1,mass,MALIGNANT,0.5699877,0,239,239,0.016581767569978152,0.325245201587677,0.05867655947804451,5.543016650102161,0.0030326843261718,0.030324992371071103,0.015163363787216999,0.0101089734623552
ed7fb899-c446-4389-ad4c-3949f0ad83b9,P_01076,1,mass,MALIGNANT,0.78419435,1,240,144,0.04646127449117461,0.796917736530304,0.050253767520189285,15.857867325697953,0.0030632019042968,0.030631317947739843,0.015313906476466549,0.01021069898147324
6b7efff1-5989-49cd-ac80-b4cecc2d1152,P_01133,1,mass,BENIGN_WITHOUT_CALLBACK,0.09781553,0,400,47,0.0,0.0,0.017084090039134026,0.0,0.0037918090820312,0.0,0.0,0.0
2c41f2b1-8c73-49c6-a32d-cc7edad29a7d,P_01175,1,mass,BENIGN_WITHOUT_CALLBACK,0.42211542,0,368,47,0.0035775058656414365,0.04849935695528984,0.03000536374747753,1.6163557022637336,0.0022163391113281,0.0036328227407213215,0.008868757612667479,0.007387440080359073
b04892b2-174c-4022-93a9-ca976d6670c3,P_01175,1,mass,BENIGN_WITHOUT_CALLBACK,0.17000292,0,368,0,0.0,0.0,0.028474878519773483,0.0,0.0019721984863281,0.0,0.0,0.0
b1c05978-b118-4444-bf11-e16c028a88e7,P_01175,1,mass,BENIGN_WITHOUT_CALLBACK,0.39333418,0,368,79,0.00020617972184937053,0.003883292665705085,0.028416898101568222,0.1366542993286022,0.0015068054199218,0.0,0.00022719097294534164,0.0008229514838448294
69640277-3ace-42c6-b147-ebcba6bf5bcf,P_01182,1,mass,BENIGN,0.28811073,0,176,47,0.0,0.0,0.0846124067902565,0.0,0.0020790100097656,0.0,0.0,0.0
9cdc9a4c-10d7-497c-821d-4d5a0ef2e4eb,P_01182,1,mass,BENIGN,0.22146425,0,175,111,0.0,0.0,0.07758713513612747,0.0,0.0018882751464843,0.0,0.0,0.0
28564018-87f5-41a5-8ed2-478a729a4c1c,P_01206,1,mass,MALIGNANT,0.31267834,0,239,80,1.3547648751563831e-09,4.466198788577458e-08,0.1054697036743164,4.2345794190442086e-07,0.0031890869140625,0.0,0.0,0.0
2e1123bd-eff9-4f67-8049-ef1bdb8193ec,P_01206,1,mass,MALIGNANT,0.5409672,0,368,47,0.011802822281647108,0.22383031249046326,0.04572100192308426,4.8955677723627264,0.0024337768554687,0.020986199292856327,0.012168837856911252,0.008111784974126204
df492dd7-428c-49a4-82f7-7f04f4a299e2,P_01221,1,mass,MALIGNANT,0.22757214,0,399,79,0.0038430051664296292,0.01921786181628704,0.0296682920306921,0.6477573875446597,0.00592041015625,0.005686345526982977,0.006225884019609671,0.005668209121803795
e55650c9-e43b-4225-a2b1-88176a06a559,P_01221,1,mass,MALIGNANT,0.30932453,1,176,240,0.32836075368658263,0.411712110042572,0.019665732979774475,20.93549735018928,0.0228195190429687,0.19438364803205105,0.10099334627636515,0.06806593295638126
bf6300f1-8e6c-41e7-9c02-6bfc7e5f6d6a,P_01230,1,mass,MALIGNANT,0.46984568,0,176,47,5.50023003914981e-05,0.005239071790128946,0.07417849451303482,0.07062789718561022,0.0007781982421875,0.0,0.0,0.0
276e3c09-a292-4a1a-83e2-95034f40327a,P_01250,1,mass,BENIGN,0.6923795,0,239,175,0.0783975677832674,0.6129299402236938,0.03332909196615219,18.39023268152148,0.0046043395996093,0.04604234217051306,0.02302161017757348,0.015347837696934248
fd9e2652-207f-42a5-b199-e5c45c3656f8,P_01250,1,mass,BENIGN,0.7646491,1,240,240,0.10627693170241062,0.724247932434082,0.02838338539004326,25.51660653989777,0.004638671875,0.046383887702166615,0.02319327089969292,0.015460116459429908
a8b8ac8c-82de-4f99-8b9d-384793be6290,P_01261,1,mass,MALIGNANT,0.8347393,0,368,80,0.03657316549993897,0.6841682195663452,0.06077389419078827,11.25759861368339,0.0033607482910156,0.03360671371352279,0.01680367735413607,0.011202522792874127
6574a006-c9f0-45dd-b41a-370954ed3834,P_01261,1,mass,MALIGNANT,0.9420659,0,271,304,0.051244137492989145,0.7233874201774597,0.044339705258607864,16.314660930011843,0.0032997131347656,0.032996376120541675,0.016498502737034848,0.010999071754638047
451a1c8f-78c0-42ec-98ae-3cc182589031,P_01265,1,mass,BENIGN,0.054171823,0,271,303,0.0,0.0,0.02162245474755764,0.0,0.00103759765625,0.0,0.0,0.0
767f4b4e-db6e-49b4-ac18-11b3c3f53394,P_01265,1,mass,BENIGN,0.11619766,0,239,47,0.002261713803672154,0.08095788955688477,0.0323176234960556,2.505068620410147,0.0009040832519531,0.009040625596032806,0.00452039901581186,0.0030134652307144583
9e2e1640-0000-4aee-b31e-e1576d7f5ab0,P_01280,1,mass,BENIGN,0.18325843,0,144,47,0.0,0.0,0.06853744387626648,0.0,0.001129150390625,0.0,0.0,0.0
f393e9f8-beaf-4fce-91e9-f86191783caa,P_01280,1,mass,BENIGN,0.35029855,0,303,47,0.0,0.0,0.03566596284508705,0.0,0.0012016296386718,0.0,0.0,0.0
e291946e-06aa-44bd-86af-30344a7e8d06,P_01330,1,mass,BENIGN_WITHOUT_CALLBACK,0.09613194,0,368,79,0.0,0.0,0.04145941883325577,0.0,0.0049781799316406,0.0,0.0,0.0
782c8a19-3f36-4ac5-a363-017a51504323,P_01332,1,mass,BENIGN_WITHOUT_CALLBACK,0.13495894,0,271,336,0.004324711253475653,0.30267244577407837,0.03643687814474106,8.306758924410595,0.0005226135253906,0.005223624509093682,0.0026130576589292187,0.0017420495148964307
45d389f9-4911-43da-bd21-9134b8fc93c7,P_01332,1,mass,BENIGN_WITHOUT_CALLBACK,0.20912114,0,399,79,0.0,0.0,0.03662460297346115,0.0,0.0006523132324218,0.0,0.0,0.0
2e9782ef-0b25-4acf-999d-a898cb7c234b,P_01355,1,mass,MALIGNANT,0.44360608,0,304,431,0.00024461016971693547,0.007830211892724037,0.05135686695575714,0.15246666769612174,0.0016021728515625,0.0,0.0,0.0
8bbdd285-db9c-4c3c-8f8d-c4c0185544cd,P_01356,1,mass,MALIGNANT,0.81389505,0,240,144,0.004333068343834619,0.038724590092897415,0.06238244101405144,0.620760958625605,0.0069618225097656,0.009686363472687335,0.008026457582401248,0.006164426383244764
ceb25555-4e6a-49da-a251-0ddd64ea46cc,P_01356,1,mass,MALIGNANT,0.74969363,0,144,496,0.018160901643828428,0.20479395985603333,0.06564109027385712,3.119904434898643,0.0058937072753906,0.0259442678690221,0.024641202824815855,0.018053474849554375
b38f93b0-d2e5-4d07-a6d2-47514ab614a9,P_01362,1,mass,BENIGN,0.58645856,0,336,47,0.0014970239508883296,0.09574056416749954,0.11029721051454544,0.8680233619746907,0.0017242431640625,0.0,0.002729857819905213,0.0026493927946657204
b6377c0d-64bb-407a-a3df-76204678b8a0,P_01373,1,mass,MALIGNANT,0.3920287,0,272,399,0.005662932011898361,0.2837862968444824,0.11316584050655365,2.507702593796596,0.0022659301757812,0.00914703003839494,0.007333244675798393,0.006478082487583675
e21b59fc-9195-4a3a-84de-c61e1d169bc6,P_01373,1,mass,MALIGNANT,0.46049073,0,399,80,0.000943921073083033,0.06082303449511528,0.11636646836996078,0.5226851868949944,0.0018043518066406,0.0,0.0,3.79204429107732e-05
758f6c9c-b7e2-4a6c-b73c-db5e4190ed62,P_01379,1,mass,MALIGNANT,0.67051387,0,176,48,0.0,0.0,0.10497361421585083,0.0,0.00128173828125,0.0,0.0,0.0
e5b91dae-0a5a-40e8-9b6d-c0be82e68f8b,P_01379,1,mass,MALIGNANT,0.4870703,0,175,48,4.500808715077361e-05,0.001598902978003025,0.0735987201333046,0.021724600072678374,0.0020675659179687,0.0,0.0,0.0
d1a3fa87-035d-4c40-a57a-4a885d51f460,P_01383,1,mass,MALIGNANT,0.75700426,0,240,176,0.009723969588540339,0.29551926255226135,0.0808090940117836,3.6570045685591155,0.0026779174804687,0.021789469688342254,0.013389536325316143,0.008926414302607988
71874481-0cdd-48f1-b455-4568debc8979,P_01383,1,mass,MALIGNANT,0.6803766,0,399,111,0.00019264529697626362,0.001933016930706799,0.05843157693743706,0.033081711998965355,0.0057907104492187,0.0,0.0,0.0
2ca8b930-5768-48da-9163-ec27345e6989,P_01402,1,mass,MALIGNANT,0.77038527,0,143,80,0.0,0.0,0.04684640094637871,0.0,0.0010757446289062,0.0,0.0,0.0
de83735b-8472-40ea-82a6-3c9bf1e641cc,P_01413,1,mass,MALIGNANT,0.69402444,0,336,240,0.021723997669159643,0.39117828011512756,0.04311198741197586,9.073536453833247,0.00244140625,0.02441350371924471,0.012204424103737605,0.008137938049946595
f6a7dbec-e7e8-4071-bf06-4a752158ac8c,P_01413,1,mass,MALIGNANT,0.6905219,0,336,367,0.05709535487189925,0.6577183604240417,0.053589899092912674,12.273175520482935,0.0049095153808593,0.049079052739961104,0.024547483263079595,0.016365092888114646
16de48ae-c498-4631-9b15-3b6589675d17,P_01417,1,mass,BENIGN,0.15207456,0,143,143,0.0,0.0,0.07375138998031616,0.0,0.0045814514160156,0.0,0.0,0.0
6e34b589-7d44-4187-8381-4e41a9f1edea,P_01418,1,mass,MALIGNANT,0.9515577,0,399,80,2.2336995118178033e-05,0.0005644590128213167,0.08229999244213104,0.0068585540227439745,0.0032463073730468,0.0,0.0,0.0
dbbcfbe3-f457-481b-bd7e-d5b77c342ade,P_01418,1,mass,MALIGNANT,0.5835423,0,303,0,0.002414281515497006,0.015629172325134277,0.04912417009472847,0.31815640067673,0.0075492858886718,0.0,0.003930251868253529,0.005838177690177391
5219c413-c015-4eb2-81ef-d80227e1fd55,P_01426,1,mass,MALIGNANT,0.3754516,0,367,48,0.0,0.0,0.07737980037927628,0.0,0.0023078918457031,0.0,0.0,0.0
0ea80d1b-3a79-4e2f-b450-527a2e0d7488,P_01426,1,mass,MALIGNANT,0.79434687,0,400,48,0.0004572107068986434,0.0073291524313390255,0.046464964747428894,0.15773499224261558,0.0028915405273437,0.0,0.0,0.0
9fbd854c-c80c-4c49-8d50-f128976f753c,P_01427,1,mass,MALIGNANT,0.1935352,0,272,272,0.019897800936442084,0.2564872205257416,0.056104786694049835,4.571573833952475,0.0044212341308593,0.042104461702451655,0.022106086326269814,0.014737484582226009
02547057-938f-45f5-8cee-9190b7bc1756,P_01441,1,mass,MALIGNANT,0.3647697,0,431,463,0.0,0.0,0.111427441239357,0.0,0.0010757446289062,0.0,0.0,0.0
4e83e036-0176-4851-a800-dbbdf3b38f1c,P_01441,1,mass,MALIGNANT,0.26844317,0,144,272,0.0,0.0,0.07522420585155487,0.0,0.0007743835449218,0.0,0.0,0.0
74a6e6e5-01b9-48a5-8277-f731e39dbca0,P_01474,1,mass,MALIGNANT,0.6486597,1,368,144,0.10049297771273819,0.7337428331375122,0.026563767343759537,27.62193131052899,0.0040283203125,0.040282281136753764,0.020141524728680693,0.013427768523581247
9b2ca9de-b23d-4835-9144-51f453d8b8ab,P_01474,1,mass,MALIGNANT,0.92752194,0,303,272,0.03727738469418323,0.39995095133781433,0.05824815109372139,6.8663275170917855,0.0056076049804687,0.056074766355140186,0.02803791794617483,0.018688499580462255
fbad8656-7a9d-420d-8456-a035898dde44,P_01475,1,mass,BENIGN,0.1316642,0,143,0,8.352864510254106e-07,1.9669136236188933e-05,0.06196397542953491,0.0003174285207744838,0.00262451171875,0.0,0.0,0.0
59f77287-39dc-4a16-acee-6590d573dc6c,P_01475,1,mass,BENIGN,0.470052,0,271,79,0.0010858993692544597,0.03016812913119793,0.06270682066679001,0.4810979730661973,0.0022544860839843,0.0,0.0006605643106539587,0.002213536725736475
bba672d9-0dd5-4702-9f0f-f92e9ca1f2d0,P_01482,1,mass,BENIGN,0.6358638,0,271,144,0.02868566934894384,0.49582910537719727,0.06416142731904984,7.7278366273441215,0.0038070678710937,0.038069807362197214,0.01903526674168876,0.012690258509975459
9bbfd1e0-736e-427e-b0ae-9feba10854b9,P_01482,1,mass,BENIGN,0.6431575,0,400,144,0.009519704080133884,0.08742550015449524,0.07053115218877792,1.2395301231603035,0.0076942443847656,0.013461607495423054,0.016314188117148562,0.012731176315492108
51d748f8-ebf2-4012-a0c2-46d0be66a266,P_01486,1,mass,BENIGN,0.44285008,0,271,336,0.028226849237494713,0.40085816383361816,0.050353288650512695,7.960911689537079,0.0036354064941406,0.03511444567163042,0.018176963131091572,0.012118052464936486
3af29e1b-b343-4d50-990e-59972164d41f,P_01486,1,mass,BENIGN,0.7430412,0,399,47,0.008800055847154516,0.049591317772865295,0.04525962099432945,1.0957075142543375,0.0080375671386718,0.020023769222458312,0.017690527730088827,0.014319809069212411
3708cb77-58c8-44c8-9102-38354fd4bd94,P_01491,1,mass,MALIGNANT,0.8179967,0,400,79,0.022396050437437393,0.36715829372406006,0.07783690094947815,4.71702036020382,0.0048332214355468,0.04645495392582438,0.024166014991703066,0.016110779090319546
a7f1dbc5-4978-4b90-96f0-e031b3b0da0d,P_01494,2,mass,MALIGNANT,0.5274037,0,240,239,0.04637577297205729,0.3227837085723877,0.05689575895667076,5.673246262269609,0.0084991455078125,0.056104262587256794,0.0349940351076521,0.025136902951019165
f7fc7e44-2cd2-4adf-99b7-701dbe4cf50a,P_01494,1,mass,MALIGNANT,0.7502333,0,368,80,0.018321697270691783,0.37448108196258545,0.07374933362007141,5.077754778290227,0.003662109375,0.03193590035695299,0.018310477026073357,0.01220613103790258
f7fc7e44-2cd2-4adf-99b7-701dbe4cf50a,P_01494,2,mass,MALIGNANT,0.7502333,0,368,80,0.06507567924133525,0.4829394221305847,0.07069270312786102,6.831530447234332,0.0100860595703125,0.1008582872401297,0.05043010547597704,0.033617719233556685
37c77136-eba4-4f95-ba52-925e26156616,P_01498,1,mass,BENIGN_WITHOUT_CALLBACK,0.14894585,0,399,80,0.0,0.0,0.03228380158543587,0.0,0.0029106140136718,0.0,0.0,0.0
80905de1-397c-43fb-86a5-17c16e8b9ac9,P_01501,1,mass,MALIGNANT,0.16323154,0,336,368,1.225939074463067e-05,0.000259341555647552,0.024883944541215897,0.010422039439832536,0.0011749267578125,0.0,0.0,0.0
e831e1e3-e808-4e12-b4c1-fcfccf85829a,P_01501,1,mass,MALIGNANT,0.54384744,0,304,47,0.0,0.0,0.05934152007102966,0.0,0.0013198852539062,0.0,0.0,0.0
ef762e79-d9f4-4b62-bc84-1c973b37b449,P_01529,1,mass,MALIGNANT,0.83870447,1,176,175,0.21582472392649987,0.5503972768783569,0.036651674658060074,15.016970761733296,0.0179977416992187,0.17997329773030707,0.08998836521772302,0.05999262489986394
d2732cb3-cb10-4e68-8a10-c46d346dcbb7,P_01529,1,mass,MALIGNANT,0.7242286,0,207,176,0.05323573076784043,0.39969661831855774,0.10695918649435043,3.7369074508676743,0.0148239135742187,0.06964926619523115,0.049693377322969676,0.03912014303341643
6a39ecc5-c5ae-459c-adc0-708558916d0b,P_01553,1,mass,MALIGNANT,0.4935321,0,111,80,0.0,0.0,0.05141974985599518,0.0,0.0013236999511718,0.0,0.0,0.0
308e5276-b4a2-4e90-867f-5734a50ec1a6,P_01596,1,mass,MALIGNANT,0.61286795,0,304,240,0.006835725384957522,0.18779779970645905,0.0575760155916214,3.261736074637771,0.002105712890625,0.013479232138124266,0.01052852428999218,0.00701825764125515
308e5276-b4a2-4e90-867f-5734a50ec1a6,P_01596,2,mass,MALIGNANT,0.61286795,0,304,240,0.028135367866330016,0.3706997036933899,0.05647054314613342,6.564477998543777,0.0043907165527343,0.04390616059507915,0.021953499017719202,0.014634084320805573
935e0954-9f18-42fb-8d62-09eb0be6d04b,P_01621,1,mass,BENIGN,0.094425075,0,240,143,0.0,0.0,0.024494387209415436,0.0,0.0007705688476562,0.0,0.0,0.0
0314783a-5f7c-4d70-86c5-abbd00cee33f,P_01621,1,mass,BENIGN,0.10861775,0,304,207,0.0009837259406187153,0.03226782754063606,0.028150342404842377,1.1462672678685686,0.0008583068847656,0.0008706514744293447,0.002207925691880163,0.0021211466893599727
c62e2f47-d0af-4414-8b2e-c28d08ab3e6b,P_01632,1,mass,BENIGN_WITHOUT_CALLBACK,0.4808966,0,431,79,3.5608174837131286e-05,0.0036512038204818964,0.0802462175488472,0.04550000581970472,0.0007820129394531,0.0,0.0,0.0
c62e2f47-d0af-4414-8b2e-c28d08ab3e6b,P_01632,2,mass,BENIGN_WITHOUT_CALLBACK,0.4808966,0,431,79,0.0024409435762322547,0.26863622665405273,0.08004892617464066,3.355900021806363,0.0007286071777343,0.007285905016212092,0.003643021991645845,0.002428696768943199
bb1329ef-8119-4e21-924f-a08c97e76934,P_01632,1,mass,BENIGN_WITHOUT_CALLBACK,0.4694391,0,463,48,0.00012238573631829597,0.007782780099660158,0.04709058627486229,0.1652724899517726,0.0007400512695312,0.0,0.0,0.0
bb1329ef-8119-4e21-924f-a08c97e76934,P_01632,2,mass,BENIGN_WITHOUT_CALLBACK,0.4694391,0,463,48,0.0001393668297278551,0.0066900900565087795,0.04710111394524574,0.14203673917178486,0.0009803771972656,0.0,0.0,0.0
67fb9a01-2418-4b5f-9aba-ffa58bd3f303,P_01632,1,mass,MALIGNANT,0.73294145,0,336,80,0.02932892283873043,0.49598562717437744,0.06456251442432404,7.682252693754863,0.0039176940917968,0.03917604424947549,0.019588395735184727,0.013057021168393617
d0dc4381-00af-47cb-9c4b-c73d20ce80cd,P_01632,1,mass,MALIGNANT,0.5098094,0,303,47,0.012917803605238904,0.10683441907167435,0.035184890031814575,3.036371255142788,0.0042915344238281,0.03317965384324692,0.021360186138764923,0.01430351421451457
9ceb4a62-6d30-4a0c-aa9a-843ef1f92401,P_01668,1,mass,MALIGNANT,0.65341747,0,368,0,0.01366976408551982,0.11121094226837158,0.11362039297819138,0.978793767257785,0.0139617919921875,0.007384677636903156,0.02013386199119712,0.018967203575540725
2bde2b86-5ee2-499c-ac5c-2bfc57c6a021,P_01668,1,mass,MALIGNANT,0.7403635,1,240,304,0.10004256334939866,0.3829165995121002,0.04695047810673714,8.15575332553686,0.0134468078613281,0.10664582868199747,0.06368337008592502,0.04317798062640446
186fcf1b-4a2a-4d60-9a1a-8abab682b999,P_01680,1,mass,BENIGN,0.36721426,0,111,111,0.0,0.0,0.050260912626981735,0.0,0.0018653869628906,0.0,0.0,0.0
d12810ce-7133-4dfa-961e-8749348630e6,P_01689,1,mass,BENIGN,0.48928893,0,143,143,1.9455203199647795e-05,0.0005227115470916033,0.048565011471509933,0.0107631280961802,0.0018043518066406,0.0,0.0,0.0
2a1259f8-1e6a-44ab-84ba-bf06851213d1,P_01694,1,mass,MALIGNANT,0.8782575,0,175,79,0.0004474904005672679,0.01219624001532793,0.07502999901771545,0.1625514933957726,0.00274658203125,0.0,0.0,0.00012601918011921414
2870684a-4aa2-44c3-9542-678a992c083a,P_01694,1,mass,MALIGNANT,0.49213696,0,175,368,8.101666366629168e-06,0.001374806510284543,0.0997469574213028,0.013782940432441939,0.0005874633789062,0.0,0.0,0.0
e92b7a6a-2282-40c8-b960-717eee14fe45,P_01710,1,mass,BENIGN,0.09396986,0,367,79,0.0,0.0,0.04465920478105545,0.0,0.001373291015625,0.0,0.0,0.0
3365f08b-71ce-4a57-aa10-c1d365f18527,P_01710,1,mass,BENIGN,0.23682046,0,368,79,0.00015006043111844835,0.0036846857983618975,0.048233043402433395,0.07639337629361034,0.0019607543945312,0.0,0.0,0.0
e6bffbef-317a-4bcc-be85-d3f24476f33e,P_01739,1,mass,BENIGN,0.10627502,0,272,207,0.0006514145686948372,0.012867255136370659,0.05254959315061569,0.24485922566324653,0.002655029296875,0.0,0.0,0.0002773680295523028
e843809f-7ce6-4a24-bccb-ca7fa0833969,P_01739,1,mass,BENIGN,0.16667326,0,271,400,0.002834058136619968,0.07654448598623276,0.05157048627734184,1.4842689427416573,0.0019111633300781,0.0,0.0033552594165260742,0.00637056063476724
c1821418-dce5-4d6f-917f-ce20314b1164,P_01739,1,mass,BENIGN,0.12721586,0,432,79,3.6633191123901156e-05,0.0011075842194259167,0.0390322171151638,0.02837614712985789,0.0012893676757812,0.0,0.0,0.0
ce4d9eb2-293d-4920-a9cd-62a00e1d1285,P_01739,1,mass,BENIGN,0.42966628,0,239,335,0.011029662059717915,0.39521464705467224,0.04222659021615982,9.359376436453589,0.001190185546875,0.01189795217938451,0.005950905033473841,0.0039672952456035505
af676fc7-9883-44bc-95d6-d73e3b6a79a7,P_01775,1,mass,MALIGNANT,0.57223856,0,368,79,0.020823416995560933,0.08965277671813965,0.048063308000564575,1.8653056103427261,0.0112724304199218,0.05443898207056102,0.05531525695013433,0.037324248048613055
6152adb3-b164-42ab-80ab-c7f74d8f813d,P_01788,1,mass,MALIGNANT,0.31391472,0,432,48,0.0004326353368284705,0.010029183700680733,0.0521804615855217,0.19220186012008925,0.0022468566894531,0.0,0.0,0.0
e698da37-6be3-434d-baa2-d3029992c7c3,P_01788,1,mass,MALIGNANT,0.45980686,0,431,48,0.0,0.0,0.05054880306124687,0.0,0.0030746459960937,0.0,0.0,0.0
ac8aaee6-93cc-4a3a-98fd-06add7b2e610,P_01799,1,mass,MALIGNANT,0.73457146,0,367,47,0.0003371044445193375,0.008912976831197739,0.05800105631351471,0.15366918916662992,0.0021896362304687,0.0,0.0,0.0
faa75023-c8d7-4fe1-801f-54e2493b03b0,P_01799,1,mass,MALIGNANT,0.33796623,0,175,48,6.17298789887895e-05,0.0004450612177606672,0.051936931908130646,0.008569261134933968,0.0071525573730468,0.0,0.0,0.0
b12b063d-e492-4b65-8813-cce39e96958a,P_01821,1,mass,BENIGN_WITHOUT_CALLBACK,0.10663832,0,208,175,0.002112377086413216,0.01510319858789444,0.01639496348798275,0.9212090888079104,0.0022926330566406,0.008419470024431499,0.007849174221259289,0.002292633056640625
b8af6810-ac9d-4eb0-abcd-f9506622d6ea,P_01821,1,mass,BENIGN_WITHOUT_CALLBACK,0.14310607,0,304,207,5.1615176264321227e-05,0.0006278406362980604,0.033312760293483734,0.018846845542019406,0.0027313232421875,0.0,0.0,0.0011100879240094356
59c0de48-587d-4c9a-a4a3-af9a781621ef,P_01831,1,mass,BENIGN,0.7487496,0,144,47,0.0002654865890991734,0.010777629911899567,0.08097697049379349,0.13309498386057533,0.0019912719726562,0.0,0.0,0.0
4d9fff99-9c9f-4c03-8563-82d79ab4b3cb,P_01831,1,mass,BENIGN,0.4557545,0,367,79,0.0,0.0,0.11534395813941956,0.0,0.0018539428710937,0.0,0.0,0.0
ed439d03-6c0b-48f5-a683-63d38c157e26,P_01860,1,mass,MALIGNANT,0.8170396,0,176,79,0.008297548373750227,0.23037217557430267,0.07815496623516083,2.9476328529757967,0.0028305053710937,0.02280315677644559,0.014152472868069199,0.009435041898198186
b5eaa364-c1d8-4cf7-9914-f8ddccd6caa4,P_00114,1,mass,BENIGN_WITHOUT_CALLBACK,0.1662388,0,368,48,0.0003996635724712637,0.005720160435885191,0.03830534219741821,0.1493305793510164,0.0026702880859375,0.0,0.0,0.0006431922514251123
ed063ab8-f543-4b3a-9610-c5975771bb68,P_00147,1,mass,MALIGNANT,0.8727607,0,112,111,0.0037109482007998775,0.12339568138122559,0.05176806077361107,2.3836252643227125,0.0015602111816406,0.008370260955194485,0.007801026149650003,0.0052007171649097825
c2f4048f-c731-4b2d-be73-bec2e859e9db,P_00147,1,mass,MALIGNANT,0.5370117,0,399,0,0.0031184578387055514,0.25689393281936646,0.083414226770401,3.0797372578792643,0.0010147094726562,0.00983756577442233,0.005073528009307826,0.0033823735106748216
73acfb03-8ab7-4fc9-8a6a-65f1e620e6f6,P_00156,1,mass,BENIGN,0.16136935,0,368,48,0.003665158968984546,0.025770531967282295,0.03218889608979225,0.8006029125498815,0.0045738220214843,0.006055268083232412,0.0056255625562556255,0.005098379848181578
1e6158fc-bfca-42c8-bb9a-3240fab8038b,P_00238,1,mass,BENIGN,0.6128952,0,304,239,0.00016247867437609116,0.028866199776530266,0.0983084887266159,0.29362873149760627,0.0005531311035156,0.0,0.0,0.0
5394e7d9-fe20-4880-881f-180d9b3eade6,P_00238,1,mass,BENIGN,0.3150434,0,367,80,0.0,0.0,0.058916132897138596,0.0,0.0008468627929687,0.0,0.0,0.0
d96235e7-7f0b-44a0-8313-6cd69ef2db37,P_00387,1,mass,BENIGN,0.4359793,0,368,80,7.688764510294072e-05,0.005432817153632641,0.06879518181085587,0.07897088460149251,0.0009727478027343,0.0,0.0,0.0
bceafeba-0c45-4946-8389-53055c013cec,P_00387,1,mass,BENIGN,0.19316004,0,240,47,0.0,0.0,0.057026416063308716,0.0,0.0014877319335937,0.0,0.0,0.0
b3ec166c-9151-4981-be25-2160eefc815e,P_00510,4,mass,BENIGN_WITHOUT_CALLBACK,0.17588985,0,368,143,0.0,0.0,0.05661331117153168,0.0,0.0007286071777343,0.0,0.0,0.0
e4b3698b-1c3b-43e1-bb8c-a872f85c7696,P_00510,2,mass,BENIGN_WITHOUT_CALLBACK,0.14784397,0,240,335,0.0,0.0,0.07203482836484909,0.0,0.000732421875,0.0,0.0,0.0
76069014-2437-46f5-9308-c72e6b4225c2,P_00524,1,mass,MALIGNANT,0.1668721,0,431,48,0.0,0.0,0.02692159079015255,0.0,0.0018081665039062,0.0,0.0,0.0
895c4a32-cb2d-4e97-908e-36b12e5cf632,P_00524,1,mass,MALIGNANT,0.32394475,0,400,47,0.0,0.0,0.026213927194476128,0.0,0.0005111694335937,0.0,0.0,0.0
657ec130-f060-4193-9744-9cd140702dcd,P_00598,1,mass,MALIGNANT,0.6936919,0,239,303,0.12265735170633144,0.5881510376930237,0.038037922233343124,15.462224236717704,0.0089607238769531,0.08960518786954035,0.044803448473173246,0.02986915555103442
6aadc716-3896-46e5-bdbb-60954254fa4a,P_00598,1,mass,MALIGNANT,0.89951915,0,239,303,0.11213345062285551,0.827194333076477,0.037440523505210876,22.093550909506945,0.0056838989257812,0.056837688346366586,0.028419386217551357,0.018946377935734903
e6719065-539e-4e21-a058-3e848ebbd39b,P_00612,1,mass,BENIGN_WITHOUT_CALLBACK,0.3898285,0,399,80,0.0,0.0,0.05549927055835724,0.0,0.0029373168945312,0.0,0.0,0.0
49f77e6b-6aac-4623-9886-19a0f20e3b25,P_00615,1,mass,BENIGN,0.30724895,0,176,112,0.0,0.0,0.07913366705179214,0.0,0.0031661987304687,0.0,0.0,0.0
496eb73c-1354-4b5d-8222-d14b39c6d021,P_00615,1,mass,BENIGN,0.122231536,0,303,47,0.0,0.0,0.05970825254917145,0.0,0.0021591186523437,0.0,0.0,0.0
2c4013a5-ba81-45f0-8e72-dc80a3644933,P_00662,1,mass,BENIGN,0.4137944,0,207,144,0.0321315183488747,0.3160296380519867,0.03879546374082565,8.146044050479505,0.004058837890625,0.040565785962103015,0.020294112037231304,0.013529494042699286
dfa89bb1-00a9-44aa-9421-9e9b2640b9b4,P_00662,1,mass,BENIGN,0.14179356,0,368,48,0.037665230228159235,0.20160254836082458,0.04505293443799019,4.474791844921603,0.0086708068847656,0.06592830951133727,0.04335386904194244,0.028902763119413043
6852ac59-5223-4cf7-9365-d08b1649655d,P_00699,1,mass,BENIGN,0.2687357,0,399,176,0.0,0.0,0.08632847666740417,0.0,0.0013771057128906,0.0,0.0,0.0
fd535c1e-f796-47f9-8244-1df879c00355,P_00699,1,mass,BENIGN,0.71883965,0,463,464,0.0,0.0,0.0624505989253521,0.0,0.0006523132324218,0.0,0.0,0.0
e8a5a157-6edb-4544-91e2-40f169e911f2,P_00738,1,mass,BENIGN,0.2495763,0,367,496,2.3195084609577095e-07,5.520704235095764e-06,0.04165656492114067,0.0001325290004170269,0.0017471313476562,0.0,0.0,0.0
4be68804-e5b7-4252-ae62-d1bbb2bdb700,P_00738,1,mass,BENIGN,0.46591517,0,367,80,0.0006720938760347578,0.02623947523534298,0.05275740474462509,0.4973608991713577,0.0013504028320312,0.0,0.0007394205976035189,0.0013563189250855622
7e5e766e-55aa-4174-98f0-f471084a5359,P_00773,1,mass,MALIGNANT,0.5285174,0,144,143,0.0,0.0,0.08268962055444717,0.0,0.0015220642089843,0.0,0.0,0.0
653582a9-c2df-456c-86f8-092d2b404ef2,P_00773,1,mass,MALIGNANT,0.26041415,0,175,47,0.0,0.0,0.08307997137308121,0.0,0.0015754699707031,0.0,0.0,0.0
fb6e0369-aa8a-4a6a-b513-a92897b1ec48,P_00788,1,mass,BENIGN,0.30704162,0,144,144,7.411621781608102e-06,7.43638229323551e-05,0.032754406332969666,0.0022703449262047324,0.0032539367675781,0.0,0.0,0.0
47560cfc-19aa-4f5c-bdad-8e4f29930c90,P_00951,1,mass,BENIGN_WITHOUT_CALLBACK,0.35879046,0,399,48,0.0,0.0,0.022454185411334038,0.0,0.0034904479980468,0.0,0.0,0.0
19abec85-4ac9-4321-9fbe-03af4c7e1c01,P_00951,1,mass,MALIGNANT,0.5641011,0,368,80,0.0,0.0,0.03077775426208973,0.0,0.0025749206542968,0.0,0.0,0.0
8248b470-93f8-4957-ae9e-720e7837050e,P_00951,1,mass,MALIGNANT,0.25575852,0,463,496,0.006870421626626676,0.2537879943847656,0.08697084337472916,2.9180809953798614,0.0023651123046875,0.01578469225528049,0.011764481561987568,0.00788372773164808
510eb901-549e-4d80-b25a-55389598eb3a,P_01044,1,mass,MALIGNANT,0.7461798,0,399,80,0.005584301178131143,0.10839064419269562,0.06427085399627686,1.68646626874309,0.0033187866210937,0.01529407354650073,0.01315414298477389,0.009778646990843631
22e7aba0-1bce-4729-8b8e-b4cfbcaae21d,P_01251,1,mass,BENIGN,0.74148893,0,143,143,0.006109406660348761,0.4203539788722992,0.12832476198673248,3.2757040777423683,0.0018730163574218,0.012895395585223395,0.00936343872764026,0.00624340373586969
293b5160-92ff-4a31-978e-f2c049fccc69,P_01251,1,mass,BENIGN,0.7713672,0,111,144,0.005374768036469866,0.21810920536518097,0.07620438188314438,2.862160565491298,0.0018844604492187,0.007886792452830188,0.008864234244538489,0.0062815508055389544
505f74da-843f-4204-9b04-88010fa9c1d1,P_01257,1,mass,BENIGN,0.21360162,0,367,79,0.001002345348118396,0.04457397386431694,0.061092495918273926,0.7296144296969167,0.001373291015625,0.0,3.7888116392293556e-05,0.0008361098090882603
e09b9bcc-f576-4ce6-9144-39e140ccf924,P_01257,1,mass,BENIGN,0.44962364,0,272,47,0.0004994303294273309,0.033739931881427765,0.08588328212499619,0.3928579243599794,0.0012702941894531,0.0,3.7907505686125855e-05,0.0003039821663795724
8e3e9a65-fdb3-4586-9938-d3ca8d05cf76,P_01331,1,mass,BENIGN_WITHOUT_CALLBACK,0.14244618,0,368,79,0.0002550043079353268,0.003300464479252696,0.021358799189329147,0.15452474199271402,0.00164794921875,0.0,0.0019333194336511306,0.0041397351077474
951504f3-fc12-4e21-b562-c633189bb69c,P_01331,1,mass,BENIGN_WITHOUT_CALLBACK,0.22657122,0,240,272,0.0036020878692326523,0.07014424353837967,0.04376845434308052,1.602620621746099,0.0022506713867187,0.007138831486004133,0.008445078459343794,0.007271710250314641
3d6d7e7a-e230-423c-8e2c-a5f241f3f14c,P_01365,2,mass,BENIGN_WITHOUT_CALLBACK,0.8121698,1,304,303,0.08880182263648356,0.5841121673583984,0.04893603175878525,11.936236490838281,0.0080986022949218,0.08098416936868205,0.04049285700661848,0.026995409635949798
8e1a2572-a7ea-4949-8d9b-af5e6349ede9,P_01539,1,mass,BENIGN,0.46657124,0,304,111,0.0023962264424733917,0.07732795923948288,0.06608328968286514,1.1701588693449185,0.0020484924316406,0.0,0.005849063769987466,0.006150249059672664
955f1fa1-320b-41b0-b680-42447e4f8330,P_01539,1,mass,BENIGN,0.43371338,0,304,335,0.0070303791681312795,0.13359931111335754,0.055516716092824936,2.4064695545983232,0.0029335021972656,0.018379439181794164,0.014666615807140678,0.009778365525221572
55d05287-0808-4667-b9fc-196c651f0d95,P_01595,1,mass,BENIGN,0.20622405,0,240,303,0.019170508547292082,0.1938604861497879,0.04103230684995651,4.724580550951593,0.004119873046875,0.022093240966111215,0.017281368821292775,0.013732945080935366
d027cb47-4875-4a17-b669-2e38cd50e488,P_01595,1,mass,BENIGN,0.6336777,0,239,80,0.0013483363322334683,0.03299008309841156,0.08520980924367905,0.3871629278319212,0.0034751892089843,0.0,0.0,0.001485472581700992
6c37715f-8426-4aab-8242-4f84dd47bc66,P_01599,1,mass,BENIGN,0.76763713,0,112,47,0.0025956254656861804,0.17428484559059143,0.069817453622818,2.4962929981551354,0.0010414123535156,0.005504308544964507,0.003924108503505029,0.002858776443682104
7ee45284-9b84-400b-ac46-880d821c0f81,P_01599,1,mass,BENIGN,0.62716436,0,143,47,0.0022091072319422836,0.0649617537856102,0.0352998785674572,1.8402821204795001,0.0012016296386718,0.0030245746691871457,0.006008010680907877,0.004005442315272815
659b5502-a2e1-4896-9d78-568a9c92166c,P_01623,1,mass,MALIGNANT,0.37850758,0,143,48,0.00025742766986940004,0.007144224364310503,0.10453855246305466,0.06834056443846134,0.003753662109375,0.0,0.0,0.0001758506776531471
7e71b99f-ffd3-447e-a924-b976e4b812fc,P_01623,1,mass,BENIGN,0.5627823,1,335,304,0.02760498352442549,0.6948283910751343,0.11641945689916611,5.96831792467271,0.0047340393066406,0.04602255409935995,0.02367010623891358,0.015780171153185914
ff28f26a-1fee-4408-90c0-9d5071b33de9,P_01697,1,mass,BENIGN,0.14785933,0,367,0,0.0,0.0,0.02778712287545204,0.0,0.0018348693847656,0.0,0.0,0.0
7bbc2e6c-b874-4c82-8d96-95b38b35a546,P_01697,1,mass,BENIGN,0.22753024,0,336,47,1.2728407383955704e-05,0.0002270788827445358,0.027126900851726532,0.008370982010658359,0.0015182495117187,0.0,0.0,0.0
6c046ec0-a900-4d85-a4cd-cc94584d5c96,P_01741,1,mass,MALIGNANT,0.97810006,0,208,335,0.14387440078978705,0.8504084944725037,0.02836083620786667,29.985300446945732,0.0055732727050781,0.05573145145908831,0.02786625722405539,0.01857762292893201
b2e15306-e355-4ac8-861c-64b3e8eb67bb,P_01741,1,mass,MALIGNANT,0.7478695,0,272,47,0.023373811808839472,0.3071867525577545,0.04540114849805832,6.766055376558112,0.0035247802734375,0.035246995994659545,0.01761946531406125,0.01174929745813359
f436a17f-12e1-416e-a853-f6e07acb96af,P_01778,1,mass,MALIGNANT,0.8103428,0,144,175,0.007231499315728837,0.24625827372074127,0.04881901666522026,5.044309371620082,0.0014419555664062,0.014419225634178905,0.0072097503290163845,0.004806530778327378
